-- MariaDB dump 10.17  Distrib 10.4.13-MariaDB, for debian-linux-gnu (x86_64)
--
-- Host: localhost    Database: JunkFood_2021
-- ------------------------------------------------------
-- Server version	10.4.13-MariaDB-1:10.4.13+maria~bionic-log

/*!40101 SET @OLD_CHARACTER_SET_CLIENT=@@CHARACTER_SET_CLIENT */;
/*!40101 SET @OLD_CHARACTER_SET_RESULTS=@@CHARACTER_SET_RESULTS */;
/*!40101 SET @OLD_COLLATION_CONNECTION=@@COLLATION_CONNECTION */;
/*!40101 SET NAMES utf8mb4 */;
/*!40103 SET @OLD_TIME_ZONE=@@TIME_ZONE */;
/*!40103 SET TIME_ZONE='+00:00' */;
/*!40014 SET @OLD_UNIQUE_CHECKS=@@UNIQUE_CHECKS, UNIQUE_CHECKS=0 */;
/*!40014 SET @OLD_FOREIGN_KEY_CHECKS=@@FOREIGN_KEY_CHECKS, FOREIGN_KEY_CHECKS=0 */;
/*!40101 SET @OLD_SQL_MODE=@@SQL_MODE, SQL_MODE='NO_AUTO_VALUE_ON_ZERO' */;
/*!40111 SET @OLD_SQL_NOTES=@@SQL_NOTES, SQL_NOTES=0 */;

--
-- Table structure for table `Cartes`
--

DROP TABLE IF EXISTS `Cartes`;
/*!40101 SET @saved_cs_client     = @@character_set_client */;
/*!40101 SET character_set_client = utf8 */;
CREATE TABLE `Cartes` (
  `pays_id` int(11) NOT NULL,
  `item_id` int(11) DEFAULT NULL,
  UNIQUE KEY `pays_id` (`pays_id`,`item_id`),
  KEY `Cartes_fk1` (`item_id`),
  CONSTRAINT `Cartes_fk0` FOREIGN KEY (`pays_id`) REFERENCES `Pays` (`id`) ON DELETE CASCADE,
  CONSTRAINT `Cartes_fk1` FOREIGN KEY (`item_id`) REFERENCES `Items` (`id`) ON DELETE CASCADE
) ENGINE=InnoDB DEFAULT CHARSET=latin1;
/*!40101 SET character_set_client = @saved_cs_client */;

--
-- Dumping data for table `Cartes`
--

LOCK TABLES `Cartes` WRITE;
/*!40000 ALTER TABLE `Cartes` DISABLE KEYS */;
INSERT INTO `Cartes` VALUES (1,1),(1,2),(1,3),(1,4),(1,5),(1,6),(1,7),(1,8),(1,9),(1,10),(1,11),(1,12),(1,13),(1,14),(1,15),(1,16),(1,17),(2,2),(2,3),(2,5),(2,7),(2,8),(2,9),(2,10),(2,11),(2,12),(2,13),(2,14),(2,16),(2,17),(3,1),(3,2),(3,4),(3,6),(3,7),(3,8),(3,9),(3,10),(3,11),(3,12),(3,13),(3,14),(3,15);
/*!40000 ALTER TABLE `Cartes` ENABLE KEYS */;
UNLOCK TABLES;

--
-- Table structure for table `History`
--

DROP TABLE IF EXISTS `History`;
/*!40101 SET @saved_cs_client     = @@character_set_client */;
/*!40101 SET character_set_client = utf8 */;
CREATE TABLE `History` (
  `annee` year(4) NOT NULL,
  `ind_id` int(11) NOT NULL,
  `resto_id` int(11) NOT NULL,
  `poste` enum('directeur','manager','employe') NOT NULL,
  `domaine` enum('cuisine','caisse') DEFAULT NULL,
  `superieur` int(11) DEFAULT NULL,
  `note` int(11) DEFAULT NULL,
  `salaire` decimal(10,0) NOT NULL,
  PRIMARY KEY (`ind_id`,`annee`),
  KEY `History_fk1` (`resto_id`),
  KEY `History_fk2` (`superieur`),
  CONSTRAINT `History_fk0` FOREIGN KEY (`ind_id`) REFERENCES `Personnel` (`id`) ON DELETE CASCADE,
  CONSTRAINT `History_fk1` FOREIGN KEY (`resto_id`) REFERENCES `Restaurants` (`id`) ON DELETE CASCADE,
  CONSTRAINT `History_fk2` FOREIGN KEY (`superieur`) REFERENCES `Personnel` (`id`) ON DELETE CASCADE
) ENGINE=InnoDB DEFAULT CHARSET=latin1;
/*!40101 SET character_set_client = @saved_cs_client */;

--
-- Dumping data for table `History`
--

LOCK TABLES `History` WRITE;
/*!40000 ALTER TABLE `History` DISABLE KEYS */;
INSERT INTO `History` VALUES (2018,1,3,'employe','caisse',56,4,1977),(2019,1,10,'employe','caisse',9,0,1607),(2020,1,5,'employe','caisse',58,0,2336),(2021,1,3,'manager','caisse',11,4,2631),(2018,2,6,'employe','caisse',140,0,2068),(2019,2,5,'employe','cuisine',148,7,1782),(2020,2,11,'employe','caisse',47,8,2575),(2021,2,11,'employe','caisse',147,1,1291),(2018,3,8,'employe','caisse',51,6,1628),(2021,3,12,'employe','caisse',126,6,1847),(2018,4,1,'employe','caisse',146,10,2280),(2019,4,8,'employe','cuisine',71,9,3187),(2020,4,1,'manager','cuisine',61,10,1888),(2021,4,6,'employe','cuisine',16,10,1565),(2020,5,8,'employe','caisse',49,7,2775),(2021,5,1,'employe','cuisine',22,9,1877),(2018,6,11,'employe','caisse',41,2,2674),(2019,6,8,'employe','caisse',71,5,3106),(2020,6,5,'employe','caisse',103,4,2675),(2019,7,3,'employe','caisse',114,2,2746),(2020,7,6,'employe','caisse',101,3,1862),(2021,7,1,'employe','cuisine',22,1,2395),(2019,8,9,'employe','caisse',107,2,3354),(2020,8,11,'employe','caisse',47,3,2761),(2021,8,5,'manager','cuisine',28,10,1812),(2018,9,5,'employe','cuisine',34,1,1486),(2019,9,10,'manager','cuisine',133,2,1776),(2021,9,6,'employe','caisse',103,5,1671),(2019,10,10,'employe','cuisine',9,5,2720),(2020,10,2,'employe','cuisine',74,9,3353),(2021,10,10,'employe','caisse',40,4,3055),(2018,11,8,'employe','cuisine',51,6,2230),(2019,11,3,'directeur','caisse',NULL,1,2505),(2020,11,1,'employe','caisse',4,4,2821),(2021,11,10,'directeur','cuisine',NULL,5,2889),(2018,12,2,'employe','caisse',62,7,2446),(2019,12,7,'employe','cuisine',131,1,2551),(2020,12,11,'manager','cuisine',145,2,2803),(2019,13,7,'directeur','caisse',NULL,4,3243),(2020,13,12,'employe','cuisine',83,0,2629),(2021,13,7,'employe','caisse',143,4,3117),(2018,14,2,'employe','cuisine',62,3,3052),(2019,14,12,'employe','caisse',16,3,2871),(2020,14,7,'employe','cuisine',81,4,1229),(2021,14,4,'manager','cuisine',121,3,2480),(2018,15,1,'employe','caisse',146,7,1529),(2019,15,5,'employe','cuisine',118,6,1827),(2021,15,4,'employe','cuisine',14,8,2242),(2018,16,2,'directeur','caisse',NULL,2,2296),(2019,16,12,'manager','caisse',117,3,1439),(2020,16,6,'employe','caisse',101,7,2330),(2021,16,6,'manager','caisse',66,3,1661),(2018,17,4,'employe','caisse',88,2,2184),(2020,17,8,'employe','caisse',114,6,3163),(2021,17,2,'employe','caisse',52,7,3051),(2018,18,10,'manager','cuisine',33,1,2702),(2020,18,12,'directeur','caisse',NULL,4,2884),(2021,18,2,'employe','cuisine',52,9,1435),(2018,19,2,'manager','cuisine',65,0,3256),(2019,19,9,'employe','cuisine',107,7,3214),(2020,19,1,'employe','caisse',133,7,1747),(2018,20,12,'employe','cuisine',143,0,1565),(2020,20,8,'employe','caisse',49,10,2496),(2021,20,9,'employe','caisse',76,9,2972),(2019,21,11,'employe','caisse',142,5,2911),(2020,21,5,'employe','cuisine',103,10,3205),(2021,21,12,'employe','cuisine',126,8,2445),(2018,22,3,'employe','caisse',56,5,1446),(2019,22,2,'directeur','caisse',NULL,5,1745),(2020,22,4,'employe','caisse',55,8,2928),(2021,22,1,'manager','cuisine',28,10,2103),(2018,23,9,'directeur','cuisine',NULL,6,1985),(2019,23,4,'employe','caisse',62,3,2058),(2019,24,6,'employe','cuisine',80,3,2382),(2021,24,12,'employe','cuisine',126,0,2901),(2020,25,12,'employe','caisse',83,3,1417),(2021,25,6,'employe','cuisine',16,1,1687),(2018,26,6,'employe','cuisine',140,2,1210),(2019,26,10,'employe','cuisine',9,7,1919),(2020,26,1,'employe','caisse',4,0,2069),(2021,26,5,'employe','cuisine',8,2,1232),(2018,27,5,'employe','cuisine',34,2,2932),(2019,27,5,'employe','cuisine',148,8,2045),(2020,27,7,'directeur','cuisine',NULL,6,3483),(2018,28,3,'employe','caisse',56,10,2162),(2019,28,9,'employe','cuisine',107,10,2371),(2020,28,1,'directeur','cuisine',NULL,7,2312),(2021,28,5,'directeur','cuisine',NULL,5,3437),(2018,29,6,'employe','cuisine',140,4,1793),(2021,29,5,'employe','caisse',8,7,2986),(2018,30,11,'employe','caisse',41,3,2808),(2019,30,4,'directeur','caisse',NULL,10,2429),(2021,30,3,'employe','caisse',1,7,3328),(2019,31,6,'employe','caisse',80,2,1266),(2020,31,9,'employe','cuisine',149,6,1284),(2021,31,5,'employe','caisse',8,4,2656),(2018,32,9,'employe','cuisine',119,6,2858),(2019,32,9,'employe','cuisine',107,8,1641),(2020,32,3,'directeur','cuisine',NULL,8,2312),(2018,33,3,'employe','caisse',56,6,2969),(2019,33,1,'directeur','cuisine',NULL,8,2491),(2020,33,10,'directeur','caisse',NULL,6,2159),(2018,34,5,'manager','cuisine',147,6,3329),(2020,34,12,'employe','cuisine',140,6,2460),(2021,34,7,'employe','caisse',143,7,1862),(2018,35,2,'employe','cuisine',19,6,1495),(2019,35,10,'employe','cuisine',9,4,2027),(2021,35,3,'employe','cuisine',1,7,3491),(2018,36,8,'employe','cuisine',51,8,2223),(2019,36,9,'employe','cuisine',107,3,1967),(2020,36,9,'employe','cuisine',149,0,1883),(2021,36,8,'employe','caisse',123,6,2975),(2018,37,6,'employe','caisse',140,3,1883),(2019,37,6,'employe','cuisine',80,7,2045),(2021,37,6,'employe','cuisine',16,7,2315),(2018,38,12,'employe','cuisine',143,5,2728),(2020,38,12,'employe','caisse',83,3,3397),(2021,38,1,'employe','cuisine',22,4,3230),(2018,39,9,'employe','cuisine',119,4,2143),(2019,39,2,'manager','cuisine',65,1,2664),(2020,39,9,'employe','caisse',149,5,3043),(2021,39,1,'employe','caisse',22,2,2878),(2018,40,4,'employe','cuisine',88,2,3164),(2020,40,7,'employe','cuisine',81,1,1996),(2021,40,10,'manager','cuisine',11,1,1488),(2018,41,11,'manager','caisse',145,9,1959),(2019,41,1,'employe','cuisine',52,9,1281),(2021,41,2,'employe','caisse',52,4,1490),(2018,42,7,'manager','caisse',27,4,2326),(2020,42,8,'employe','caisse',114,7,1673),(2021,42,6,'directeur','cuisine',NULL,4,2572),(2019,43,9,'employe','caisse',107,0,3022),(2020,43,11,'employe','caisse',47,6,2457),(2018,44,5,'employe','cuisine',34,1,1255),(2019,44,1,'employe','cuisine',52,2,3142),(2020,44,9,'employe','cuisine',149,9,1528),(2018,45,9,'employe','cuisine',119,10,1911),(2019,45,2,'employe','caisse',134,7,1837),(2018,46,2,'employe','cuisine',19,8,2687),(2019,46,2,'employe','cuisine',134,8,1711),(2020,46,1,'employe','cuisine',4,7,1777),(2018,47,1,'directeur','cuisine',NULL,6,3191),(2019,47,5,'employe','cuisine',148,0,2317),(2020,47,11,'manager','caisse',92,10,1229),(2018,48,6,'directeur','caisse',NULL,8,3091),(2019,48,8,'employe','cuisine',71,6,2630),(2021,48,5,'employe','cuisine',8,10,3045),(2019,49,5,'employe','cuisine',118,10,2347),(2020,49,8,'manager','cuisine',102,10,1218),(2018,50,6,'employe','cuisine',140,3,1810),(2020,50,12,'employe','cuisine',140,2,3155),(2021,50,8,'employe','caisse',123,10,3402),(2018,51,8,'manager','caisse',120,2,3421),(2019,51,11,'employe','cuisine',142,4,1387),(2020,51,11,'employe','caisse',47,6,2863),(2021,51,9,'employe','caisse',144,2,2008),(2018,52,8,'employe','caisse',51,7,1609),(2019,52,1,'manager','caisse',61,9,2433),(2021,52,2,'manager','caisse',146,0,1580),(2018,53,5,'employe','cuisine',66,9,3054),(2019,53,5,'employe','cuisine',118,4,3497),(2020,53,9,'employe','cuisine',149,9,2190),(2018,54,12,'employe','caisse',143,2,2695),(2021,54,4,'employe','caisse',14,6,2609),(2018,55,4,'employe','caisse',88,7,1620),(2020,55,4,'manager','cuisine',30,4,1778),(2021,55,6,'employe','caisse',16,10,1786),(2018,56,3,'manager','caisse',11,9,3289),(2019,56,6,'employe','cuisine',80,6,1844),(2020,56,10,'employe','cuisine',57,2,2253),(2021,56,2,'employe','caisse',52,1,2459),(2018,57,7,'employe','caisse',42,5,2849),(2019,57,11,'employe','caisse',142,2,2333),(2020,57,10,'manager','caisse',76,3,2736),(2019,58,5,'employe','caisse',118,2,1861),(2020,58,5,'manager','caisse',28,10,1312),(2021,58,7,'employe','cuisine',143,8,2239),(2018,59,12,'employe','cuisine',143,9,2014),(2019,59,8,'employe','caisse',71,9,2859),(2020,59,1,'employe','cuisine',133,9,2986),(2021,59,9,'employe','caisse',76,4,2947),(2018,60,7,'directeur','caisse',NULL,0,2514),(2019,60,1,'employe','caisse',52,5,3489),(2020,60,3,'employe','caisse',142,7,2043),(2021,60,4,'directeur','caisse',NULL,1,1631),(2019,61,7,'employe','cuisine',131,8,2419),(2020,61,8,'employe','cuisine',49,2,1550),(2021,61,1,'directeur','caisse',NULL,2,2379),(2018,62,2,'manager','cuisine',22,10,3102),(2019,62,4,'manager','cuisine',30,3,1254),(2020,62,9,'directeur','cuisine',NULL,10,2398),(2021,62,7,'employe','caisse',143,10,2652),(2018,63,1,'employe','caisse',146,5,2296),(2019,63,8,'employe','caisse',71,8,3174),(2020,63,9,'employe','cuisine',149,7,1889),(2021,63,9,'employe','cuisine',144,3,2102),(2018,64,10,'employe','cuisine',18,6,1380),(2019,64,2,'employe','cuisine',39,3,2177),(2021,64,3,'employe','caisse',1,8,1677),(2018,65,2,'employe','caisse',62,1,3085),(2019,65,6,'employe','caisse',80,5,2575),(2020,65,1,'employe','caisse',133,7,2549),(2021,65,2,'directeur','cuisine',NULL,9,3199),(2018,66,5,'manager','caisse',123,1,1699),(2019,66,6,'directeur','cuisine',NULL,7,3469),(2020,66,1,'employe','caisse',4,2,2599),(2021,66,3,'employe','cuisine',1,6,2198),(2019,67,12,'employe','cuisine',16,4,3007),(2021,67,1,'employe','caisse',22,4,2923),(2018,68,2,'employe','caisse',19,3,3143),(2020,68,8,'employe','cuisine',114,3,3226),(2021,68,8,'employe','caisse',123,6,1382),(2018,69,4,'employe','cuisine',88,10,1541),(2019,69,7,'employe','caisse',131,3,1415),(2020,69,6,'employe','cuisine',101,3,1521),(2021,69,1,'employe','caisse',22,2,1209),(2018,70,2,'employe','cuisine',62,5,2856),(2019,70,12,'employe','caisse',16,5,1768),(2020,70,11,'employe','caisse',12,2,2668),(2021,70,2,'employe','cuisine',52,5,1204),(2018,71,4,'employe','caisse',88,0,2013),(2019,71,8,'manager','caisse',126,6,2095),(2020,71,4,'directeur','caisse',NULL,1,2490),(2021,71,9,'directeur','caisse',NULL,5,2640),(2018,72,1,'employe','caisse',146,5,2282),(2019,72,7,'employe','caisse',131,4,1259),(2020,72,12,'employe','caisse',140,1,1947),(2021,72,6,'employe','cuisine',103,1,3450),(2020,73,4,'employe','caisse',55,1,2156),(2021,73,4,'employe','caisse',14,6,2092),(2018,74,5,'employe','caisse',34,2,1228),(2019,74,12,'employe','cuisine',16,8,1776),(2020,74,2,'manager','caisse',16,6,2677),(2021,74,3,'directeur','cuisine',NULL,10,2669),(2019,75,7,'employe','caisse',131,0,3382),(2020,75,10,'employe','caisse',57,4,2382),(2018,76,10,'directeur','cuisine',NULL,2,3339),(2019,76,6,'employe','cuisine',80,10,3446),(2021,76,9,'manager','cuisine',62,5,3161),(2019,77,2,'employe','caisse',39,1,2089),(2020,77,6,'employe','caisse',101,0,3345),(2021,77,6,'employe','caisse',16,8,2252),(2018,78,3,'employe','caisse',56,5,3460),(2019,78,3,'employe','caisse',114,5,1346),(2020,78,8,'employe','caisse',114,3,1381),(2018,79,9,'employe','caisse',119,8,3435),(2019,79,2,'employe','caisse',39,2,1242),(2020,79,12,'employe','caisse',140,4,1353),(2018,80,9,'employe','caisse',119,3,2293),(2019,80,6,'manager','cuisine',66,6,2147),(2021,80,8,'employe','cuisine',123,0,2042),(2018,81,4,'employe','caisse',88,0,2285),(2020,81,7,'manager','cuisine',27,5,1279),(2021,81,9,'employe','caisse',144,3,2362),(2018,82,8,'employe','caisse',51,0,2919),(2019,82,7,'employe','cuisine',131,5,1252),(2020,82,11,'employe','caisse',47,1,1833),(2021,82,2,'employe','cuisine',52,4,2665),(2018,83,12,'employe','cuisine',143,3,1799),(2019,83,12,'directeur','caisse',NULL,0,2519),(2020,83,12,'manager','cuisine',18,0,2313),(2019,84,12,'employe','caisse',16,8,2071),(2018,85,10,'employe','caisse',18,3,1948),(2019,85,9,'employe','cuisine',107,8,1931),(2020,85,12,'employe','cuisine',140,1,1269),(2021,85,7,'employe','cuisine',143,0,2770),(2018,86,4,'employe','caisse',88,8,3388),(2019,86,7,'employe','cuisine',131,3,2312),(2021,86,6,'employe','caisse',16,8,3056),(2018,87,9,'employe','caisse',119,9,1542),(2019,87,6,'employe','caisse',80,6,2272),(2021,87,4,'employe','caisse',14,0,1894),(2018,88,4,'manager','cuisine',30,9,3345),(2019,88,9,'employe','caisse',107,6,2674),(2020,88,5,'employe','caisse',58,8,2923),(2021,88,5,'employe','cuisine',8,4,1410),(2018,89,8,'employe','caisse',51,7,2969),(2019,89,8,'employe','cuisine',71,9,1363),(2020,89,3,'employe','caisse',142,10,3054),(2021,89,1,'employe','cuisine',22,1,2290),(2018,90,10,'employe','caisse',18,5,3359),(2019,90,8,'employe','cuisine',71,0,2964),(2020,90,12,'employe','cuisine',140,5,2362),(2021,90,8,'employe','cuisine',123,9,3100),(2019,91,5,'employe','caisse',118,9,2572),(2021,91,2,'employe','caisse',52,5,1942),(2018,92,11,'directeur','caisse',NULL,10,2503),(2019,92,8,'directeur','caisse',NULL,9,2900),(2020,92,8,'employe','cuisine',49,4,1752),(2021,92,11,'directeur','cuisine',NULL,0,3152),(2018,93,8,'employe','cuisine',51,0,1944),(2019,93,1,'employe','caisse',52,9,2599),(2020,93,9,'employe','caisse',149,6,2097),(2021,93,3,'employe','cuisine',1,10,3011),(2019,94,4,'employe','caisse',62,10,2222),(2020,94,2,'employe','cuisine',74,1,2862),(2021,94,2,'employe','cuisine',52,10,2810),(2019,95,3,'employe','cuisine',114,1,1859),(2020,95,6,'employe','cuisine',101,3,2223),(2021,95,5,'employe','cuisine',8,10,1739),(2018,96,6,'employe','caisse',140,1,2632),(2020,96,9,'employe','caisse',149,8,1275),(2021,96,9,'employe','caisse',76,8,1216),(2018,97,6,'employe','caisse',140,10,2358),(2019,97,6,'employe','caisse',80,10,2387),(2021,97,11,'employe','caisse',147,3,2155),(2018,98,8,'employe','cuisine',51,9,2156),(2019,98,10,'employe','caisse',9,10,1982),(2020,98,8,'employe','cuisine',114,7,3296),(2018,99,2,'employe','cuisine',19,0,2335),(2019,99,10,'employe','cuisine',9,5,3333),(2020,99,10,'employe','cuisine',57,5,2699),(2021,99,9,'employe','cuisine',144,10,1421),(2018,100,1,'employe','caisse',146,3,2890),(2019,100,11,'employe','cuisine',142,3,3386),(2020,100,8,'employe','cuisine',114,1,1342),(2021,100,5,'employe','caisse',8,3,3040),(2018,101,5,'employe','caisse',66,4,1257),(2019,101,5,'employe','cuisine',148,2,2353),(2020,101,6,'manager','caisse',66,0,3262),(2021,101,8,'employe','caisse',123,4,2620),(2018,102,9,'employe','cuisine',119,6,3352),(2019,102,1,'employe','cuisine',52,6,2269),(2020,102,8,'directeur','cuisine',NULL,2,3331),(2021,102,7,'employe','cuisine',143,2,1948),(2018,103,3,'directeur','caisse',NULL,3,2440),(2019,103,5,'employe','cuisine',118,2,2874),(2020,103,5,'manager','cuisine',123,0,1934),(2021,103,6,'manager','cuisine',66,5,3273),(2018,104,2,'employe','caisse',19,7,3258),(2020,104,3,'employe','cuisine',142,5,3364),(2018,105,11,'employe','caisse',41,4,2201),(2019,105,11,'employe','cuisine',142,2,2419),(2020,105,5,'employe','caisse',58,2,1964),(2021,105,5,'employe','caisse',8,10,3346),(2018,106,7,'employe','caisse',42,3,1692),(2019,106,7,'employe','cuisine',131,7,2238),(2020,106,1,'employe','cuisine',133,4,2898),(2021,106,11,'employe','cuisine',147,2,3396),(2018,107,5,'employe','caisse',34,5,1932),(2019,107,9,'manager','caisse',23,9,1607),(2021,107,6,'employe','caisse',16,0,2485),(2019,108,9,'employe','cuisine',107,9,2917),(2020,108,1,'employe','caisse',4,9,3219),(2021,108,10,'employe','cuisine',40,6,2839),(2018,109,7,'employe','caisse',42,8,2015),(2019,109,6,'employe','cuisine',80,5,2240),(2020,109,1,'employe','caisse',133,2,1337),(2018,110,6,'employe','caisse',140,8,2854),(2019,110,11,'employe','caisse',142,5,1385),(2021,110,5,'employe','cuisine',8,2,1455),(2019,111,2,'employe','caisse',39,5,3092),(2020,111,1,'employe','caisse',4,9,1727),(2021,111,4,'employe','cuisine',14,9,3326),(2018,112,11,'employe','caisse',41,7,2951),(2019,112,6,'employe','caisse',80,2,2170),(2020,112,5,'employe','cuisine',103,3,3004),(2021,112,6,'employe','caisse',16,6,3408),(2018,113,12,'employe','caisse',143,10,1366),(2019,113,10,'employe','cuisine',9,0,2552),(2020,113,10,'employe','caisse',57,6,1626),(2018,114,12,'employe','caisse',143,0,2555),(2019,114,3,'manager','cuisine',74,4,2257),(2020,114,8,'manager','caisse',126,0,1685),(2021,114,2,'employe','caisse',52,7,1202),(2021,115,9,'employe','caisse',144,0,3433),(2018,116,12,'directeur','caisse',NULL,1,2234),(2020,116,11,'employe','caisse',47,9,3426),(2018,117,11,'employe','caisse',41,6,2545),(2020,117,5,'employe','cuisine',103,5,2611),(2021,117,12,'directeur','caisse',NULL,3,3378),(2018,118,12,'employe','caisse',143,2,2964),(2019,118,5,'manager','cuisine',28,7,1943),(2020,118,9,'employe','cuisine',149,9,2061),(2018,119,9,'manager','cuisine',71,7,2083),(2019,119,11,'directeur','caisse',NULL,10,1351),(2020,119,6,'directeur','cuisine',NULL,7,2527),(2018,120,4,'employe','cuisine',88,6,3089),(2019,120,10,'employe','cuisine',9,8,2368),(2020,120,8,'employe','cuisine',114,5,2735),(2021,120,8,'directeur','cuisine',NULL,3,2024),(2018,121,4,'directeur','caisse',NULL,7,3402),(2019,121,9,'directeur','cuisine',NULL,9,2536),(2020,121,11,'employe','cuisine',47,7,1422),(2021,121,7,'employe','cuisine',143,5,3039),(2018,122,8,'employe','cuisine',51,7,2882),(2019,122,2,'employe','cuisine',134,10,1233),(2020,122,7,'employe','cuisine',81,2,3167),(2021,122,11,'employe','caisse',147,1,2578),(2018,123,5,'directeur','cuisine',NULL,5,3473),(2019,123,3,'employe','caisse',114,8,1480),(2020,123,1,'employe','cuisine',4,2,2320),(2021,123,8,'manager','cuisine',120,9,3214),(2018,124,9,'employe','caisse',119,5,1675),(2018,125,7,'employe','cuisine',42,7,3395),(2019,125,4,'employe','caisse',62,9,2957),(2020,125,11,'employe','cuisine',47,0,1896),(2021,125,6,'employe','cuisine',103,8,3334),(2018,126,8,'directeur','cuisine',NULL,6,2973),(2019,126,1,'employe','cuisine',52,2,3396),(2021,126,12,'manager','caisse',116,7,2863),(2019,127,8,'employe','cuisine',71,9,3209),(2020,127,7,'employe','caisse',81,3,2302),(2021,127,7,'directeur','caisse',NULL,7,1875),(2018,128,6,'employe','caisse',140,7,1458),(2019,128,2,'employe','caisse',39,0,1976),(2020,128,12,'employe','caisse',140,7,1313),(2021,128,8,'employe','cuisine',123,8,1569),(2020,129,11,'employe','caisse',12,1,3281),(2021,129,9,'employe','cuisine',76,5,2670),(2018,130,5,'employe','caisse',66,5,3137),(2019,130,2,'employe','caisse',134,0,3331),(2020,130,8,'employe','cuisine',114,1,3112),(2021,130,2,'employe','caisse',52,2,3014),(2018,131,7,'employe','caisse',42,1,1959),(2019,131,7,'manager','cuisine',60,8,3463),(2020,131,5,'employe','cuisine',103,5,2597),(2021,131,3,'employe','cuisine',1,3,2375),(2018,132,2,'employe','cuisine',62,3,2867),(2019,132,9,'employe','cuisine',107,1,2706),(2020,132,5,'employe','caisse',58,9,1563),(2018,133,11,'employe','caisse',41,8,2205),(2019,133,10,'directeur','cuisine',NULL,9,1418),(2020,133,1,'manager','cuisine',33,0,1408),(2021,133,1,'employe','caisse',22,4,2074),(2018,134,9,'employe','caisse',119,6,2780),(2019,134,2,'manager','caisse',16,8,3141),(2020,134,4,'employe','caisse',55,2,1557),(2021,134,8,'employe','cuisine',123,3,1872),(2018,135,5,'employe','caisse',66,8,1652),(2020,135,1,'employe','caisse',4,3,1473),(2021,135,11,'employe','caisse',147,1,2688),(2018,136,4,'employe','caisse',88,9,1977),(2019,136,7,'employe','cuisine',131,9,2907),(2021,136,10,'employe','cuisine',40,1,1791),(2018,137,10,'employe','cuisine',18,10,2429),(2019,137,5,'employe','caisse',118,9,2254),(2020,137,4,'employe','caisse',55,5,1314),(2021,137,8,'employe','caisse',123,7,1306),(2018,138,5,'employe','caisse',66,10,1887),(2020,138,5,'employe','caisse',103,6,2412),(2021,138,4,'employe','caisse',14,9,1533),(2018,139,10,'employe','caisse',18,1,2984),(2019,139,8,'employe','cuisine',71,0,2332),(2020,139,11,'employe','cuisine',47,4,1630),(2021,139,8,'employe','cuisine',123,10,1574),(2018,140,6,'manager','cuisine',66,7,2349),(2019,140,10,'employe','caisse',9,0,2934),(2020,140,12,'manager','caisse',117,10,3044),(2021,140,6,'employe','caisse',16,8,2418),(2018,141,10,'employe','cuisine',18,2,3446),(2019,141,5,'directeur','caisse',NULL,7,1322),(2020,141,5,'employe','cuisine',58,7,3160),(2021,141,12,'employe','caisse',126,7,2965),(2018,142,12,'employe','caisse',143,0,3347),(2019,142,11,'manager','cuisine',92,7,1363),(2020,142,3,'manager','cuisine',74,2,2974),(2021,142,6,'employe','caisse',103,8,2576),(2018,143,12,'manager','caisse',116,4,3448),(2021,143,7,'manager','caisse',27,5,2853),(2019,144,2,'employe','caisse',39,6,1451),(2020,144,6,'employe','caisse',101,7,3189),(2021,144,9,'manager','cuisine',62,6,1734),(2018,145,3,'employe','cuisine',56,3,1980),(2020,145,11,'directeur','caisse',NULL,2,2561),(2021,145,1,'employe','cuisine',22,6,2169),(2018,146,1,'manager','cuisine',28,4,2649),(2020,146,2,'directeur','cuisine',NULL,2,3207),(2021,146,9,'employe','cuisine',144,3,2125),(2019,147,1,'employe','cuisine',52,7,2549),(2020,147,5,'directeur','caisse',NULL,0,1212),(2021,147,11,'manager','cuisine',92,7,1581),(2019,148,5,'manager','cuisine',141,8,2002),(2020,148,2,'employe','caisse',74,8,3087),(2021,148,11,'employe','cuisine',147,7,2327),(2020,149,9,'manager','cuisine',62,2,2237),(2021,149,11,'employe','caisse',147,7,2221),(2018,150,3,'employe','caisse',56,8,2762),(2019,150,1,'employe','cuisine',52,5,3284),(2020,150,11,'employe','caisse',12,6,3354);
/*!40000 ALTER TABLE `History` ENABLE KEYS */;
UNLOCK TABLES;

--
-- Table structure for table `Ingredients`
--

DROP TABLE IF EXISTS `Ingredients`;
/*!40101 SET @saved_cs_client     = @@character_set_client */;
/*!40101 SET character_set_client = utf8 */;
CREATE TABLE `Ingredients` (
  `id` int(11) NOT NULL AUTO_INCREMENT,
  `nom` varchar(255) NOT NULL,
  `prix` double NOT NULL,
  PRIMARY KEY (`id`)
) ENGINE=InnoDB AUTO_INCREMENT=19 DEFAULT CHARSET=latin1;
/*!40101 SET character_set_client = @saved_cs_client */;

--
-- Dumping data for table `Ingredients`
--

LOCK TABLES `Ingredients` WRITE;
/*!40000 ALTER TABLE `Ingredients` DISABLE KEYS */;
INSERT INTO `Ingredients` VALUES (1,'pain',0.5),(2,'steak',1.1),(3,'salade',0.8),(4,'tomate',0.3),(5,'cornichons',0.2),(6,'fromage',0.4),(7,'poulet',1),(8,'panure',0.3),(9,'sauce',0.1),(10,'patates',0.1),(11,'huile',3),(12,'vinaigrette',1.5),(13,'croutons',0.1),(14,'glace',0.9),(15,'caramel',0.5),(16,'coulis',0.6),(17,'coca',0.4),(18,'icetea',0.5);
/*!40000 ALTER TABLE `Ingredients` ENABLE KEYS */;
UNLOCK TABLES;

--
-- Table structure for table `Items`
--

DROP TABLE IF EXISTS `Items`;
/*!40101 SET @saved_cs_client     = @@character_set_client */;
/*!40101 SET character_set_client = utf8 */;
CREATE TABLE `Items` (
  `id` int(11) NOT NULL AUTO_INCREMENT,
  `nom` varchar(255) NOT NULL,
  `type_item` enum('plat','boisson','dessert','menu') NOT NULL,
  `taille_boisson` enum('S','M','L') DEFAULT NULL,
  `prix` double NOT NULL,
  PRIMARY KEY (`id`)
) ENGINE=InnoDB AUTO_INCREMENT=18 DEFAULT CHARSET=latin1;
/*!40101 SET character_set_client = @saved_cs_client */;

--
-- Dumping data for table `Items`
--

LOCK TABLES `Items` WRITE;
/*!40000 ALTER TABLE `Items` DISABLE KEYS */;
INSERT INTO `Items` VALUES (1,'Cheeseburger','plat',NULL,5),(2,'Double cheese','plat',NULL,6.5),(3,'Nuggets','plat',NULL,5.5),(4,'Frites','plat',NULL,3),(5,'Salade Ceasar','plat',NULL,7),(6,'Sunday Caramel','dessert',NULL,4),(7,'Sunday Fraise','dessert',NULL,4),(8,'Coca','boisson','S',1.5),(9,'Coca','boisson','M',2.5),(10,'Coca','boisson','L',3),(11,'Icetea','boisson','S',1.5),(12,'Icetea','boisson','M',2.5),(13,'Icetea','boisson','L',3),(14,'Menu Double','menu',NULL,8.5),(15,'Menu Nuggets','menu',NULL,7.5),(16,'Menu Frites','menu',NULL,5),(17,'Menu Salade','menu',NULL,9);
/*!40000 ALTER TABLE `Items` ENABLE KEYS */;
UNLOCK TABLES;

--
-- Table structure for table `Menus`
--

DROP TABLE IF EXISTS `Menus`;
/*!40101 SET @saved_cs_client     = @@character_set_client */;
/*!40101 SET character_set_client = utf8 */;
CREATE TABLE `Menus` (
  `id` int(11) NOT NULL,
  `plat` int(11) NOT NULL,
  `dessert` int(11) NOT NULL,
  `boisson` int(11) NOT NULL,
  PRIMARY KEY (`id`),
  KEY `Menus_fk0` (`plat`),
  KEY `Menus_fk1` (`dessert`),
  KEY `Menus_fk2` (`boisson`),
  CONSTRAINT `Menus_fk0` FOREIGN KEY (`plat`) REFERENCES `Items` (`id`) ON DELETE CASCADE,
  CONSTRAINT `Menus_fk1` FOREIGN KEY (`dessert`) REFERENCES `Items` (`id`) ON DELETE CASCADE,
  CONSTRAINT `Menus_fk2` FOREIGN KEY (`boisson`) REFERENCES `Items` (`id`) ON DELETE CASCADE
) ENGINE=InnoDB DEFAULT CHARSET=latin1;
/*!40101 SET character_set_client = @saved_cs_client */;

--
-- Dumping data for table `Menus`
--

LOCK TABLES `Menus` WRITE;
/*!40000 ALTER TABLE `Menus` DISABLE KEYS */;
INSERT INTO `Menus` VALUES (14,2,10,6),(15,3,13,6),(16,4,8,7),(17,5,12,7);
/*!40000 ALTER TABLE `Menus` ENABLE KEYS */;
UNLOCK TABLES;

--
-- Table structure for table `Orders`
--

DROP TABLE IF EXISTS `Orders`;
/*!40101 SET @saved_cs_client     = @@character_set_client */;
/*!40101 SET character_set_client = utf8 */;
CREATE TABLE `Orders` (
  `id` int(11) NOT NULL AUTO_INCREMENT,
  `vendeur_id` int(11) NOT NULL,
  `resto_id` int(11) NOT NULL,
  `date_heure` datetime DEFAULT NULL,
  `paiement` char(6) NOT NULL,
  `somme` double NOT NULL,
  PRIMARY KEY (`id`),
  KEY `Orders_fk1` (`resto_id`),
  CONSTRAINT `Orders_fk1` FOREIGN KEY (`resto_id`) REFERENCES `Restaurants` (`id`) ON DELETE CASCADE
) ENGINE=InnoDB AUTO_INCREMENT=1001 DEFAULT CHARSET=latin1;
/*!40101 SET character_set_client = @saved_cs_client */;

--
-- Dumping data for table `Orders`
--

LOCK TABLES `Orders` WRITE;
/*!40000 ALTER TABLE `Orders` DISABLE KEYS */;
INSERT INTO `Orders` VALUES (1,137,3,'2019-02-03 07:51:00','CB',32.5),(2,34,8,'2019-02-05 06:51:00','CB',6),(3,67,6,'2019-06-01 14:46:00','Espece',16.5),(4,31,3,'2019-12-03 04:55:00','Espece',75.5),(5,16,3,'2019-10-04 03:06:00','CB',28.5),(6,62,8,'2019-05-07 15:18:00','CB',22.5),(7,64,7,'2019-06-06 10:06:00','Espece',43.5),(8,31,10,'2019-08-05 22:58:00','CB',1.5),(9,39,8,'2019-01-01 14:25:00','CB',73),(10,140,4,'2019-05-11 17:51:00','CB',11),(11,117,8,'2019-03-07 17:34:00','Espece',42),(12,16,10,'2019-01-09 17:55:00','Espece',9),(13,138,3,'2019-04-05 05:42:00','Espece',29.5),(14,71,10,'2019-02-08 16:47:00','Espece',18.5),(15,138,5,'2019-09-03 20:17:00','Espece',40.5),(16,73,1,'2019-03-06 11:16:00','CB',23.5),(17,73,7,'2019-05-01 05:01:00','Espece',30),(18,137,10,'2019-12-07 16:51:00','Espece',16),(19,73,3,'2019-04-05 22:10:00','CB',51.5),(20,0,9,'2019-11-12 11:33:00','CB',15.5),(21,87,8,'2019-06-10 23:48:00','CB',4.5),(22,0,2,'2019-11-11 02:58:00','CB',51),(23,71,2,'2019-09-02 11:15:00','CB',26.5),(24,36,12,'2019-03-03 18:29:00','Espece',53.5),(25,96,5,'2019-05-03 10:01:00','CB',25.5),(26,143,2,'2019-03-10 15:00:00','Espece',42),(27,91,1,'2019-11-10 20:54:00','Espece',45.5),(28,127,7,'2019-07-06 13:48:00','Espece',2.5),(29,61,10,'2019-10-11 18:41:00','CB',24.5),(30,51,3,'2019-11-11 05:32:00','Espece',37.5),(31,41,2,'2019-05-07 14:40:00','CB',9),(32,17,12,'2019-02-01 00:30:00','CB',21.5),(33,140,4,'2019-05-11 06:45:00','Espece',19),(34,96,2,'2019-07-03 02:41:00','Espece',37.5),(35,3,11,'2019-04-11 22:42:00','CB',15.5),(36,2,6,'2019-07-08 14:12:00','CB',38),(37,56,11,'2019-07-12 16:22:00','CB',28.5),(38,0,5,'2019-05-05 17:52:00','CB',31.5),(39,0,2,'2019-01-04 04:56:00','CB',48),(40,101,1,'2019-04-03 09:42:00','Espece',17),(41,130,7,'2019-01-11 02:01:00','CB',65),(42,0,5,'2019-10-07 06:17:00','CB',13),(43,0,9,'2019-02-10 11:55:00','CB',30),(44,114,9,'2019-06-09 09:07:00','CB',62),(45,122,10,'2019-11-05 12:30:00','CB',52.5),(46,100,12,'2019-04-01 14:08:00','CB',16.5),(47,138,7,'2019-11-10 08:43:00','Espece',63.5),(48,0,9,'2019-09-05 06:25:00','CB',8.5),(49,62,5,'2019-06-03 16:53:00','CB',22),(50,69,10,'2019-10-04 14:55:00','Espece',61.5),(51,55,6,'2019-12-02 20:14:00','Espece',15),(52,117,9,'2019-02-02 17:36:00','CB',25.5),(53,0,5,'2019-08-06 14:51:00','CB',76.5),(54,100,4,'2019-09-03 12:58:00','CB',15),(55,67,10,'2019-12-04 19:36:00','Espece',46),(56,0,9,'2019-10-04 07:57:00','CB',36),(57,54,3,'2019-02-02 00:13:00','Espece',51),(58,0,4,'2019-01-03 19:39:00','CB',30.5),(59,97,12,'2019-09-04 01:04:00','CB',29),(60,54,8,'2019-07-07 17:57:00','CB',81.5),(61,96,3,'2019-07-06 21:49:00','Espece',7.5),(62,2,12,'2019-12-12 12:20:00','Espece',49),(63,138,10,'2019-07-06 00:04:00','Espece',28),(64,87,12,'2019-05-02 05:45:00','CB',25.5),(65,30,4,'2019-03-12 10:07:00','CB',3),(66,126,3,'2019-09-09 03:22:00','CB',51.5),(67,0,5,'2019-10-11 17:52:00','CB',27.5),(68,117,8,'2019-04-02 03:49:00','CB',48),(69,71,6,'2019-11-10 20:13:00','CB',10),(70,62,10,'2019-11-06 15:57:00','CB',3),(71,0,9,'2019-04-10 00:12:00','CB',41),(72,67,12,'2019-08-03 12:08:00','CB',28),(73,0,9,'2019-04-03 13:08:00','CB',22.5),(74,77,10,'2019-12-02 12:16:00','Espece',43.5),(75,138,8,'2019-02-04 15:44:00','CB',17.5),(76,30,3,'2019-08-01 16:36:00','CB',13),(77,73,10,'2019-07-04 09:03:00','CB',59),(78,67,2,'2019-11-02 21:30:00','Espece',66.5),(79,81,10,'2019-09-02 10:47:00','CB',31),(80,127,8,'2019-09-12 15:16:00','CB',33),(81,137,10,'2019-08-05 08:21:00','CB',52.5),(82,100,10,'2019-06-09 09:31:00','Espece',2.5),(83,60,6,'2019-09-11 07:58:00','CB',59.5),(84,20,8,'2019-10-09 16:16:00','Espece',22.5),(85,17,7,'2019-10-02 14:38:00','CB',53),(86,1,10,'2019-09-08 14:49:00','CB',27),(87,0,9,'2019-05-11 08:46:00','CB',28.5),(88,61,6,'2019-02-08 18:11:00','CB',45),(89,2,10,'2019-10-09 16:05:00','CB',3),(90,31,3,'2019-06-04 15:58:00','Espece',57.5),(91,62,1,'2019-07-01 23:23:00','CB',25),(92,0,9,'2019-06-07 15:36:00','CB',24.5),(93,0,2,'2019-03-02 18:09:00','CB',63.5),(94,91,11,'2019-08-12 16:24:00','CB',38),(95,112,5,'2019-10-12 12:36:00','CB',45),(96,2,1,'2019-07-08 14:52:00','CB',18),(97,0,4,'2019-11-08 23:13:00','CB',64),(98,0,2,'2019-11-04 18:59:00','CB',14),(99,112,8,'2019-10-05 17:20:00','Espece',13),(100,105,9,'2019-08-04 13:05:00','CB',50.5),(101,13,2,'2019-09-08 10:22:00','Espece',39),(102,13,12,'2019-11-12 16:52:00','CB',17),(103,60,8,'2019-03-02 17:01:00','CB',46.5),(104,81,10,'2019-10-02 14:19:00','Espece',43),(105,77,8,'2019-04-11 02:34:00','CB',15.5),(106,56,7,'2019-10-11 12:30:00','CB',11),(107,140,11,'2019-04-06 18:42:00','Espece',5),(108,0,9,'2019-11-05 01:39:00','CB',7),(109,0,5,'2019-09-08 05:39:00','CB',24),(110,31,5,'2019-06-04 08:35:00','CB',42.5),(111,142,7,'2019-10-05 14:16:00','CB',19.5),(112,130,6,'2019-06-09 23:47:00','CB',39),(113,0,4,'2019-12-07 06:43:00','CB',12),(114,16,4,'2019-02-01 05:08:00','CB',6),(115,0,9,'2019-03-03 10:43:00','CB',3),(116,0,4,'2019-10-09 07:16:00','CB',34),(117,0,9,'2019-03-12 19:41:00','CB',41),(118,122,7,'2019-07-09 01:37:00','CB',46.5),(119,64,1,'2019-12-10 05:40:00','Espece',35.5),(120,141,5,'2019-10-07 13:37:00','Espece',94.5),(121,17,9,'2019-02-06 19:22:00','CB',57.5),(122,97,6,'2019-02-03 21:11:00','CB',8),(123,100,8,'2019-02-05 04:19:00','Espece',52.5),(124,100,9,'2019-10-11 22:30:00','Espece',26.5),(125,138,1,'2019-10-12 10:49:00','Espece',28.5),(126,13,2,'2019-08-07 12:47:00','Espece',17.5),(127,143,7,'2019-01-07 00:42:00','CB',60),(128,60,6,'2019-08-07 22:10:00','CB',46.5),(129,54,11,'2019-11-11 03:26:00','CB',63.5),(130,60,9,'2019-12-11 23:46:00','Espece',36.5),(131,16,9,'2019-11-03 19:01:00','Espece',47),(132,56,7,'2019-09-01 07:50:00','Espece',26),(133,9,2,'2019-08-11 07:09:00','Espece',50.5),(134,0,4,'2019-04-07 14:47:00','CB',43.5),(135,50,10,'2019-01-01 19:06:00','Espece',8),(136,115,2,'2019-05-04 09:47:00','CB',8),(137,20,1,'2019-03-07 18:52:00','Espece',28.5),(138,112,6,'2019-08-06 15:20:00','Espece',1.5),(139,135,9,'2019-09-11 10:29:00','Espece',70.5),(140,41,10,'2019-01-10 13:11:00','Espece',2.5),(141,0,9,'2019-09-02 19:56:00','CB',9),(142,0,4,'2019-12-11 06:16:00','CB',37.5),(143,141,11,'2019-11-04 16:29:00','CB',33.5),(144,105,1,'2019-11-02 09:50:00','CB',57),(145,3,7,'2019-03-07 03:49:00','CB',57),(146,0,5,'2019-09-10 07:12:00','CB',46),(147,87,2,'2019-05-05 22:04:00','CB',13),(148,31,12,'2019-10-04 18:57:00','CB',18),(149,87,8,'2019-03-05 02:05:00','CB',60.5),(150,0,5,'2019-12-12 15:38:00','CB',67),(151,126,4,'2019-05-04 09:08:00','Espece',56),(152,0,5,'2019-04-09 02:23:00','CB',64),(153,59,6,'2019-03-10 01:10:00','Espece',12.5),(154,142,2,'2019-01-04 00:03:00','Espece',7.5),(155,117,6,'2019-06-07 00:50:00','Espece',53.5),(156,0,9,'2019-08-04 07:07:00','CB',53.5),(157,0,9,'2019-05-03 07:41:00','CB',8),(158,0,9,'2019-05-11 14:51:00','CB',32),(159,112,1,'2019-01-11 13:51:00','Espece',11.5),(160,140,7,'2019-11-04 07:18:00','Espece',28),(161,10,4,'2019-02-07 07:22:00','Espece',15),(162,138,8,'2019-05-04 13:20:00','Espece',21.5),(163,0,9,'2019-06-03 20:02:00','CB',50.5),(164,127,4,'2019-01-11 15:43:00','CB',73),(165,67,3,'2019-09-08 20:54:00','Espece',43),(166,0,4,'2019-03-09 00:55:00','CB',76.5),(167,0,5,'2019-08-03 23:18:00','CB',78.5),(168,0,5,'2019-05-11 23:47:00','CB',12),(169,81,12,'2019-03-08 21:37:00','CB',26),(170,0,4,'2019-10-03 19:00:00','CB',16.5),(171,0,2,'2019-06-12 06:35:00','CB',51.5),(172,71,1,'2019-04-05 12:59:00','Espece',15),(173,0,4,'2019-02-10 23:55:00','CB',12.5),(174,64,2,'2019-07-08 12:21:00','CB',43.5),(175,0,4,'2019-11-06 05:15:00','CB',15.5),(176,60,12,'2019-07-07 14:20:00','CB',25.5),(177,77,6,'2019-05-05 01:12:00','Espece',25),(178,71,1,'2019-06-05 03:25:00','Espece',32.5),(179,0,2,'2019-02-08 10:04:00','CB',39),(180,0,2,'2019-12-01 09:34:00','CB',34),(181,0,5,'2019-12-05 03:05:00','CB',30),(182,0,4,'2019-02-07 04:59:00','CB',79),(183,0,2,'2019-11-12 08:14:00','CB',15.5),(184,71,11,'2019-12-11 13:36:00','CB',9),(185,96,9,'2019-06-07 01:24:00','Espece',12),(186,0,9,'2019-04-12 23:41:00','CB',40),(187,138,12,'2019-07-08 11:39:00','Espece',10.5),(188,0,5,'2019-09-11 08:51:00','CB',35),(189,41,9,'2019-06-02 10:30:00','Espece',26),(190,115,11,'2019-08-04 08:10:00','CB',31),(191,91,2,'2019-04-08 07:57:00','CB',46),(192,0,5,'2019-06-11 15:03:00','CB',22),(193,60,2,'2019-12-09 09:17:00','Espece',3),(194,81,10,'2019-02-09 10:40:00','CB',42.5),(195,1,11,'2019-04-02 13:03:00','Espece',15),(196,67,6,'2019-05-02 06:04:00','CB',19.5),(197,56,2,'2019-11-11 17:22:00','Espece',60.5),(198,100,10,'2019-10-07 09:59:00','CB',41.5),(199,81,1,'2019-02-03 12:15:00','Espece',41.5),(200,0,9,'2019-07-04 23:46:00','CB',37),(201,0,5,'2019-12-04 12:53:00','CB',18),(202,0,5,'2019-04-01 10:27:00','CB',58.5),(203,60,5,'2019-09-06 08:53:00','Espece',26),(204,34,4,'2019-06-05 21:34:00','Espece',22),(205,71,1,'2019-07-08 20:53:00','Espece',4.5),(206,96,10,'2019-12-09 05:26:00','CB',33),(207,73,1,'2019-04-02 09:15:00','Espece',50),(208,61,6,'2019-02-12 02:07:00','CB',82),(209,105,4,'2019-08-04 17:39:00','Espece',16.5),(210,0,2,'2019-02-06 18:49:00','CB',41.5),(211,100,1,'2019-09-02 06:05:00','CB',7),(212,127,7,'2019-04-05 08:20:00','CB',18),(213,0,4,'2019-11-03 22:29:00','CB',19.5),(214,0,9,'2019-09-12 20:44:00','CB',30),(215,0,9,'2019-11-04 01:32:00','CB',33),(216,143,9,'2019-09-04 07:17:00','CB',53),(217,122,5,'2019-10-06 05:38:00','CB',25),(218,41,3,'2019-09-09 04:18:00','Espece',57.5),(219,29,11,'2019-10-03 10:14:00','CB',49.5),(220,54,6,'2019-05-05 06:00:00','Espece',12.5),(221,31,7,'2019-05-09 11:42:00','Espece',9),(222,138,4,'2019-12-09 14:09:00','CB',17.5),(223,127,9,'2019-07-09 21:54:00','CB',34.5),(224,117,11,'2019-07-03 07:01:00','Espece',3),(225,73,7,'2019-10-01 08:45:00','Espece',8),(226,0,4,'2019-08-05 06:56:00','CB',6),(227,20,5,'2019-05-05 08:42:00','Espece',12),(228,0,4,'2019-10-01 11:08:00','CB',16.5),(229,0,9,'2019-02-09 08:57:00','CB',19.5),(230,126,4,'2019-05-01 01:03:00','Espece',39),(231,0,2,'2019-10-06 12:24:00','CB',11),(232,10,9,'2019-06-04 20:27:00','Espece',60),(233,0,9,'2019-11-04 04:58:00','CB',24),(234,117,1,'2019-08-05 12:34:00','Espece',30.5),(235,17,6,'2019-12-11 07:13:00','Espece',70.5),(236,0,2,'2019-02-12 05:02:00','CB',38),(237,56,5,'2019-02-11 07:38:00','CB',11.5),(238,67,11,'2019-04-12 17:50:00','Espece',9),(239,29,11,'2019-02-11 08:15:00','CB',10.5),(240,2,2,'2019-08-03 13:42:00','CB',43),(241,0,4,'2019-02-01 08:33:00','CB',19),(242,68,3,'2019-11-10 10:32:00','Espece',17),(243,55,6,'2019-08-07 11:22:00','CB',25),(244,0,2,'2019-05-10 10:34:00','CB',49),(245,68,3,'2019-06-06 19:45:00','Espece',43),(246,0,2,'2019-01-07 14:02:00','CB',31),(247,0,4,'2019-06-04 15:56:00','CB',37),(248,0,4,'2019-07-07 04:33:00','CB',59.5),(249,77,12,'2019-09-09 18:39:00','CB',31.5),(250,114,3,'2019-12-05 04:51:00','Espece',14.5),(251,41,6,'2019-05-08 08:06:00','CB',66),(252,13,10,'2019-07-03 17:42:00','CB',47),(253,127,1,'2019-12-06 14:06:00','Espece',44.5),(254,0,9,'2019-08-05 09:48:00','CB',38),(255,64,8,'2019-10-04 20:37:00','Espece',24.5),(256,0,5,'2019-11-09 15:36:00','CB',30),(257,137,1,'2019-04-01 07:40:00','CB',13.5),(258,50,9,'2019-08-01 01:46:00','CB',23),(259,0,4,'2019-06-07 00:51:00','CB',33),(260,0,5,'2019-12-04 00:28:00','CB',41),(261,68,3,'2019-06-07 00:31:00','CB',21),(262,0,2,'2019-05-07 07:07:00','CB',20),(263,59,12,'2019-12-01 21:43:00','Espece',8.5),(264,67,7,'2019-03-10 13:44:00','CB',37),(265,0,2,'2019-01-04 18:34:00','CB',59.5),(266,2,4,'2019-07-03 21:01:00','CB',54),(267,81,2,'2019-04-03 15:13:00','Espece',26),(268,0,9,'2019-02-07 15:48:00','CB',4),(269,0,4,'2019-09-04 20:14:00','CB',3),(270,114,9,'2019-07-05 18:11:00','CB',37.5),(271,0,5,'2019-09-07 03:44:00','CB',4),(272,31,6,'2019-02-12 11:00:00','Espece',17),(273,97,12,'2019-10-09 00:15:00','Espece',37),(274,67,10,'2019-06-09 02:40:00','CB',55.5),(275,142,2,'2019-10-11 11:38:00','Espece',42),(276,69,12,'2019-10-02 22:37:00','CB',44),(277,0,9,'2019-01-03 02:47:00','CB',22.5),(278,9,10,'2019-03-10 17:55:00','Espece',43),(279,142,10,'2019-02-11 13:09:00','CB',46.5),(280,101,5,'2019-01-10 02:28:00','CB',27.5),(281,0,4,'2019-02-10 07:42:00','CB',66),(282,0,9,'2019-11-01 23:26:00','CB',3),(283,56,11,'2019-02-09 04:56:00','CB',12),(284,54,6,'2019-02-07 18:45:00','Espece',45.5),(285,54,12,'2019-11-06 19:36:00','CB',37.5),(286,97,10,'2019-11-01 09:17:00','CB',25),(287,77,8,'2019-09-04 22:39:00','Espece',15.5),(288,138,10,'2019-11-02 20:39:00','CB',29),(289,0,9,'2019-08-05 19:02:00','CB',58),(290,0,9,'2019-07-11 02:50:00','CB',42.5),(291,20,11,'2019-03-04 16:43:00','CB',23),(292,9,11,'2019-09-08 07:17:00','CB',37.5),(293,91,7,'2019-10-12 14:31:00','CB',19.5),(294,0,9,'2019-07-06 11:19:00','CB',18),(295,115,8,'2019-11-11 02:49:00','Espece',24.5),(296,51,8,'2019-02-04 06:08:00','CB',26.5),(297,0,4,'2019-12-02 09:57:00','CB',16),(298,61,8,'2019-07-04 14:06:00','Espece',43),(299,0,4,'2019-07-05 22:52:00','CB',13.5),(300,0,9,'2019-04-06 07:05:00','CB',26),(301,117,8,'2019-02-02 16:55:00','CB',48),(302,52,1,'2019-04-05 10:01:00','Espece',40.5),(303,87,11,'2019-01-09 05:37:00','CB',6),(304,71,3,'2019-11-04 12:38:00','CB',24),(305,16,7,'2019-06-10 22:06:00','Espece',24),(306,126,3,'2019-01-10 19:54:00','Espece',57.5),(307,30,12,'2019-08-01 01:59:00','CB',30),(308,0,5,'2019-01-05 07:39:00','CB',7.5),(309,0,5,'2019-06-05 03:22:00','CB',30),(310,105,7,'2019-05-08 03:47:00','CB',37.5),(311,101,6,'2019-07-01 01:13:00','Espece',27.5),(312,149,1,'2019-05-12 01:41:00','Espece',28),(313,0,4,'2019-03-05 23:13:00','CB',42),(314,20,3,'2019-01-09 03:53:00','CB',12),(315,100,9,'2019-12-09 15:46:00','CB',36),(316,39,10,'2019-05-01 14:22:00','CB',6),(317,56,8,'2019-02-04 17:24:00','CB',19),(318,122,4,'2019-08-08 14:20:00','CB',9),(319,105,2,'2019-06-04 02:24:00','CB',39.5),(320,9,8,'2019-12-05 12:16:00','CB',18),(321,59,6,'2019-06-05 23:04:00','CB',9),(322,107,4,'2019-07-06 01:41:00','CB',3),(323,60,6,'2019-02-11 20:33:00','CB',21),(324,122,7,'2019-10-10 08:32:00','Espece',11),(325,0,4,'2019-10-01 18:49:00','CB',36),(326,127,3,'2019-03-10 22:25:00','Espece',41),(327,60,7,'2019-08-02 04:32:00','CB',36),(328,0,5,'2019-11-10 23:36:00','CB',32.5),(329,91,2,'2019-10-10 01:09:00','CB',33),(330,101,12,'2019-06-06 18:30:00','CB',29.5),(331,17,5,'2019-12-03 22:19:00','Espece',4),(332,0,5,'2019-09-08 05:18:00','CB',11),(333,115,2,'2019-10-06 22:21:00','Espece',38),(334,0,2,'2019-06-11 00:52:00','CB',47),(335,0,5,'2019-12-07 09:30:00','CB',30),(336,55,4,'2019-05-01 06:54:00','Espece',23.5),(337,50,1,'2019-02-01 07:20:00','Espece',14.5),(338,50,4,'2019-08-07 19:18:00','Espece',51.5),(339,101,4,'2019-12-04 01:11:00','Espece',27.5),(340,52,2,'2019-10-11 09:56:00','CB',50),(341,130,10,'2019-05-01 15:53:00','Espece',23),(342,86,4,'2019-07-12 11:04:00','Espece',10.5),(343,41,8,'2019-12-05 19:28:00','Espece',12),(344,0,5,'2019-06-08 22:33:00','CB',37),(345,0,9,'2019-05-10 11:49:00','CB',9.5),(346,133,4,'2019-12-10 12:12:00','CB',50.5),(347,9,3,'2019-10-12 14:15:00','CB',13),(348,50,3,'2019-04-01 15:11:00','CB',73),(349,81,8,'2019-12-10 03:12:00','Espece',9),(350,51,7,'2019-09-07 13:31:00','CB',41),(351,130,4,'2019-09-04 14:37:00','Espece',29.5),(352,16,1,'2019-06-08 06:15:00','Espece',14),(353,0,2,'2019-05-08 20:14:00','CB',14.5),(354,1,10,'2019-10-01 20:09:00','CB',12.5),(355,130,6,'2019-04-07 03:30:00','CB',29.5),(356,0,5,'2019-12-04 23:21:00','CB',45),(357,62,1,'2019-06-07 19:03:00','Espece',39.5),(358,0,9,'2019-05-07 19:25:00','CB',3),(359,50,1,'2019-09-07 13:28:00','Espece',40.5),(360,86,8,'2019-07-01 11:21:00','Espece',43.5),(361,52,9,'2019-05-11 22:00:00','Espece',48),(362,0,5,'2019-10-03 11:19:00','CB',54.5),(363,0,2,'2019-06-05 19:47:00','CB',62.5),(364,0,9,'2019-03-09 00:23:00','CB',38.5),(365,9,1,'2019-06-07 13:30:00','Espece',3),(366,54,6,'2019-06-12 19:55:00','Espece',42),(367,0,9,'2019-06-01 05:18:00','CB',7.5),(368,0,4,'2019-03-08 21:18:00','CB',16.5),(369,97,11,'2019-07-07 23:41:00','Espece',9),(370,0,2,'2019-05-12 08:29:00','CB',32.5),(371,0,9,'2019-04-08 06:39:00','CB',23),(372,0,4,'2019-04-11 19:39:00','CB',19),(373,31,9,'2019-07-09 21:53:00','Espece',25),(374,0,5,'2019-08-11 17:34:00','CB',58.5),(375,0,2,'2019-07-09 06:44:00','CB',4),(376,61,9,'2019-11-10 11:41:00','Espece',35),(377,96,6,'2019-09-09 09:08:00','CB',14.5),(378,29,5,'2019-04-12 00:46:00','Espece',61),(379,127,5,'2019-02-04 20:09:00','Espece',22.5),(380,34,3,'2019-04-04 19:10:00','Espece',20.5),(381,0,5,'2019-07-05 04:26:00','CB',17.5),(382,112,7,'2019-03-09 04:44:00','Espece',81),(383,133,5,'2019-04-01 22:13:00','Espece',52.5),(384,55,7,'2019-03-10 06:23:00','Espece',42.5),(385,0,2,'2019-05-02 16:57:00','CB',40.5),(386,20,10,'2019-08-08 11:25:00','Espece',7.5),(387,0,2,'2019-10-07 11:31:00','CB',18),(388,13,3,'2019-02-08 20:58:00','CB',53),(389,61,5,'2019-08-11 21:12:00','Espece',45),(390,133,9,'2019-05-03 22:42:00','Espece',64.5),(391,0,5,'2019-01-04 08:38:00','CB',26.5),(392,101,3,'2019-11-03 19:45:00','CB',27),(393,0,5,'2019-09-07 01:50:00','CB',45.5),(394,77,1,'2019-03-08 01:42:00','CB',47.5),(395,130,1,'2019-11-12 01:57:00','CB',14.5),(396,54,9,'2019-11-11 15:35:00','CB',15),(397,0,5,'2019-10-06 19:16:00','CB',18),(398,127,10,'2019-06-09 00:06:00','CB',32.5),(399,54,10,'2019-07-09 01:50:00','Espece',7.5),(400,0,9,'2019-07-02 20:26:00','CB',20.5),(401,122,5,'2019-04-12 03:22:00','CB',6.5),(402,135,4,'2019-11-04 21:49:00','Espece',16.5),(403,30,7,'2019-07-04 10:49:00','Espece',51),(404,138,8,'2019-02-06 16:51:00','CB',18),(405,112,1,'2019-05-03 16:47:00','CB',23.5),(406,0,9,'2019-09-12 15:09:00','CB',54.5),(407,60,10,'2019-03-05 20:11:00','Espece',46),(408,36,1,'2019-02-01 00:08:00','CB',8.5),(409,10,2,'2019-10-09 20:30:00','CB',8.5),(410,127,3,'2019-08-04 04:10:00','CB',55.5),(411,143,7,'2019-02-12 13:31:00','Espece',56.5),(412,0,2,'2019-10-02 09:43:00','CB',7),(413,41,8,'2019-12-06 17:04:00','CB',38),(414,0,5,'2019-03-10 11:22:00','CB',31),(415,143,3,'2019-10-04 10:45:00','Espece',34.5),(416,67,7,'2019-05-01 17:07:00','CB',41),(417,0,4,'2019-01-11 15:08:00','CB',26),(418,61,12,'2019-10-03 09:59:00','Espece',42.5),(419,0,4,'2019-12-02 11:55:00','CB',2.5),(420,0,9,'2019-09-05 20:57:00','CB',38),(421,112,9,'2019-01-01 05:16:00','Espece',41),(422,56,2,'2019-02-01 09:19:00','Espece',64),(423,17,6,'2019-03-11 23:27:00','CB',7.5),(424,114,6,'2019-01-11 06:32:00','CB',48),(425,2,7,'2019-07-04 20:21:00','Espece',42),(426,96,5,'2019-04-08 19:12:00','Espece',46.5),(427,130,5,'2019-06-11 02:52:00','Espece',47.5),(428,0,4,'2019-01-09 21:32:00','CB',15),(429,142,4,'2019-09-09 02:33:00','Espece',34),(430,0,2,'2019-05-10 02:05:00','CB',33),(431,0,2,'2019-07-05 06:05:00','CB',58),(432,140,8,'2019-09-02 19:37:00','CB',40),(433,10,1,'2019-05-02 12:49:00','CB',32),(434,0,4,'2019-09-08 07:30:00','CB',19),(435,52,8,'2019-03-06 11:47:00','Espece',27.5),(436,69,1,'2019-08-12 01:48:00','CB',13.5),(437,62,8,'2019-09-01 22:38:00','Espece',2.5),(438,0,4,'2019-08-05 11:37:00','CB',34.5),(439,0,4,'2019-02-10 22:59:00','CB',18),(440,0,4,'2019-10-02 16:10:00','CB',50),(441,117,1,'2019-04-03 21:40:00','Espece',15),(442,0,4,'2019-11-02 17:55:00','CB',39),(443,36,12,'2019-03-06 01:05:00','CB',28.5),(444,30,10,'2019-11-07 14:52:00','Espece',37.5),(445,105,7,'2019-03-04 16:37:00','CB',46),(446,97,12,'2019-08-10 16:22:00','Espece',12),(447,130,6,'2019-09-10 15:49:00','CB',8),(448,59,6,'2019-10-03 12:33:00','Espece',42),(449,138,4,'2019-07-09 09:29:00','CB',65.5),(450,52,5,'2019-01-07 02:03:00','CB',66.5),(451,141,5,'2019-04-07 23:51:00','CB',32),(452,0,9,'2019-04-05 02:17:00','CB',14.5),(453,0,9,'2019-01-06 12:19:00','CB',54.5),(454,105,4,'2019-10-01 16:33:00','Espece',46.5),(455,16,9,'2019-09-07 07:01:00','CB',12.5),(456,0,5,'2019-12-08 01:10:00','CB',35),(457,54,4,'2019-10-11 13:47:00','CB',7.5),(458,68,3,'2019-07-04 05:17:00','Espece',19),(459,36,6,'2019-05-03 12:08:00','Espece',16.5),(460,0,5,'2019-11-12 04:12:00','CB',35.5),(461,122,8,'2019-10-06 11:15:00','CB',31.5),(462,68,11,'2019-08-12 16:32:00','CB',3),(463,127,10,'2019-04-09 12:41:00','Espece',17),(464,0,4,'2019-06-04 03:48:00','CB',47),(465,97,6,'2019-02-04 13:13:00','CB',12),(466,140,12,'2019-05-04 10:33:00','CB',86.5),(467,0,5,'2019-02-10 08:38:00','CB',15),(468,16,8,'2019-12-11 00:50:00','Espece',51.5),(469,59,11,'2019-06-02 18:26:00','CB',5),(470,91,4,'2019-01-10 17:29:00','Espece',27.5),(471,0,5,'2019-05-12 23:28:00','CB',52),(472,20,1,'2019-07-04 06:37:00','Espece',30),(473,149,1,'2019-08-03 22:26:00','CB',25),(474,0,2,'2019-12-06 06:30:00','CB',17),(475,34,9,'2019-11-02 09:00:00','CB',67.5),(476,0,9,'2019-07-12 11:13:00','CB',32),(477,0,2,'2019-07-03 21:21:00','CB',15),(478,71,2,'2019-02-09 06:37:00','Espece',35.5),(479,51,3,'2019-02-01 00:05:00','CB',7.5),(480,127,8,'2019-01-06 18:28:00','CB',39.5),(481,36,3,'2019-04-08 12:51:00','CB',7.5),(482,31,6,'2019-02-03 05:29:00','Espece',39.5),(483,87,10,'2019-07-01 03:56:00','CB',19),(484,0,5,'2019-01-03 00:56:00','CB',13),(485,112,1,'2019-08-08 03:48:00','Espece',54),(486,0,4,'2019-01-03 16:01:00','CB',56.5),(487,138,9,'2019-05-07 12:52:00','CB',7.5),(488,20,7,'2019-06-01 09:19:00','CB',13.5),(489,10,11,'2019-04-01 04:41:00','Espece',58),(490,142,5,'2019-07-04 23:45:00','CB',25.5),(491,0,4,'2019-03-10 04:27:00','CB',10),(492,0,2,'2019-03-02 18:12:00','CB',13.5),(493,0,2,'2019-08-06 22:54:00','CB',7.5),(494,0,2,'2019-11-09 13:22:00','CB',9),(495,36,7,'2019-06-04 02:40:00','CB',19.5),(496,34,9,'2019-01-09 16:13:00','CB',47.5),(497,100,8,'2019-08-09 14:11:00','Espece',58.5),(498,73,7,'2019-07-02 09:07:00','CB',45),(499,59,12,'2019-04-02 01:33:00','Espece',22.5),(500,0,4,'2019-07-03 11:08:00','CB',6),(501,1,7,'2019-09-12 07:50:00','CB',52.5),(502,0,2,'2019-04-05 03:27:00','CB',70),(503,138,1,'2019-07-10 22:11:00','CB',46.5),(504,62,3,'2019-06-06 02:21:00','Espece',40.5),(505,29,4,'2019-11-01 16:18:00','CB',48),(506,0,4,'2019-06-07 15:57:00','CB',28),(507,137,5,'2019-01-05 09:56:00','Espece',39),(508,96,6,'2019-07-06 18:51:00','CB',58.5),(509,68,12,'2019-12-04 07:11:00','CB',46.5),(510,137,3,'2019-04-10 07:51:00','Espece',56.5),(511,13,5,'2019-04-11 05:01:00','CB',21),(512,1,11,'2019-12-09 22:03:00','CB',36.5),(513,0,9,'2019-03-05 01:05:00','CB',7),(514,0,9,'2019-10-01 13:23:00','CB',7.5),(515,0,2,'2019-08-03 04:59:00','CB',59),(516,135,6,'2019-06-01 22:43:00','CB',27),(517,141,4,'2019-09-11 01:00:00','Espece',3),(518,114,12,'2019-06-07 00:26:00','Espece',8),(519,13,11,'2019-07-05 22:43:00','Espece',25.5),(520,62,6,'2019-03-12 08:17:00','Espece',53),(521,0,5,'2019-06-03 19:06:00','CB',19),(522,2,3,'2019-04-09 18:01:00','CB',34),(523,9,8,'2019-02-03 00:22:00','Espece',20.5),(524,0,5,'2019-01-04 04:01:00','CB',21),(525,0,4,'2019-08-07 03:13:00','CB',29.5),(526,0,5,'2019-03-10 17:26:00','CB',9),(527,2,4,'2019-07-06 00:20:00','Espece',36.5),(528,36,4,'2019-01-04 14:27:00','CB',37),(529,0,5,'2019-11-01 15:16:00','CB',34.5),(530,0,9,'2019-02-07 18:42:00','CB',34.5),(531,126,8,'2019-08-07 10:35:00','Espece',36),(532,138,10,'2019-08-02 03:49:00','CB',31),(533,41,2,'2019-10-05 23:13:00','Espece',21),(534,0,2,'2019-10-08 11:58:00','CB',58.5),(535,0,4,'2019-12-01 19:57:00','CB',11),(536,60,5,'2019-04-04 09:37:00','Espece',39.5),(537,0,4,'2019-03-09 08:38:00','CB',45),(538,149,10,'2019-12-07 23:34:00','CB',37),(539,112,12,'2019-01-12 13:38:00','Espece',16.5),(540,0,5,'2019-08-04 23:46:00','CB',44.5),(541,0,2,'2019-12-07 17:52:00','CB',9.5),(542,51,7,'2019-01-02 20:05:00','CB',25),(543,130,1,'2019-03-09 07:10:00','Espece',12),(544,0,2,'2019-02-02 11:38:00','CB',62.5),(545,117,9,'2019-01-02 18:13:00','CB',62),(546,0,5,'2019-11-06 11:11:00','CB',8),(547,127,7,'2019-10-04 07:30:00','CB',18),(548,0,4,'2019-12-05 20:58:00','CB',48),(549,91,9,'2019-12-01 20:34:00','CB',28.5),(550,2,7,'2019-03-10 22:36:00','Espece',19),(551,127,10,'2019-08-08 06:58:00','Espece',27.5),(552,17,11,'2019-08-07 14:33:00','Espece',42.5),(553,0,4,'2019-05-09 00:22:00','CB',14.5),(554,0,4,'2019-02-09 17:19:00','CB',45.5),(555,0,5,'2019-03-09 14:09:00','CB',59),(556,0,5,'2019-04-10 06:20:00','CB',28.5),(557,16,6,'2019-06-10 23:06:00','Espece',47.5),(558,97,6,'2019-03-08 19:33:00','CB',75.5),(559,138,9,'2019-02-05 00:34:00','Espece',32),(560,0,4,'2019-12-01 04:21:00','CB',81.5),(561,96,7,'2019-11-12 19:34:00','Espece',32),(562,0,9,'2019-09-01 19:16:00','CB',24.5),(563,127,5,'2019-05-01 19:11:00','CB',73),(564,0,2,'2019-12-04 02:22:00','CB',78.5),(565,68,4,'2019-01-10 00:27:00','Espece',13),(566,36,10,'2019-04-09 19:02:00','Espece',32.5),(567,54,11,'2019-05-11 18:50:00','CB',33.5),(568,0,5,'2019-06-04 03:41:00','CB',36),(569,1,10,'2019-06-12 08:18:00','CB',5),(570,0,4,'2019-08-07 22:06:00','CB',38.5),(571,135,8,'2019-09-05 06:16:00','CB',17.5),(572,0,5,'2019-02-02 13:13:00','CB',6),(573,0,4,'2019-08-11 11:12:00','CB',21),(574,0,4,'2019-05-06 06:40:00','CB',19),(575,0,2,'2019-10-06 00:39:00','CB',47),(576,10,1,'2019-08-12 19:10:00','Espece',36.5),(577,130,1,'2019-04-09 12:25:00','Espece',30.5),(578,1,3,'2019-04-10 01:08:00','Espece',73.5),(579,117,1,'2019-03-03 09:40:00','CB',33),(580,0,4,'2019-10-01 23:22:00','CB',6.5),(581,115,9,'2019-02-12 06:25:00','Espece',37),(582,0,4,'2019-09-05 18:21:00','CB',52),(583,73,2,'2019-05-04 14:48:00','CB',29),(584,0,5,'2019-12-01 12:51:00','CB',6),(585,0,5,'2019-07-04 16:53:00','CB',26),(586,126,5,'2019-03-04 18:32:00','CB',18),(587,20,9,'2019-11-10 22:06:00','Espece',57),(588,0,9,'2019-10-02 06:59:00','CB',68),(589,62,5,'2019-01-09 08:57:00','CB',51.5),(590,16,4,'2019-08-09 01:47:00','Espece',40),(591,86,8,'2019-09-06 04:30:00','Espece',4.5),(592,0,4,'2019-10-12 16:43:00','CB',46.5),(593,31,12,'2019-01-02 22:16:00','Espece',53.5),(594,55,3,'2019-01-12 06:47:00','Espece',48.5),(595,122,3,'2019-07-05 07:37:00','Espece',28),(596,0,5,'2019-01-01 15:55:00','CB',34),(597,3,3,'2019-04-12 19:48:00','CB',35.5),(598,0,4,'2019-06-08 10:08:00','CB',43),(599,0,2,'2019-05-02 14:23:00','CB',55),(600,0,4,'2019-06-11 23:42:00','CB',42),(601,127,1,'2019-04-07 06:04:00','CB',10),(602,50,7,'2019-01-01 04:12:00','CB',41),(603,52,4,'2019-06-08 22:38:00','CB',18.5),(604,0,5,'2019-08-04 12:19:00','CB',24.5),(605,107,11,'2019-07-02 03:54:00','Espece',20),(606,0,5,'2019-04-11 15:06:00','CB',20.5),(607,54,2,'2019-12-03 09:48:00','Espece',33.5),(608,0,5,'2019-09-07 09:26:00','CB',13),(609,0,5,'2019-01-11 12:24:00','CB',12),(610,29,9,'2019-11-12 06:39:00','Espece',37),(611,112,4,'2019-11-05 16:34:00','CB',5),(612,0,5,'2019-12-03 13:49:00','CB',45),(613,2,2,'2019-02-06 19:24:00','Espece',27),(614,0,4,'2019-03-01 03:09:00','CB',64),(615,133,4,'2019-04-05 06:21:00','Espece',19),(616,126,6,'2019-04-04 21:40:00','CB',11.5),(617,67,6,'2019-04-05 19:28:00','Espece',30),(618,0,4,'2019-10-10 22:19:00','CB',49),(619,0,9,'2019-09-06 03:36:00','CB',27),(620,0,4,'2019-12-09 08:02:00','CB',18),(621,0,5,'2019-03-04 04:39:00','CB',78),(622,115,7,'2019-03-05 08:08:00','CB',68),(623,140,3,'2019-10-04 22:48:00','Espece',46),(624,0,2,'2019-09-06 04:36:00','CB',42.5),(625,143,9,'2019-04-07 15:39:00','Espece',48),(626,0,2,'2019-10-05 19:37:00','CB',16),(627,143,10,'2019-06-05 02:11:00','Espece',42.5),(628,13,12,'2019-07-05 13:43:00','CB',3),(629,0,2,'2019-07-10 06:28:00','CB',42.5),(630,138,9,'2019-04-09 08:30:00','Espece',80.5),(631,0,2,'2019-02-01 02:35:00','CB',31),(632,149,6,'2019-06-12 10:55:00','Espece',16.5),(633,97,5,'2019-08-10 12:21:00','Espece',21),(634,0,2,'2019-11-02 03:01:00','CB',4),(635,130,3,'2019-08-11 03:31:00','Espece',46.5),(636,3,6,'2019-01-03 17:00:00','Espece',28.5),(637,64,11,'2019-11-06 02:47:00','Espece',79),(638,91,7,'2019-11-02 03:34:00','Espece',24),(639,50,7,'2019-09-12 19:42:00','CB',41.5),(640,30,7,'2019-09-09 08:08:00','CB',56),(641,67,7,'2019-08-10 04:58:00','Espece',44),(642,30,10,'2019-07-08 13:37:00','CB',22),(643,13,1,'2019-04-02 20:24:00','CB',22.5),(644,0,5,'2019-04-04 03:50:00','CB',29.5),(645,3,4,'2019-03-12 20:56:00','CB',51),(646,149,6,'2019-06-03 02:35:00','CB',54),(647,142,5,'2019-01-05 12:38:00','Espece',29.5),(648,0,2,'2019-07-03 21:26:00','CB',41),(649,126,5,'2019-11-11 17:00:00','CB',68.5),(650,31,11,'2019-09-05 05:05:00','Espece',3),(651,0,4,'2019-04-02 06:54:00','CB',48),(652,0,9,'2019-09-12 11:08:00','CB',55),(653,105,9,'2019-11-08 05:24:00','Espece',55.5),(654,138,4,'2019-08-05 16:35:00','CB',7),(655,0,9,'2019-06-11 12:45:00','CB',47.5),(656,142,5,'2019-10-07 11:11:00','Espece',4),(657,0,4,'2019-03-04 19:31:00','CB',45),(658,62,1,'2019-04-10 20:03:00','Espece',56),(659,56,3,'2019-04-10 01:37:00','CB',28.5),(660,137,7,'2019-04-05 06:32:00','Espece',11.5),(661,107,3,'2019-10-03 20:26:00','CB',9.5),(662,0,4,'2019-08-05 03:39:00','CB',22),(663,0,5,'2019-06-10 22:36:00','CB',36),(664,0,2,'2019-07-02 23:13:00','CB',41.5),(665,71,6,'2019-07-06 22:09:00','Espece',33),(666,0,5,'2019-04-05 17:27:00','CB',35.5),(667,0,4,'2019-05-04 05:05:00','CB',55.5),(668,0,9,'2019-11-06 11:30:00','CB',24),(669,81,11,'2019-07-02 04:02:00','Espece',10.5),(670,0,2,'2019-10-06 01:00:00','CB',20.5),(671,149,10,'2019-02-11 19:39:00','CB',21),(672,2,10,'2019-02-11 22:06:00','CB',10.5),(673,126,8,'2019-05-03 05:43:00','Espece',11.5),(674,100,2,'2019-09-12 19:16:00','Espece',45),(675,36,4,'2019-05-02 01:11:00','Espece',39.5),(676,9,9,'2019-03-02 11:05:00','CB',1.5),(677,0,5,'2019-05-02 18:33:00','CB',65.5),(678,0,5,'2019-12-06 19:41:00','CB',31),(679,68,2,'2019-09-09 19:04:00','CB',25),(680,138,4,'2019-11-09 01:47:00','Espece',28.5),(681,0,9,'2019-05-05 06:58:00','CB',31.5),(682,39,6,'2019-08-06 21:45:00','Espece',9),(683,114,6,'2019-06-05 03:25:00','Espece',18),(684,13,7,'2019-03-09 02:29:00','Espece',29.5),(685,0,5,'2019-08-09 07:09:00','CB',9),(686,117,12,'2019-11-11 11:49:00','CB',13.5),(687,54,8,'2019-12-07 14:21:00','CB',73.5),(688,51,3,'2019-01-04 08:44:00','CB',22.5),(689,140,1,'2019-10-08 12:44:00','Espece',17),(690,34,10,'2019-04-06 06:27:00','CB',50.5),(691,68,11,'2019-12-11 10:06:00','Espece',28.5),(692,20,12,'2019-08-06 08:45:00','Espece',35),(693,0,2,'2019-03-09 23:11:00','CB',39),(694,71,2,'2019-03-07 10:58:00','Espece',33.5),(695,17,5,'2019-05-09 21:25:00','CB',30.5),(696,140,1,'2019-11-06 02:53:00','CB',21),(697,68,2,'2019-08-12 17:23:00','Espece',6.5),(698,0,9,'2019-07-04 20:24:00','CB',37.5),(699,61,12,'2019-12-11 11:07:00','Espece',1.5),(700,67,5,'2019-08-05 17:44:00','CB',53),(701,105,5,'2019-10-11 08:56:00','CB',61.5),(702,2,10,'2019-04-02 08:29:00','Espece',57.5),(703,135,9,'2019-11-06 10:35:00','Espece',25.5),(704,69,6,'2019-03-04 19:18:00','CB',33.5),(705,117,2,'2019-11-09 09:17:00','CB',17.5),(706,138,1,'2019-03-09 02:42:00','CB',35.5),(707,30,12,'2019-06-02 08:00:00','CB',28.5),(708,0,9,'2019-02-05 17:07:00','CB',47.5),(709,56,4,'2019-01-09 15:46:00','Espece',4.5),(710,50,4,'2019-07-06 05:28:00','CB',41.5),(711,142,9,'2019-11-09 10:59:00','Espece',21),(712,51,5,'2019-11-03 09:26:00','Espece',18),(713,17,8,'2019-03-08 03:14:00','CB',7.5),(714,64,5,'2019-11-04 09:37:00','CB',2.5),(715,31,11,'2019-12-12 21:32:00','CB',4.5),(716,87,3,'2019-10-06 20:04:00','CB',63),(717,0,5,'2019-03-01 17:36:00','CB',2.5),(718,112,4,'2019-08-03 13:39:00','Espece',31),(719,51,2,'2019-08-03 00:30:00','Espece',13),(720,39,12,'2019-12-08 12:59:00','CB',13.5),(721,0,9,'2019-05-06 04:52:00','CB',53.5),(722,126,4,'2019-01-04 18:25:00','Espece',31),(723,0,2,'2019-01-04 21:49:00','CB',4),(724,0,2,'2019-12-02 21:12:00','CB',5.5),(725,55,3,'2019-07-09 11:06:00','CB',64),(726,141,12,'2019-12-04 01:12:00','CB',17),(727,0,2,'2019-01-04 10:43:00','CB',56.5),(728,29,9,'2019-04-06 04:04:00','CB',19.5),(729,17,5,'2019-10-11 10:59:00','CB',46),(730,62,10,'2019-03-05 06:22:00','Espece',10.5),(731,115,7,'2019-02-02 01:38:00','Espece',15.5),(732,141,3,'2019-12-01 07:23:00','Espece',15),(733,0,9,'2019-10-11 09:29:00','CB',61.5),(734,1,7,'2019-12-03 12:54:00','CB',68),(735,117,8,'2019-11-02 21:55:00','CB',5),(736,91,2,'2019-01-12 16:43:00','CB',1.5),(737,31,12,'2019-06-04 19:46:00','Espece',15.5),(738,0,5,'2019-04-10 06:13:00','CB',36),(739,107,9,'2019-09-05 16:00:00','Espece',26),(740,0,9,'2019-04-06 04:10:00','CB',1.5),(741,0,9,'2019-03-02 03:22:00','CB',34.5),(742,0,4,'2019-02-08 10:59:00','CB',23.5),(743,141,2,'2019-06-02 12:02:00','CB',36),(744,0,4,'2019-04-04 09:34:00','CB',38.5),(745,137,5,'2019-02-08 04:46:00','Espece',3),(746,10,9,'2019-05-11 00:01:00','Espece',34.5),(747,68,2,'2019-02-11 23:40:00','Espece',36),(748,29,1,'2019-02-05 07:38:00','CB',22.5),(749,0,5,'2019-09-04 07:28:00','CB',63.5),(750,29,7,'2019-05-10 01:19:00','CB',28.5),(751,16,6,'2019-09-02 20:59:00','Espece',37.5),(752,41,3,'2019-05-11 07:19:00','CB',57),(753,81,7,'2019-03-02 14:34:00','CB',9),(754,62,7,'2019-01-07 22:26:00','Espece',51),(755,117,11,'2019-08-07 04:08:00','CB',51.5),(756,115,1,'2019-11-12 13:12:00','Espece',77),(757,36,4,'2019-05-12 18:58:00','CB',28.5),(758,67,7,'2019-05-06 19:04:00','CB',16.5),(759,30,7,'2019-11-10 22:44:00','Espece',34.5),(760,0,5,'2019-04-11 23:42:00','CB',36.5),(761,127,9,'2019-01-09 10:14:00','CB',61),(762,0,4,'2019-05-04 11:50:00','CB',8),(763,54,8,'2019-02-07 10:29:00','Espece',10.5),(764,56,5,'2019-03-04 22:38:00','Espece',23),(765,9,9,'2019-06-08 09:25:00','Espece',9),(766,0,9,'2019-05-08 23:02:00','CB',56),(767,13,1,'2019-10-04 14:10:00','Espece',5.5),(768,0,5,'2019-06-11 07:55:00','CB',5.5),(769,1,4,'2019-07-09 03:09:00','Espece',16.5),(770,122,5,'2019-07-09 04:13:00','CB',26),(771,0,4,'2019-08-03 09:42:00','CB',59),(772,0,5,'2019-09-11 05:08:00','CB',20),(773,115,11,'2019-12-10 18:37:00','Espece',12),(774,0,9,'2019-07-06 07:18:00','CB',21),(775,62,3,'2019-08-08 00:54:00','Espece',34),(776,0,9,'2019-12-03 03:30:00','CB',55),(777,36,1,'2019-01-03 03:43:00','CB',23),(778,0,5,'2019-10-06 15:18:00','CB',33),(779,73,4,'2019-05-09 21:24:00','CB',44.5),(780,17,3,'2019-07-10 23:10:00','CB',23.5),(781,112,12,'2019-08-03 12:48:00','CB',32),(782,13,3,'2019-02-08 18:17:00','CB',8),(783,135,9,'2019-06-07 22:51:00','Espece',18.5),(784,0,2,'2019-10-02 22:43:00','CB',75.5),(785,130,3,'2019-08-03 23:58:00','Espece',60.5),(786,41,9,'2019-08-02 17:14:00','Espece',9),(787,36,11,'2019-04-03 03:38:00','CB',10.5),(788,107,8,'2019-10-11 15:43:00','CB',59.5),(789,126,2,'2019-05-11 16:15:00','CB',55),(790,0,9,'2019-01-06 14:40:00','CB',58.5),(791,97,5,'2019-07-09 05:57:00','CB',25.5),(792,13,1,'2019-07-06 11:22:00','CB',63),(793,20,1,'2019-05-10 15:03:00','CB',6),(794,101,10,'2019-07-06 01:38:00','CB',24),(795,96,4,'2019-12-08 18:45:00','Espece',22.5),(796,0,2,'2019-05-02 19:32:00','CB',34),(797,114,4,'2019-03-05 22:07:00','Espece',33),(798,0,4,'2019-04-10 18:55:00','CB',54),(799,62,8,'2019-04-07 07:40:00','Espece',22.5),(800,115,11,'2019-12-04 11:23:00','CB',46),(801,67,10,'2019-06-05 16:30:00','Espece',8.5),(802,135,3,'2019-12-03 15:44:00','Espece',26.5),(803,0,4,'2019-05-08 00:24:00','CB',18),(804,97,10,'2019-03-03 09:32:00','CB',37.5),(805,71,10,'2019-09-10 14:54:00','Espece',48),(806,142,10,'2019-05-12 05:20:00','Espece',43),(807,61,5,'2019-07-08 23:30:00','Espece',26),(808,0,2,'2019-11-07 14:44:00','CB',66),(809,71,5,'2019-09-08 13:59:00','Espece',15.5),(810,137,5,'2019-11-05 07:56:00','Espece',31.5),(811,133,8,'2019-05-10 19:27:00','Espece',47.5),(812,105,3,'2019-12-02 18:17:00','Espece',33.5),(813,0,4,'2019-07-06 05:33:00','CB',67),(814,62,2,'2019-02-05 18:08:00','CB',5),(815,133,6,'2019-09-12 09:21:00','Espece',63),(816,0,2,'2019-04-02 13:33:00','CB',15.5),(817,149,8,'2019-07-12 23:58:00','Espece',41.5),(818,0,9,'2019-11-08 02:20:00','CB',16),(819,73,11,'2019-11-06 12:19:00','CB',50),(820,0,5,'2019-01-02 01:07:00','CB',59.5),(821,0,5,'2019-10-04 05:50:00','CB',15),(822,31,8,'2019-04-11 01:14:00','CB',26.5),(823,86,7,'2019-06-10 06:43:00','CB',6),(824,20,5,'2019-01-09 10:44:00','Espece',44),(825,127,11,'2019-03-11 19:47:00','Espece',6),(826,51,1,'2019-08-06 11:55:00','CB',11),(827,114,5,'2019-05-11 16:51:00','Espece',8.5),(828,3,9,'2019-07-03 19:37:00','CB',34),(829,143,5,'2019-07-12 19:25:00','Espece',45),(830,41,7,'2019-03-04 05:48:00','CB',61),(831,67,3,'2019-04-04 11:06:00','CB',4),(832,87,12,'2019-06-10 12:36:00','CB',24),(833,1,2,'2019-01-03 19:02:00','CB',5.5),(834,36,8,'2019-10-12 04:41:00','CB',52),(835,0,9,'2019-05-09 10:36:00','CB',61),(836,55,8,'2019-09-07 16:40:00','Espece',41.5),(837,41,6,'2019-01-09 07:47:00','Espece',18.5),(838,20,11,'2019-11-12 22:48:00','CB',12.5),(839,140,11,'2019-09-09 12:03:00','Espece',24.5),(840,0,9,'2019-05-06 10:33:00','CB',39.5),(841,0,9,'2019-12-08 23:11:00','CB',50),(842,101,9,'2019-07-03 22:50:00','CB',55),(843,59,2,'2019-12-02 14:54:00','CB',43),(844,127,11,'2019-09-06 05:04:00','Espece',34.5),(845,137,5,'2019-11-03 15:27:00','CB',2.5),(846,2,3,'2019-11-03 03:36:00','CB',67),(847,0,5,'2019-07-03 16:24:00','CB',35),(848,1,4,'2019-06-06 13:27:00','Espece',41.5),(849,16,12,'2019-10-05 13:05:00','CB',27.5),(850,55,8,'2019-12-08 05:35:00','CB',45),(851,9,2,'2019-03-03 14:33:00','CB',8.5),(852,130,2,'2019-04-10 12:38:00','CB',53.5),(853,0,2,'2019-02-03 19:21:00','CB',52.5),(854,149,9,'2019-10-11 17:48:00','CB',38),(855,86,3,'2019-01-01 01:58:00','CB',36),(856,100,2,'2019-10-05 19:16:00','Espece',46.5),(857,0,2,'2019-06-02 13:46:00','CB',11),(858,61,11,'2019-04-07 07:37:00','CB',46.5),(859,97,2,'2019-08-08 08:45:00','Espece',31.5),(860,2,7,'2019-07-05 07:56:00','CB',4.5),(861,13,11,'2019-08-06 09:23:00','CB',25),(862,0,9,'2019-02-02 05:46:00','CB',61),(863,107,9,'2019-12-10 19:00:00','Espece',11),(864,62,9,'2019-01-11 15:20:00','CB',8.5),(865,0,4,'2019-02-02 16:20:00','CB',42),(866,0,2,'2019-03-04 06:32:00','CB',60),(867,64,12,'2019-01-10 08:20:00','CB',35),(868,135,8,'2019-12-08 06:04:00','Espece',26.5),(869,0,5,'2019-12-01 08:14:00','CB',24),(870,9,6,'2019-05-09 21:06:00','Espece',27),(871,10,12,'2019-07-03 11:29:00','CB',9),(872,0,5,'2019-04-01 06:22:00','CB',28.5),(873,0,9,'2019-04-12 20:13:00','CB',34),(874,1,1,'2019-12-12 19:49:00','Espece',35.5),(875,69,7,'2019-06-12 01:28:00','Espece',40),(876,122,5,'2019-04-02 08:59:00','Espece',59.5),(877,51,9,'2019-05-01 04:51:00','CB',24.5),(878,0,4,'2019-01-05 15:41:00','CB',24.5),(879,0,4,'2019-08-10 16:52:00','CB',47.5),(880,114,6,'2019-05-03 16:21:00','Espece',39),(881,0,4,'2019-09-03 23:16:00','CB',25),(882,149,1,'2019-10-09 22:46:00','Espece',23),(883,135,2,'2019-12-09 11:32:00','CB',25.5),(884,30,7,'2019-06-01 23:10:00','Espece',6.5),(885,0,2,'2019-07-10 09:27:00','CB',8),(886,0,9,'2019-08-02 03:37:00','CB',40.5),(887,138,5,'2019-01-08 12:39:00','Espece',52.5),(888,0,9,'2019-03-02 18:29:00','CB',15),(889,62,12,'2019-07-10 08:40:00','CB',36),(890,0,5,'2019-07-10 05:23:00','CB',23.5),(891,142,12,'2019-05-10 20:13:00','Espece',57),(892,0,4,'2019-05-12 14:55:00','CB',51),(893,0,4,'2019-12-07 21:02:00','CB',28.5),(894,0,9,'2019-03-07 00:06:00','CB',4),(895,105,9,'2019-12-02 21:30:00','Espece',27.5),(896,0,4,'2019-06-12 13:19:00','CB',56),(897,0,9,'2019-05-07 05:57:00','CB',54.5),(898,52,3,'2019-07-08 16:17:00','CB',24),(899,86,8,'2019-09-08 21:28:00','Espece',41),(900,135,8,'2019-04-03 02:54:00','Espece',23),(901,29,9,'2019-06-12 06:58:00','CB',9),(902,71,4,'2019-10-02 23:01:00','CB',12),(903,130,2,'2019-09-07 08:35:00','CB',41),(904,67,1,'2019-12-06 11:37:00','Espece',66),(905,36,9,'2019-03-01 23:00:00','Espece',69),(906,0,2,'2019-10-07 16:53:00','CB',12.5),(907,20,7,'2019-02-11 02:32:00','CB',13),(908,137,2,'2019-06-07 19:03:00','Espece',38.5),(909,59,12,'2019-02-09 10:19:00','Espece',17),(910,0,2,'2019-04-06 20:22:00','CB',54),(911,135,6,'2019-10-06 06:51:00','Espece',7.5),(912,16,6,'2019-02-11 08:27:00','CB',9),(913,112,10,'2019-10-11 07:42:00','Espece',13.5),(914,0,4,'2019-12-01 17:06:00','CB',16),(915,0,5,'2019-01-02 22:21:00','CB',24),(916,133,4,'2019-04-08 03:43:00','CB',36.5),(917,54,4,'2019-06-03 08:42:00','Espece',31),(918,1,9,'2019-11-02 04:33:00','CB',1.5),(919,59,6,'2019-05-07 12:02:00','CB',24.5),(920,16,11,'2019-04-02 04:38:00','Espece',23),(921,0,5,'2019-03-12 10:23:00','CB',23.5),(922,16,10,'2019-05-03 11:41:00','Espece',24),(923,0,9,'2019-05-03 09:38:00','CB',18),(924,114,2,'2019-07-01 19:57:00','CB',46),(925,0,4,'2019-01-04 15:26:00','CB',79.5),(926,56,11,'2019-06-01 09:56:00','CB',23),(927,105,2,'2019-03-11 00:21:00','Espece',33.5),(928,2,7,'2019-09-02 02:23:00','CB',12),(929,9,8,'2019-05-08 15:21:00','CB',48),(930,69,10,'2019-06-05 04:33:00','CB',25),(931,0,5,'2019-10-03 15:32:00','CB',44),(932,41,4,'2019-03-12 22:08:00','CB',18.5),(933,0,5,'2019-04-07 12:22:00','CB',10.5),(934,51,8,'2019-12-10 00:43:00','Espece',35),(935,138,6,'2019-11-11 21:24:00','Espece',75),(936,135,12,'2019-04-01 04:31:00','CB',37),(937,141,12,'2019-12-10 07:57:00','Espece',39.5),(938,55,10,'2019-06-05 01:21:00','Espece',80),(939,34,1,'2019-10-12 13:07:00','Espece',30),(940,0,2,'2019-01-08 21:32:00','CB',3),(941,0,9,'2019-05-03 03:51:00','CB',50),(942,31,3,'2019-01-10 01:44:00','Espece',35.5),(943,0,4,'2019-12-04 06:43:00','CB',7.5),(944,97,3,'2019-12-06 04:42:00','CB',55.5),(945,3,4,'2019-09-02 06:44:00','Espece',57.5),(946,0,5,'2019-06-02 18:05:00','CB',5.5),(947,54,12,'2019-11-06 16:53:00','CB',74.5),(948,77,4,'2019-02-05 08:51:00','CB',50),(949,61,4,'2019-02-11 07:31:00','CB',15),(950,91,11,'2019-04-09 10:02:00','Espece',38),(951,0,5,'2019-06-06 18:35:00','CB',6.5),(952,138,4,'2019-05-05 17:54:00','Espece',43),(953,142,12,'2019-08-07 02:15:00','CB',8.5),(954,87,4,'2019-04-09 09:58:00','CB',25.5),(955,39,9,'2019-05-07 01:53:00','Espece',20.5),(956,34,6,'2019-06-11 06:33:00','Espece',63.5),(957,67,6,'2019-08-09 03:09:00','CB',37),(958,60,12,'2019-01-12 15:02:00','CB',29),(959,0,5,'2019-01-08 22:42:00','CB',7),(960,39,6,'2019-02-01 14:27:00','CB',9),(961,67,1,'2019-08-03 02:55:00','Espece',18.5),(962,0,2,'2019-11-06 19:58:00','CB',34),(963,0,9,'2019-08-08 21:45:00','CB',21),(964,0,9,'2019-08-03 12:45:00','CB',58.5),(965,0,5,'2019-05-02 23:08:00','CB',18.5),(966,0,5,'2019-08-07 07:27:00','CB',19.5),(967,87,6,'2019-11-09 12:37:00','Espece',42.5),(968,114,1,'2019-06-02 10:16:00','Espece',6),(969,73,8,'2019-12-03 16:08:00','CB',36.5),(970,0,9,'2019-04-05 01:39:00','CB',19.5),(971,54,6,'2019-05-01 07:14:00','CB',52),(972,13,8,'2019-06-11 01:19:00','CB',30.5),(973,137,1,'2019-05-12 11:14:00','Espece',38.5),(974,16,7,'2019-01-08 14:59:00','CB',6),(975,138,6,'2019-09-03 15:11:00','Espece',10),(976,101,2,'2019-02-01 07:03:00','CB',77.5),(977,59,12,'2019-04-11 11:57:00','CB',41),(978,52,2,'2019-03-04 23:01:00','Espece',14),(979,71,5,'2019-12-07 04:35:00','CB',16),(980,86,9,'2019-01-05 19:41:00','CB',17),(981,55,4,'2019-01-04 14:58:00','Espece',16),(982,0,4,'2019-01-12 18:01:00','CB',43),(983,96,9,'2019-07-06 03:11:00','CB',86.5),(984,0,4,'2019-09-10 01:56:00','CB',68.5),(985,105,10,'2019-05-09 19:27:00','CB',61.5),(986,1,6,'2019-08-07 05:18:00','Espece',68.5),(987,130,8,'2019-03-01 07:09:00','Espece',5),(988,0,2,'2019-05-01 06:28:00','CB',33.5),(989,51,5,'2019-01-07 18:18:00','Espece',38.5),(990,20,9,'2019-01-07 15:51:00','CB',27),(991,0,9,'2019-05-08 10:28:00','CB',4),(992,64,5,'2019-02-07 10:42:00','CB',63),(993,20,11,'2019-10-02 16:21:00','CB',23.5),(994,55,7,'2019-11-03 11:45:00','Espece',33.5),(995,0,9,'2019-12-05 07:55:00','CB',5.5),(996,0,2,'2019-10-10 05:53:00','CB',38.5),(997,29,7,'2019-07-08 14:01:00','Espece',40),(998,41,2,'2019-09-12 03:15:00','CB',48.5),(999,36,6,'2019-12-06 13:22:00','CB',38),(1000,0,2,'2019-07-11 05:55:00','CB',24);
/*!40000 ALTER TABLE `Orders` ENABLE KEYS */;
UNLOCK TABLES;

--
-- Table structure for table `Orders_items`
--

DROP TABLE IF EXISTS `Orders_items`;
/*!40101 SET @saved_cs_client     = @@character_set_client */;
/*!40101 SET character_set_client = utf8 */;
CREATE TABLE `Orders_items` (
  `order_id` int(11) NOT NULL,
  `item_id` int(11) NOT NULL,
  `quantite` int(11) NOT NULL,
  UNIQUE KEY `order_id` (`order_id`,`item_id`),
  KEY `Orders_items_fk1` (`item_id`),
  CONSTRAINT `Orders_items_fk0` FOREIGN KEY (`order_id`) REFERENCES `Orders` (`id`) ON DELETE CASCADE,
  CONSTRAINT `Orders_items_fk1` FOREIGN KEY (`item_id`) REFERENCES `Items` (`id`) ON DELETE CASCADE
) ENGINE=InnoDB DEFAULT CHARSET=latin1;
/*!40101 SET character_set_client = @saved_cs_client */;

--
-- Dumping data for table `Orders_items`
--

LOCK TABLES `Orders_items` WRITE;
/*!40000 ALTER TABLE `Orders_items` DISABLE KEYS */;
INSERT INTO `Orders_items` VALUES (1,3,2),(1,7,2),(1,10,2),(1,11,3),(1,13,1),(2,10,1),(2,11,2),(3,4,2),(3,10,1),(3,15,1),(4,3,3),(4,5,2),(4,6,3),(4,13,1),(4,15,2),(4,16,3),(5,3,3),(5,10,1),(5,17,1),(6,2,3),(6,11,2),(7,2,3),(7,8,2),(7,13,2),(7,16,3),(8,11,1),(9,8,1),(9,9,1),(9,10,3),(9,12,3),(9,14,3),(9,17,3),(10,9,2),(10,10,2),(11,2,1),(11,3,1),(11,10,1),(11,17,3),(12,10,3),(13,2,2),(13,3,3),(14,8,1),(14,14,2),(15,10,2),(15,11,1),(15,12,3),(15,14,3),(16,2,2),(16,10,3),(16,11,1),(17,6,3),(17,7,1),(17,10,3),(17,16,1),(18,3,2),(18,16,1),(19,2,3),(19,6,2),(19,15,2),(19,17,1),(20,2,2),(20,12,1),(21,8,3),(22,1,2),(22,2,3),(22,5,2),(22,12,3),(23,1,3),(23,3,1),(23,13,2),(24,1,2),(24,4,3),(24,6,1),(24,7,2),(24,15,3),(25,14,3),(26,3,1),(26,4,1),(26,8,1),(26,12,2),(26,17,3),(27,1,3),(27,2,1),(27,3,3),(27,12,3),(28,12,1),(29,11,1),(29,16,1),(29,17,2),(30,1,2),(30,3,2),(30,8,2),(30,11,3),(30,17,1),(31,13,3),(32,4,2),(32,10,2),(32,11,3),(32,12,2),(33,3,2),(33,7,2),(34,2,3),(34,17,2),(35,7,2),(35,12,3),(36,3,2),(36,7,2),(36,11,1),(36,15,1),(36,16,2),(37,10,2),(37,15,3),(38,3,3),(38,6,1),(38,8,2),(38,10,1),(38,16,1),(39,1,2),(39,4,2),(39,5,2),(39,8,2),(39,9,2),(39,16,2),(40,4,3),(40,7,2),(41,1,3),(41,3,2),(41,8,1),(41,12,2),(41,15,3),(41,16,2),(42,8,3),(42,12,1),(42,13,2),(43,11,2),(43,17,3),(44,3,1),(44,5,2),(44,7,2),(44,8,2),(44,11,3),(44,17,3),(45,2,3),(45,3,2),(45,5,2),(45,7,1),(45,8,1),(45,12,1),(46,8,2),(46,10,3),(46,11,3),(47,3,3),(47,4,2),(47,5,2),(47,10,1),(47,13,2),(47,17,2),(48,10,2),(48,12,1),(49,6,1),(49,17,2),(50,8,3),(50,11,1),(50,12,2),(50,14,1),(50,16,3),(50,17,3),(51,8,1),(51,12,2),(51,14,1),(52,2,3),(52,10,1),(52,11,2),(53,2,3),(53,3,3),(53,7,3),(53,11,2),(53,14,3),(54,9,3),(54,15,1),(55,5,3),(55,8,3),(55,11,1),(55,13,3),(55,16,2),(56,8,2),(56,9,3),(56,14,3),(57,1,3),(57,9,3),(57,10,1),(57,15,1),(57,17,2),(58,3,2),(58,4,1),(58,8,1),(58,10,2),(58,13,3),(59,1,3),(59,4,1),(59,8,3),(59,11,1),(59,12,2),(60,3,2),(60,5,3),(60,11,2),(60,12,1),(60,14,2),(60,17,3),(61,11,1),(61,13,2),(62,1,1),(62,2,1),(62,8,3),(62,11,3),(62,13,1),(62,14,3),(63,9,1),(63,14,3),(64,14,3),(65,11,2),(66,1,1),(66,3,2),(66,8,3),(66,9,2),(66,14,2),(66,17,1),(67,2,3),(67,8,2),(67,12,2),(68,5,2),(68,10,1),(68,11,3),(68,12,3),(68,16,2),(68,17,1),(69,16,2),(70,13,1),(71,3,2),(71,7,1),(71,8,2),(71,11,3),(71,14,1),(71,16,2),(72,9,1),(72,14,3),(73,3,2),(73,11,2),(73,14,1),(74,2,1),(74,3,2),(74,7,3),(74,11,1),(74,12,1),(74,16,2),(75,13,3),(75,14,1),(76,2,2),(77,7,2),(77,9,3),(77,10,1),(77,11,3),(77,13,3),(77,17,3),(78,1,3),(78,2,3),(78,8,1),(78,10,2),(78,12,3),(78,14,2),(79,14,2),(79,16,1),(79,17,1),(80,5,3),(80,8,1),(80,12,3),(80,13,1),(81,5,1),(81,7,2),(81,8,1),(81,13,3),(81,17,3),(82,12,1),(83,1,2),(83,5,3),(83,11,3),(83,13,3),(83,16,3),(84,2,3),(84,8,2),(85,2,2),(85,4,2),(85,9,2),(85,10,1),(85,13,3),(85,14,2),(86,5,1),(86,7,2),(86,8,3),(86,9,3),(87,7,2),(87,12,1),(87,17,2),(88,6,3),(88,7,3),(88,11,2),(88,13,1),(88,15,2),(89,8,2),(90,2,1),(90,10,3),(90,12,3),(90,15,1),(90,17,3),(91,5,2),(91,6,2),(91,13,1),(92,7,2),(92,10,3),(92,12,3),(93,6,2),(93,8,3),(93,14,3),(93,15,1),(93,17,2),(94,1,2),(94,7,1),(94,8,3),(94,12,1),(94,14,2),(95,4,2),(95,8,2),(95,11,1),(95,12,3),(95,17,3),(96,17,2),(97,7,1),(97,10,3),(97,11,1),(97,15,1),(97,16,3),(97,17,3),(98,5,2),(99,11,2),(99,16,2),(100,2,2),(100,5,1),(100,7,2),(100,10,1),(100,12,1),(100,14,2),(101,3,3),(101,4,2),(101,7,2),(101,9,1),(101,13,2),(102,14,2),(103,3,3),(103,7,3),(103,13,3),(103,17,1),(104,3,2),(104,5,2),(104,7,1),(104,10,3),(104,12,2),(105,8,2),(105,10,1),(105,11,3),(105,16,1),(106,6,2),(106,11,2),(107,1,1),(108,5,1),(109,2,1),(109,5,1),(109,8,1),(109,10,3),(110,2,1),(110,11,1),(110,14,2),(110,15,1),(110,16,2),(111,7,3),(111,12,3),(112,2,1),(112,3,1),(112,14,2),(112,16,2),(113,5,1),(113,16,1),(114,4,2),(115,13,1),(116,1,2),(116,6,1),(116,10,1),(116,14,2),(117,2,3),(117,3,2),(117,8,1),(117,17,1),(118,1,3),(118,4,3),(118,15,3),(119,4,2),(119,8,2),(119,11,2),(119,14,1),(119,16,3),(120,2,3),(120,3,3),(120,7,3),(120,13,2),(120,14,3),(120,15,2),(121,3,2),(121,8,2),(121,14,3),(121,17,2),(122,6,2),(123,5,1),(123,7,2),(123,10,1),(123,13,3),(123,14,3),(124,3,1),(124,8,1),(124,11,3),(124,16,3),(125,2,3),(125,8,1),(125,9,3),(126,2,1),(126,3,2),(127,1,2),(127,6,3),(127,12,3),(127,14,3),(127,16,1),(128,2,1),(128,4,1),(128,7,3),(128,10,2),(128,13,3),(128,16,2),(129,2,3),(129,4,1),(129,7,3),(129,12,2),(129,13,3),(129,15,2),(130,3,3),(130,9,2),(130,16,3),(131,2,3),(131,3,3),(131,10,2),(131,16,1),(132,1,1),(132,10,1),(132,11,2),(132,15,2),(133,5,1),(133,12,3),(133,13,1),(133,15,2),(133,17,2),(134,1,2),(134,3,1),(134,4,2),(134,5,2),(134,7,2),(135,13,1),(135,16,1),(136,6,2),(137,4,2),(137,7,1),(137,10,2),(137,12,2),(137,15,1),(138,8,1),(139,7,3),(139,9,3),(139,13,3),(139,16,3),(139,17,3),(140,12,1),(141,11,1),(141,12,3),(142,2,1),(142,7,3),(142,9,2),(142,10,3),(142,16,1),(143,4,3),(143,7,1),(143,8,2),(143,9,1),(143,15,2),(144,3,3),(144,4,2),(144,9,1),(144,14,2),(144,15,2),(145,3,1),(145,5,3),(145,12,2),(145,14,3),(146,2,2),(146,5,3),(146,10,1),(146,17,1),(147,1,1),(147,7,2),(148,9,3),(148,11,1),(148,13,3),(149,3,3),(149,5,3),(149,7,2),(149,9,3),(149,12,1),(149,16,1),(150,1,2),(150,8,2),(150,13,2),(150,14,3),(150,15,3),(151,4,2),(151,5,2),(151,13,3),(151,17,3),(152,10,2),(152,14,3),(152,15,3),(152,16,2),(153,1,1),(153,12,3),(154,12,3),(155,3,1),(155,7,2),(155,8,2),(155,10,2),(155,14,1),(155,15,3),(156,3,2),(156,8,2),(156,12,1),(156,16,2),(156,17,3),(157,8,2),(157,12,2),(158,9,2),(158,17,3),(159,10,1),(159,14,1),(160,3,1),(160,4,2),(160,9,2),(160,11,1),(160,16,2),(161,8,1),(161,13,2),(161,15,1),(162,2,1),(162,13,2),(162,17,1),(163,2,2),(163,5,3),(163,8,2),(163,10,2),(163,12,3),(164,4,3),(164,5,3),(164,6,2),(164,9,2),(164,10,1),(164,17,3),(165,1,1),(165,5,2),(165,13,3),(165,16,3),(166,5,3),(166,6,3),(166,9,1),(166,10,3),(166,12,2),(166,17,3),(167,2,3),(167,6,3),(167,12,2),(167,15,2),(167,17,3),(168,4,2),(168,10,2),(169,2,2),(169,6,1),(169,8,2),(169,13,2),(170,9,1),(170,12,2),(170,13,3),(171,5,3),(171,9,1),(171,12,1),(171,14,3),(172,4,2),(172,11,1),(172,15,1),(173,4,1),(173,8,3),(173,9,2),(174,2,1),(174,5,3),(174,6,1),(174,10,1),(174,17,1),(175,5,2),(175,8,1),(176,2,2),(176,12,2),(176,15,1),(177,1,3),(177,16,2),(178,5,3),(178,9,1),(178,17,1),(179,2,3),(179,7,2),(179,11,2),(179,14,1),(180,7,1),(180,10,2),(180,16,3),(180,17,1),(181,5,1),(181,7,2),(181,8,1),(181,11,3),(181,17,1),(182,3,3),(182,6,1),(182,8,3),(182,11,1),(182,14,3),(182,17,3),(183,7,2),(183,12,3),(184,1,1),(184,6,1),(185,8,3),(185,12,3),(186,3,2),(186,5,2),(186,7,2),(186,9,1),(186,10,1),(186,11,1),(187,13,1),(187,15,1),(188,2,2),(188,7,1),(188,10,3),(188,17,1),(189,8,2),(189,10,2),(189,14,2),(190,2,1),(190,4,3),(190,6,2),(190,8,2),(190,11,1),(190,13,1),(191,2,2),(191,3,1),(191,5,1),(191,6,2),(191,7,2),(191,8,3),(192,2,2),(192,4,1),(192,10,1),(192,11,2),(193,8,2),(194,7,3),(194,14,3),(194,16,1),(195,1,2),(195,9,1),(195,12,1),(196,4,3),(196,8,2),(196,10,1),(196,11,3),(197,4,3),(197,5,2),(197,6,3),(197,8,2),(197,9,3),(197,16,3),(198,2,1),(198,7,3),(198,12,2),(198,17,2),(199,8,3),(199,9,3),(199,11,2),(199,13,3),(199,14,1),(199,17,1),(200,3,1),(200,9,2),(200,12,3),(200,13,3),(200,16,2),(201,4,3),(201,13,3),(202,2,1),(202,9,2),(202,13,2),(202,14,1),(202,15,3),(202,16,2),(203,7,2),(203,11,1),(203,15,1),(203,17,1),(204,2,1),(204,11,3),(204,12,2),(204,13,2),(205,11,3),(206,3,3),(206,8,2),(206,11,3),(206,17,1),(207,1,2),(207,5,2),(207,7,2),(207,8,3),(207,11,3),(207,13,3),(208,2,3),(208,11,1),(208,12,3),(208,14,3),(208,16,2),(208,17,2),(209,3,3),(210,3,1),(210,4,1),(210,8,2),(210,11,3),(210,15,1),(210,17,2),(211,5,1),(212,10,3),(212,17,1),(213,1,1),(213,10,2),(213,14,1),(214,3,1),(214,5,1),(214,7,1),(214,12,1),(214,13,2),(214,16,1),(215,2,1),(215,5,3),(215,9,1),(215,11,2),(216,2,3),(216,5,1),(216,7,3),(216,10,1),(216,11,1),(216,16,2),(217,5,1),(217,17,2),(218,1,3),(218,2,2),(218,5,3),(218,6,1),(218,8,3),(219,13,3),(219,14,3),(219,15,2),(220,9,2),(220,15,1),(221,17,1),(222,3,1),(222,4,1),(222,17,1),(223,2,2),(223,7,2),(223,10,2),(223,12,1),(223,16,1),(224,8,2),(225,9,2),(225,13,1),(226,10,2),(227,7,3),(228,1,3),(228,8,1),(229,8,1),(229,17,2),(230,5,2),(230,6,2),(230,7,3),(230,16,1),(231,3,2),(232,5,2),(232,7,1),(232,8,3),(232,9,3),(232,11,2),(232,17,3),(233,5,1),(233,14,2),(234,3,1),(234,4,2),(234,6,2),(234,13,2),(234,16,1),(235,3,1),(235,6,1),(235,14,3),(235,15,1),(235,16,2),(235,17,2),(236,3,2),(236,4,2),(236,8,3),(236,12,3),(236,17,1),(237,5,1),(237,10,1),(237,11,1),(238,4,3),(239,4,1),(239,15,1),(240,1,2),(240,2,1),(240,6,1),(240,9,3),(240,13,2),(240,17,1),(241,4,2),(241,8,2),(241,12,2),(241,16,1),(242,10,3),(242,11,2),(242,12,2),(243,3,3),(243,14,1),(244,1,2),(244,12,3),(244,15,1),(244,16,3),(244,17,1),(245,1,3),(245,3,1),(245,11,1),(245,13,1),(245,17,2),(246,7,2),(246,10,2),(246,14,2),(247,5,2),(247,7,1),(247,9,1),(247,13,3),(247,15,1),(248,1,2),(248,2,3),(248,3,2),(248,4,1),(248,12,3),(248,14,1),(249,1,1),(249,4,1),(249,7,1),(249,9,1),(249,14,2),(250,6,1),(250,8,2),(250,15,1),(251,5,3),(251,6,1),(251,7,2),(251,8,3),(251,11,2),(251,14,3),(252,8,3),(252,11,1),(252,13,3),(252,16,1),(252,17,3),(253,3,3),(253,4,3),(253,7,1),(253,11,1),(253,12,3),(253,13,2),(254,5,2),(254,10,3),(254,16,3),(255,3,3),(255,7,2),(256,1,1),(256,3,2),(256,8,1),(256,10,2),(256,11,1),(256,12,2),(257,2,1),(257,5,1),(258,5,1),(258,7,3),(258,8,1),(258,12,1),(259,13,2),(259,17,3),(260,5,2),(260,6,1),(260,9,2),(260,17,2),(261,4,2),(261,9,3),(261,15,1),(262,7,2),(262,8,1),(262,10,1),(262,12,3),(263,14,1),(264,2,1),(264,3,3),(264,7,1),(264,8,3),(264,10,1),(264,12,1),(265,2,3),(265,11,2),(265,16,2),(265,17,3),(266,3,2),(266,5,3),(266,6,1),(266,7,3),(266,8,2),(266,13,1),(267,3,2),(267,7,3),(267,10,1),(268,7,1),(269,10,1),(270,3,2),(270,9,3),(270,10,3),(270,12,2),(270,16,1),(271,9,1),(271,11,1),(272,2,2),(272,7,1),(273,6,1),(273,7,3),(273,9,1),(273,12,1),(273,14,1),(273,15,1),(274,2,1),(274,3,2),(274,9,2),(274,16,3),(274,17,2),(275,1,3),(275,2,1),(275,7,1),(275,8,2),(275,12,2),(275,14,1),(276,6,3),(276,8,3),(276,9,1),(276,12,1),(276,15,3),(277,2,2),(277,5,1),(277,12,1),(278,3,1),(278,5,1),(278,12,2),(278,14,3),(279,5,1),(279,8,3),(279,13,1),(279,14,2),(279,16,3),(280,6,3),(280,11,1),(280,12,2),(280,17,1),(281,2,3),(281,6,1),(281,7,2),(281,9,3),(281,17,3),(282,8,2),(283,6,3),(284,1,1),(284,4,1),(284,5,3),(284,9,3),(284,13,3),(285,2,3),(285,4,3),(285,10,3),(286,2,2),(286,8,3),(286,9,1),(286,16,1),(287,3,2),(287,8,3),(288,2,1),(288,5,3),(288,11,1),(289,2,1),(289,5,1),(289,14,3),(289,16,2),(289,17,1),(290,7,2),(290,11,1),(290,12,3),(290,14,3),(291,6,2),(291,15,2),(292,1,1),(292,8,2),(292,11,3),(292,12,2),(292,13,1),(292,14,2),(293,2,3),(294,7,2),(294,16,2),(295,2,1),(295,8,3),(295,11,3),(295,17,1),(296,10,1),(296,12,2),(296,14,1),(296,16,2),(297,6,3),(297,7,1),(298,10,3),(298,11,1),(298,12,1),(298,13,1),(298,17,3),(299,12,3),(299,13,2),(300,5,3),(300,16,1),(301,5,3),(301,7,1),(301,9,2),(301,13,1),(301,16,3),(302,5,2),(302,9,1),(302,10,3),(302,16,3),(303,13,2),(304,1,1),(304,5,1),(304,8,3),(304,12,3),(305,8,1),(305,15,3),(306,1,1),(306,2,1),(306,4,2),(306,6,2),(306,14,2),(306,15,2),(307,12,3),(307,15,3),(308,12,3),(309,2,1),(309,4,1),(309,9,2),(309,10,1),(309,15,1),(309,16,1),(310,7,3),(310,14,3),(311,3,3),(311,4,1),(311,6,2),(312,5,1),(312,8,3),(312,15,1),(312,17,1),(313,4,3),(313,15,2),(313,17,2),(314,7,3),(315,7,1),(315,10,3),(315,11,2),(315,13,1),(315,14,2),(316,10,2),(317,3,2),(317,7,2),(318,10,3),(319,1,1),(319,3,3),(319,10,3),(319,11,1),(319,12,3),(320,10,3),(320,17,1),(321,4,3),(322,4,1),(323,8,3),(323,10,1),(323,13,2),(323,15,1),(324,3,2),(325,6,2),(325,7,3),(325,12,3),(325,14,1),(326,2,2),(326,3,2),(326,6,1),(326,8,2),(326,9,2),(326,12,2),(327,10,3),(327,11,2),(327,13,3),(327,16,3),(328,15,3),(328,16,2),(329,6,2),(329,9,1),(329,11,3),(329,17,2),(330,6,1),(330,14,3),(331,7,1),(332,3,2),(333,2,1),(333,5,1),(333,7,2),(333,10,3),(333,12,3),(334,1,2),(334,5,3),(334,9,3),(334,14,1),(335,5,3),(335,17,1),(336,4,2),(336,9,2),(336,15,1),(336,16,1),(337,2,1),(337,7,2),(338,1,2),(338,7,1),(338,8,2),(338,10,3),(338,14,3),(339,9,2),(339,15,3),(340,1,2),(340,2,3),(340,9,1),(340,17,2),(341,2,1),(341,3,3),(342,10,2),(342,11,3),(343,10,2),(343,13,2),(344,3,2),(344,4,2),(344,5,1),(344,8,2),(344,9,3),(344,12,1),(345,7,2),(345,11,1),(346,2,3),(346,3,2),(346,6,2),(346,10,3),(346,13,1),(347,3,1),(347,15,1),(348,3,3),(348,6,3),(348,9,2),(348,13,3),(348,14,3),(348,16,1),(349,10,3),(350,5,1),(350,6,1),(350,10,1),(350,13,3),(350,17,2),(351,3,2),(351,8,1),(351,9,3),(351,10,1),(351,11,1),(351,12,2),(352,5,2),(353,3,1),(353,10,2),(353,13,1),(354,5,1),(354,7,1),(354,11,1),(355,1,2),(355,2,1),(355,6,2),(355,12,2),(356,8,3),(356,15,3),(356,17,2),(357,3,1),(357,8,2),(357,12,2),(357,14,2),(357,17,1),(358,8,1),(358,11,1),(359,3,3),(359,7,1),(359,9,2),(359,15,2),(360,3,3),(360,10,3),(360,17,2),(361,10,1),(361,12,3),(361,13,1),(361,14,3),(361,17,1),(362,2,1),(362,5,3),(362,9,2),(362,14,2),(362,16,1),(363,7,2),(363,9,3),(363,12,1),(363,13,3),(363,14,1),(363,17,3),(364,2,3),(364,3,1),(364,10,1),(364,11,3),(364,13,2),(365,8,2),(366,2,2),(366,6,2),(366,9,3),(366,12,2),(366,14,1),(367,9,2),(367,12,1),(368,3,3),(369,8,1),(369,9,3),(370,1,2),(370,2,1),(370,8,3),(370,9,1),(370,13,3),(371,3,3),(371,8,1),(371,9,2),(372,5,2),(372,9,2),(373,7,1),(373,13,1),(373,17,2),(374,3,2),(374,6,1),(374,14,3),(374,17,2),(375,6,1),(376,2,3),(376,9,1),(376,11,2),(376,16,2),(377,9,1),(377,10,1),(377,17,1),(378,3,1),(378,5,2),(378,6,2),(378,9,2),(378,10,1),(378,14,3),(379,5,3),(379,11,1),(380,1,1),(380,2,1),(380,4,3),(381,4,2),(381,12,1),(381,17,1),(382,5,3),(382,6,3),(382,11,1),(382,12,1),(382,14,2),(382,17,3),(383,1,2),(383,3,2),(383,5,2),(383,14,1),(383,17,1),(384,1,2),(384,2,1),(384,4,3),(384,7,3),(384,16,1),(385,6,3),(385,11,1),(385,17,3),(386,12,3),(387,1,2),(387,6,2),(388,5,3),(388,14,2),(388,16,3),(389,2,2),(389,14,2),(389,16,3),(390,2,3),(390,5,1),(390,7,1),(390,8,3),(390,9,1),(390,17,3),(391,4,3),(391,6,1),(391,8,3),(391,13,3),(392,2,1),(392,10,2),(392,11,3),(392,16,2),(393,1,2),(393,5,1),(393,10,3),(393,11,2),(393,12,3),(393,13,3),(394,1,1),(394,7,3),(394,12,3),(394,13,2),(394,14,2),(395,4,1),(395,6,1),(395,15,1),(396,5,1),(396,7,2),(397,7,3),(397,10,1),(397,13,1),(398,5,1),(398,7,1),(398,9,1),(398,16,2),(398,17,1),(399,12,3),(400,3,1),(400,16,3),(401,2,1),(402,3,3),(403,1,2),(403,2,2),(403,3,2),(403,14,2),(404,7,2),(404,9,2),(404,16,1),(405,3,1),(405,9,2),(405,10,1),(405,16,2),(406,3,1),(406,5,1),(406,9,2),(406,10,3),(406,12,1),(406,14,3),(407,2,2),(407,10,2),(407,17,3),(408,14,1),(409,10,1),(409,11,2),(409,12,1),(410,2,1),(410,3,3),(410,4,2),(410,6,1),(410,15,3),(411,1,3),(411,2,3),(411,4,3),(411,10,3),(411,11,1),(411,12,1),(412,3,1),(412,11,1),(413,2,3),(413,7,2),(413,8,2),(413,12,1),(413,16,1),(414,3,2),(414,4,2),(414,9,1),(414,13,1),(414,14,1),(415,1,1),(415,6,2),(415,8,2),(415,14,1),(415,16,2),(416,6,2),(416,8,1),(416,9,1),(416,11,2),(416,13,3),(416,14,2),(417,2,1),(417,6,3),(417,9,3),(418,2,1),(418,4,3),(418,8,3),(418,11,3),(418,13,1),(418,15,2),(419,12,1),(420,7,3),(420,10,3),(420,14,2),(421,5,3),(421,7,1),(421,9,3),(421,11,2),(421,12,1),(421,13,1),(422,2,3),(422,3,1),(422,5,3),(422,6,3),(422,10,2),(423,9,3),(424,3,2),(424,16,2),(424,17,3),(425,3,3),(425,14,3),(426,7,3),(426,11,3),(426,15,2),(426,16,3),(427,3,1),(427,5,3),(427,6,3),(427,13,3),(428,7,3),(428,8,2),(429,2,2),(429,8,2),(429,13,1),(429,16,3),(430,3,2),(430,7,3),(430,12,1),(430,15,1),(431,5,3),(431,6,2),(431,7,2),(431,8,3),(431,9,3),(431,17,1),(432,12,3),(432,14,1),(432,16,3),(432,17,1),(433,2,3),(433,7,1),(433,14,1),(434,5,1),(434,7,3),(435,3,3),(435,5,1),(435,9,1),(435,11,1),(436,2,1),(436,6,1),(436,13,1),(437,9,1),(438,8,1),(438,14,3),(438,15,1),(439,17,2),(440,3,3),(440,4,3),(440,8,3),(440,9,1),(440,12,3),(440,16,2),(441,15,2),(442,6,3),(442,17,3),(443,4,3),(443,7,2),(443,11,2),(443,12,1),(443,13,2),(444,5,1),(444,7,1),(444,8,1),(444,9,3),(444,14,1),(444,17,1),(445,2,2),(445,3,2),(445,5,1),(445,6,2),(445,11,3),(445,12,1),(446,7,3),(447,2,1),(447,11,1),(448,3,3),(448,9,3),(448,10,3),(448,13,3),(449,2,2),(449,5,3),(449,10,1),(449,13,2),(449,15,3),(450,1,3),(450,2,2),(450,3,3),(450,8,3),(450,12,3),(450,16,2),(451,7,1),(451,8,1),(451,9,1),(451,10,2),(451,13,1),(451,15,2),(452,5,1),(452,12,3),(453,5,2),(453,9,3),(453,13,3),(453,16,3),(453,17,1),(454,2,2),(454,3,2),(454,4,2),(454,10,3),(454,12,3),(455,9,1),(455,16,2),(456,1,2),(456,2,3),(456,3,1),(457,12,3),(458,3,3),(458,9,1),(459,6,3),(459,8,1),(459,11,2),(460,2,2),(460,7,3),(460,10,2),(460,11,3),(461,3,1),(461,5,2),(461,8,1),(461,9,3),(461,11,2),(462,8,2),(463,7,2),(463,13,3),(464,1,3),(464,3,2),(464,10,1),(464,17,2),(465,10,1),(465,11,1),(465,15,1),(466,1,3),(466,2,3),(466,7,1),(466,14,3),(466,15,3),(467,1,3),(468,5,1),(468,9,1),(468,16,3),(468,17,3),(469,1,1),(470,15,3),(470,16,1),(471,2,3),(471,6,1),(471,10,1),(471,14,3),(472,8,3),(472,14,3),(473,7,2),(473,8,3),(473,11,3),(473,12,2),(473,13,1),(474,4,3),(474,6,2),(475,2,2),(475,3,3),(475,7,3),(475,9,3),(475,11,1),(475,14,2),(476,2,1),(476,8,3),(476,10,3),(476,11,3),(476,12,3),(477,16,3),(478,2,1),(478,4,2),(478,5,2),(478,10,1),(478,13,2),(479,9,3),(480,2,3),(480,8,1),(480,9,2),(480,12,3),(480,13,2),(481,15,1),(482,7,3),(482,9,3),(482,15,2),(482,16,1),(483,3,1),(483,9,2),(483,14,1),(484,2,1),(484,8,1),(484,16,1),(485,2,2),(485,3,3),(485,8,2),(485,11,1),(485,12,2),(485,15,2),(486,2,2),(486,5,3),(486,10,3),(486,12,3),(486,13,2),(487,11,1),(487,13,2),(488,3,1),(488,10,1),(488,16,1),(489,2,3),(489,12,3),(489,14,1),(489,15,3),(490,4,2),(490,12,1),(490,14,2),(491,16,2),(492,3,1),(492,6,1),(492,7,1),(493,15,1),(494,13,3),(495,2,2),(495,8,1),(495,9,2),(496,5,3),(496,7,2),(496,10,3),(496,11,3),(496,12,2),(497,2,2),(497,3,2),(497,11,2),(497,12,2),(497,14,1),(497,17,2),(498,1,1),(498,2,1),(498,12,1),(498,14,2),(498,16,1),(498,17,1),(499,1,3),(499,9,3),(500,4,2),(501,2,1),(501,4,3),(501,16,2),(501,17,3),(502,1,2),(502,6,3),(502,8,1),(502,10,2),(502,14,3),(502,15,2),(503,1,1),(503,5,3),(503,9,1),(503,10,1),(503,16,3),(504,2,1),(504,9,1),(504,11,2),(504,13,2),(504,15,3),(505,6,3),(505,8,2),(505,16,3),(505,17,2),(506,3,2),(506,4,3),(506,9,2),(506,10,1),(507,1,2),(507,3,1),(507,6,1),(507,7,3),(507,12,3),(508,1,1),(508,2,2),(508,4,3),(508,5,3),(508,8,1),(508,10,3),(509,2,2),(509,12,2),(509,13,1),(509,14,3),(510,4,3),(510,5,2),(510,7,2),(510,8,3),(510,11,2),(510,17,2),(511,3,1),(511,8,2),(511,15,1),(511,16,1),(512,1,3),(512,8,2),(512,11,1),(512,14,2),(513,5,1),(514,9,3),(515,5,3),(515,7,1),(515,8,3),(515,10,2),(515,14,1),(515,16,3),(516,8,3),(516,9,3),(516,15,2),(517,13,1),(518,9,2),(518,11,2),(519,14,3),(520,1,2),(520,4,3),(520,6,2),(520,7,2),(520,17,2),(521,4,3),(521,6,1),(521,13,2),(522,1,2),(522,8,2),(522,9,3),(522,10,2),(522,12,3),(523,5,2),(523,8,1),(523,12,2),(524,10,1),(524,17,2),(525,10,3),(525,11,2),(525,13,3),(525,14,1),(526,17,1),(527,1,1),(527,4,1),(527,8,1),(527,11,1),(527,12,3),(527,17,2),(528,1,2),(528,17,3),(529,3,3),(529,6,2),(529,16,2),(530,7,3),(530,8,1),(530,10,1),(530,17,2),(531,2,2),(531,5,1),(531,8,2),(531,11,2),(531,16,2),(532,2,2),(532,3,2),(532,5,1),(533,8,2),(533,10,1),(533,15,2),(534,2,1),(534,5,1),(534,11,3),(534,14,3),(534,16,3),(535,3,2),(536,1,3),(536,4,3),(536,5,1),(536,14,1),(537,4,2),(537,5,3),(537,11,1),(537,12,3),(537,13,3),(538,3,1),(538,10,1),(538,11,1),(538,17,3),(539,6,2),(539,14,1),(540,1,1),(540,7,1),(540,14,1),(540,17,3),(541,8,3),(541,9,2),(542,2,2),(542,8,3),(542,9,3),(543,7,3),(544,3,1),(544,6,3),(544,12,1),(544,14,2),(544,15,1),(544,17,2),(545,5,3),(545,12,2),(545,14,2),(545,16,2),(545,17,1),(546,9,2),(546,10,1),(547,17,2),(548,1,3),(548,3,2),(548,9,1),(548,12,1),(548,14,2),(549,2,2),(549,9,3),(549,13,1),(549,16,1),(550,4,1),(550,7,1),(550,11,2),(550,17,1),(551,7,3),(551,8,1),(551,10,2),(551,13,1),(551,16,1),(552,1,2),(552,2,3),(552,4,2),(552,6,1),(552,13,1),(553,8,3),(553,16,2),(554,4,1),(554,7,3),(554,9,1),(554,11,3),(554,14,1),(554,16,3),(555,3,1),(555,5,1),(555,10,1),(555,14,3),(555,17,2),(556,6,2),(556,10,1),(556,12,1),(556,15,2),(557,2,3),(557,3,2),(557,8,1),(557,11,3),(557,13,2),(557,16,1),(558,2,2),(558,5,3),(558,6,1),(558,8,3),(558,15,2),(558,17,2),(559,2,1),(559,7,3),(559,8,3),(559,10,3),(560,1,3),(560,5,3),(560,6,3),(560,11,2),(560,12,2),(560,14,3),(561,7,3),(561,8,2),(561,14,2),(562,7,2),(562,11,2),(562,12,2),(562,14,1),(563,1,1),(563,2,3),(563,6,1),(563,14,2),(563,15,3),(563,16,1),(564,1,3),(564,4,3),(564,7,2),(564,8,2),(564,14,3),(564,17,2),(565,2,2),(566,3,1),(566,10,3),(566,17,2),(567,1,1),(567,8,2),(567,14,3),(568,5,2),(568,12,3),(568,13,2),(568,14,1),(569,16,1),(570,1,3),(570,3,1),(570,7,2),(570,16,2),(571,7,1),(571,12,3),(571,13,2),(572,11,2),(572,13,1),(573,5,3),(574,1,2),(574,10,3),(575,5,3),(575,6,1),(575,9,3),(575,11,3),(575,16,2),(576,3,2),(576,6,2),(576,7,3),(576,9,1),(576,11,2),(577,6,2),(577,15,3),(578,2,2),(578,5,3),(578,7,1),(578,14,1),(578,17,3),(579,1,1),(579,2,1),(579,7,1),(579,10,2),(579,12,1),(579,13,3),(580,2,1),(581,2,1),(581,3,3),(581,8,3),(581,11,1),(581,12,2),(581,13,1),(582,1,2),(582,6,2),(582,10,1),(582,12,1),(582,13,2),(582,15,3),(583,4,1),(583,7,3),(583,10,3),(583,12,2),(584,10,2),(585,2,3),(585,7,1),(585,12,1),(586,2,1),(586,10,1),(586,14,1),(587,2,1),(587,3,3),(587,8,2),(587,9,2),(587,14,2),(587,17,1),(588,2,2),(588,5,3),(588,8,1),(588,14,1),(588,16,3),(588,17,1),(589,3,2),(589,9,3),(589,13,2),(589,17,3),(590,1,1),(590,4,3),(590,5,2),(590,8,2),(590,10,2),(590,13,1),(591,8,3),(592,4,3),(592,7,2),(592,11,1),(592,12,1),(592,13,1),(592,15,3),(593,1,3),(593,7,3),(593,10,3),(593,12,1),(593,15,2),(594,3,2),(594,6,1),(594,11,2),(594,14,3),(594,16,1),(595,5,1),(595,7,1),(595,14,2),(596,2,1),(596,12,2),(596,15,3),(597,7,2),(597,9,2),(597,15,3),(598,2,3),(598,5,1),(598,13,3),(598,15,1),(599,4,2),(599,5,3),(599,7,2),(599,9,3),(599,12,1),(599,16,2),(600,1,1),(600,5,2),(600,7,2),(600,9,2),(600,16,2),(601,1,2),(602,3,1),(602,4,2),(602,10,3),(602,11,1),(602,13,3),(602,16,2),(603,4,2),(603,6,1),(603,14,1),(604,3,2),(604,11,3),(604,13,3),(605,6,2),(605,7,3),(606,1,2),(606,4,3),(606,8,1),(607,1,1),(607,4,1),(607,5,1),(607,6,2),(607,10,3),(607,11,1),(608,2,2),(609,6,3),(610,2,2),(610,7,1),(610,9,2),(610,10,1),(610,11,2),(610,13,3),(611,1,1),(612,1,3),(612,6,3),(612,11,2),(612,15,2),(613,8,3),(613,12,2),(613,14,1),(613,17,1),(614,3,3),(614,5,3),(614,10,3),(614,12,1),(614,15,2),(615,2,2),(615,4,2),(616,7,1),(616,15,1),(617,4,3),(617,8,2),(617,17,2),(618,3,1),(618,8,2),(618,10,1),(618,15,3),(618,16,3),(619,8,1),(619,14,3),(620,4,2),(620,7,1),(620,13,1),(620,16,1),(621,2,1),(621,4,3),(621,6,3),(621,9,1),(621,14,3),(621,15,3),(622,4,3),(622,7,2),(622,13,3),(622,15,2),(622,17,3),(623,1,1),(623,3,3),(623,4,1),(623,5,2),(623,9,1),(623,12,2),(624,3,3),(624,8,3),(624,9,3),(624,16,1),(624,17,1),(625,2,2),(625,5,1),(625,9,1),(625,14,3),(626,1,2),(626,13,2),(627,2,3),(627,7,2),(627,9,2),(627,16,2),(628,4,1),(629,1,2),(629,9,3),(629,10,2),(629,16,2),(629,17,1),(630,2,3),(630,3,2),(630,5,2),(630,7,3),(630,10,3),(630,16,3),(631,2,2),(631,17,2),(632,3,3),(633,2,1),(633,3,1),(633,8,1),(633,12,3),(634,6,1),(635,1,2),(635,4,3),(635,5,2),(635,7,2),(635,9,1),(635,10,1),(636,3,3),(636,5,1),(636,12,2),(637,1,3),(637,4,3),(637,6,1),(637,8,2),(637,14,3),(637,15,3),(638,1,3),(638,10,3),(639,8,2),(639,9,3),(639,14,2),(639,16,1),(639,17,1),(640,3,3),(640,5,2),(640,14,3),(641,1,3),(641,7,2),(641,10,3),(641,11,2),(641,17,1),(642,8,1),(642,9,1),(642,11,1),(642,12,3),(642,17,1),(643,9,3),(643,16,3),(644,4,1),(644,6,3),(644,7,1),(644,9,2),(644,10,1),(644,12,1),(645,4,1),(645,7,3),(645,8,1),(645,9,3),(645,14,2),(645,16,2),(646,1,2),(646,2,1),(646,3,3),(646,13,2),(646,15,2),(647,9,2),(647,11,3),(647,12,2),(647,16,3),(648,2,1),(648,7,3),(648,15,3),(649,2,2),(649,4,1),(649,10,2),(649,11,3),(649,16,3),(649,17,3),(650,10,1),(651,1,3),(651,2,3),(651,4,2),(651,12,3),(652,3,2),(652,5,2),(652,9,3),(652,12,3),(652,16,3),(653,5,3),(653,8,2),(653,12,3),(653,16,3),(653,17,1),(654,5,1),(655,8,3),(655,10,1),(655,11,3),(655,12,1),(655,16,3),(655,17,2),(656,7,1),(657,2,1),(657,3,1),(657,5,3),(657,7,3),(658,2,1),(658,6,2),(658,13,2),(658,14,1),(658,17,3),(659,13,2),(659,15,3),(660,5,1),(660,8,3),(661,1,1),(661,11,3),(662,6,3),(662,9,1),(662,15,1),(663,6,3),(663,10,3),(663,15,2),(664,4,1),(664,7,3),(664,11,2),(664,13,2),(664,15,1),(664,16,2),(665,3,2),(665,7,3),(665,9,2),(665,12,2),(666,2,2),(666,15,3),(667,3,3),(667,9,3),(667,13,2),(667,15,1),(667,17,2),(668,10,2),(668,17,2),(669,7,2),(669,12,1),(670,1,2),(670,8,1),(670,9,3),(670,11,1),(671,2,2),(671,3,1),(671,12,1),(672,2,1),(672,7,1),(673,10,3),(673,12,1),(674,1,1),(674,6,2),(674,7,3),(674,13,1),(674,14,2),(675,2,1),(675,8,3),(675,13,2),(675,15,3),(676,11,1),(677,1,2),(677,3,3),(677,8,3),(677,14,3),(677,17,1),(678,11,3),(678,14,1),(678,17,2),(679,1,2),(679,7,1),(679,9,2),(679,13,2),(680,3,3),(680,7,2),(680,9,1),(680,11,1),(681,5,1),(681,8,1),(681,11,2),(681,12,1),(681,13,3),(681,14,1),(682,17,1),(683,1,3),(683,11,2),(684,7,1),(684,12,3),(684,17,2),(685,13,3),(686,11,3),(686,13,3),(687,2,3),(687,3,3),(687,12,1),(687,13,1),(687,16,1),(687,17,3),(688,2,1),(688,3,1),(688,4,2),(688,11,3),(689,14,2),(690,3,3),(690,5,1),(690,7,2),(690,8,1),(690,14,1),(690,17,1),(691,2,2),(691,7,2),(691,12,3),(692,2,2),(692,4,1),(692,6,1),(692,7,1),(692,9,2),(692,10,2),(693,2,2),(693,4,3),(693,5,2),(693,13,1),(694,1,2),(694,10,2),(694,15,1),(694,16,2),(695,6,3),(695,8,1),(695,14,2),(696,2,2),(696,6,2),(697,2,1),(698,5,2),(698,8,3),(698,11,3),(698,12,1),(698,13,1),(698,17,1),(699,11,1),(700,7,3),(700,10,2),(700,11,2),(700,14,2),(700,15,2),(701,3,3),(701,4,3),(701,5,3),(701,11,1),(701,14,1),(701,16,1),(702,2,1),(702,7,2),(702,9,3),(702,12,1),(702,16,3),(702,17,2),(703,14,3),(704,4,3),(704,8,2),(704,11,1),(704,15,2),(704,16,1),(705,2,1),(705,9,2),(705,13,2),(706,8,2),(706,9,2),(706,11,2),(706,12,1),(706,14,2),(706,16,1),(707,2,3),(707,13,3),(708,7,1),(708,10,3),(708,11,1),(708,13,2),(708,17,3),(709,8,3),(710,1,2),(710,2,2),(710,4,2),(710,6,2),(710,8,3),(711,2,2),(711,7,2),(712,4,3),(712,17,1),(713,12,3),(714,9,1),(715,11,3),(716,1,2),(716,2,2),(716,3,2),(716,7,3),(716,14,2),(717,9,1),(718,1,2),(718,8,2),(718,17,2),(719,10,1),(719,16,2),(720,12,2),(720,14,1),(721,11,2),(721,14,1),(721,16,3),(721,17,3),(722,7,3),(722,9,3),(722,10,3),(722,12,1),(723,7,1),(724,3,1),(725,5,1),(725,7,3),(725,9,1),(725,12,3),(725,14,2),(725,17,2),(726,14,2),(727,1,3),(727,2,3),(727,5,2),(727,6,2),(728,2,3),(729,1,1),(729,3,2),(729,7,1),(729,9,2),(729,10,2),(729,16,3),(730,8,1),(730,13,3),(731,4,1),(731,6,2),(731,11,3),(732,1,3),(733,3,3),(733,5,3),(733,16,3),(733,17,1),(734,1,3),(734,5,1),(734,6,1),(734,12,3),(734,14,3),(734,17,1),(735,12,2),(736,8,1),(737,1,1),(737,7,2),(737,12,1),(738,10,3),(738,17,3),(739,2,2),(739,7,1),(739,13,3),(740,11,1),(741,3,2),(741,10,2),(741,14,1),(741,17,1),(742,6,1),(742,8,2),(742,12,1),(742,13,3),(742,16,1),(743,1,3),(743,2,1),(743,4,3),(743,9,1),(743,13,1),(744,4,2),(744,11,1),(744,14,1),(744,15,3),(745,13,1),(746,7,3),(746,8,3),(746,9,3),(746,10,2),(746,11,1),(746,13,1),(747,1,3),(747,13,2),(747,15,2),(748,11,3),(748,17,2),(749,9,2),(749,13,2),(749,14,3),(749,17,3),(750,1,3),(750,9,2),(750,12,1),(750,13,2),(751,1,3),(751,15,3),(752,7,3),(752,9,2),(752,11,3),(752,12,1),(752,14,3),(752,15,1),(753,4,3),(754,6,2),(754,8,1),(754,10,3),(754,15,3),(754,16,2),(755,2,3),(755,7,2),(755,8,3),(755,11,2),(755,13,3),(755,15,1),(756,2,1),(756,10,1),(756,11,2),(756,15,3),(756,16,3),(756,17,3),(757,8,1),(757,17,3),(758,2,1),(758,9,2),(758,12,2),(759,2,3),(759,7,1),(759,13,2),(759,16,1),(760,1,3),(760,3,2),(760,11,1),(760,17,1),(761,7,1),(761,8,2),(761,10,3),(761,11,1),(761,14,3),(761,17,2),(762,4,1),(762,16,1),(763,9,3),(763,13,1),(764,6,2),(764,16,3),(765,10,3),(766,5,3),(766,7,3),(766,8,2),(766,11,2),(766,14,2),(767,3,1),(768,3,1),(769,4,3),(769,12,3),(770,2,1),(770,3,3),(770,4,1),(771,6,3),(771,9,1),(771,11,3),(771,13,3),(771,14,1),(771,15,3),(772,5,2),(772,13,2),(773,11,3),(773,15,1),(774,5,3),(775,1,3),(775,8,1),(775,9,3),(775,16,2),(776,2,2),(776,3,3),(776,14,3),(777,10,2),(777,14,2),(778,5,2),(778,11,1),(778,12,3),(778,16,2),(779,2,2),(779,10,3),(779,15,3),(780,1,2),(780,12,2),(780,14,1),(781,4,1),(781,7,3),(781,8,3),(781,9,3),(781,12,2),(782,8,2),(782,9,2),(783,2,1),(783,10,2),(783,13,2),(784,4,2),(784,7,3),(784,12,2),(784,14,3),(784,17,3),(785,1,1),(785,6,1),(785,7,3),(785,9,3),(785,12,2),(785,17,3),(786,8,2),(786,10,2),(787,6,2),(787,9,1),(788,7,2),(788,10,3),(788,11,2),(788,12,2),(788,13,3),(788,14,3),(789,2,2),(789,7,2),(789,9,1),(789,10,2),(789,12,3),(789,17,2),(790,2,1),(790,5,3),(790,13,3),(790,14,2),(790,16,1),(791,2,1),(791,6,1),(791,8,2),(791,11,3),(791,12,3),(792,1,1),(792,3,1),(792,4,3),(792,11,2),(792,15,3),(792,17,2),(793,8,3),(793,11,1),(794,3,3),(794,9,3),(795,2,2),(795,5,1),(795,12,1),(796,2,2),(796,8,3),(796,9,3),(796,17,1),(797,1,1),(797,3,3),(797,12,1),(797,17,1),(798,4,3),(798,6,2),(798,9,3),(798,11,3),(798,12,1),(798,15,3),(799,5,1),(799,11,1),(799,13,3),(799,16,1),(800,4,3),(800,7,1),(800,11,3),(800,12,2),(800,14,1),(800,15,2),(801,7,1),(801,11,1),(801,13,1),(802,6,1),(802,15,3),(803,10,3),(803,17,1),(804,2,3),(804,5,1),(804,8,1),(804,10,1),(804,11,1),(804,12,2),(805,3,1),(805,9,2),(805,11,2),(805,12,3),(805,17,3),(806,2,2),(806,8,2),(806,13,1),(806,16,3),(806,17,1),(807,1,1),(807,6,1),(807,14,2),(808,2,3),(808,3,3),(808,7,3),(808,8,2),(808,16,3),(809,2,1),(809,17,1),(810,1,1),(810,3,3),(810,6,1),(810,10,2),(811,7,3),(811,12,1),(811,13,3),(811,16,3),(811,17,1),(812,4,2),(812,15,3),(812,16,1),(813,2,2),(813,4,3),(813,6,3),(813,12,3),(813,14,3),(814,9,2),(815,2,1),(815,3,2),(815,5,2),(815,7,3),(815,8,3),(815,15,2),(816,1,1),(816,11,3),(816,13,2),(817,3,3),(817,5,1),(817,7,1),(817,8,3),(817,11,3),(817,16,1),(818,3,2),(818,9,2),(819,2,1),(819,10,2),(819,12,1),(819,13,1),(819,14,2),(819,15,2),(820,1,3),(820,6,1),(820,7,3),(820,8,2),(820,14,3),(821,6,3),(821,8,2),(822,2,3),(822,3,1),(822,8,1),(823,13,2),(824,2,2),(824,8,1),(824,12,1),(824,17,3),(825,4,1),(825,11,2),(826,3,2),(827,6,1),(827,8,3),(828,7,2),(828,14,2),(828,17,1),(829,2,1),(829,11,3),(829,13,3),(829,15,2),(829,16,2),(830,3,2),(830,10,2),(830,11,2),(830,14,1),(830,15,3),(830,16,2),(831,7,1),(832,1,2),(832,6,2),(832,13,2),(833,9,1),(833,13,1),(834,2,3),(834,3,3),(834,7,2),(834,9,2),(834,13,1),(835,2,3),(835,7,3),(835,13,2),(835,14,1),(835,16,3),(836,2,2),(836,10,3),(836,11,3),(836,16,3),(837,4,1),(837,7,2),(837,9,3),(838,12,2),(838,15,1),(839,1,1),(839,8,2),(839,10,2),(839,13,1),(839,15,1),(840,3,2),(840,7,3),(840,9,1),(840,12,2),(840,17,1),(841,5,2),(841,11,3),(841,13,2),(841,14,3),(842,5,2),(842,7,2),(842,10,3),(842,16,3),(842,17,1),(843,1,3),(843,2,2),(843,7,3),(843,13,1),(844,6,3),(844,10,1),(844,11,3),(844,15,2),(845,12,1),(846,3,1),(846,6,1),(846,7,2),(846,14,3),(846,15,2),(846,17,1),(847,3,2),(847,4,3),(847,8,2),(847,10,3),(847,13,1),(848,4,2),(848,5,2),(848,11,3),(848,14,2),(849,1,1),(849,4,3),(849,7,3),(849,11,1),(850,8,1),(850,12,3),(850,13,3),(850,17,3),(851,6,1),(851,8,2),(851,11,1),(852,1,1),(852,9,2),(852,10,2),(852,11,2),(852,13,3),(852,14,3),(853,3,3),(853,5,3),(853,9,1),(853,12,2),(853,15,1),(854,2,1),(854,10,2),(854,14,3),(855,9,2),(855,12,1),(855,13,2),(855,15,3),(856,3,1),(856,7,1),(856,9,2),(856,11,1),(856,12,2),(856,14,3),(857,3,2),(858,1,3),(858,4,2),(858,7,2),(858,9,3),(858,11,1),(858,14,1),(859,13,3),(859,15,1),(859,16,3),(860,8,3),(861,4,3),(861,8,2),(861,10,2),(861,11,3),(861,12,1),(862,7,2),(862,8,1),(862,11,1),(862,13,2),(862,14,2),(862,17,3),(863,7,2),(863,13,1),(864,14,1),(865,3,3),(865,14,3),(866,1,3),(866,2,1),(866,4,3),(866,7,3),(866,9,1),(866,15,2),(867,1,3),(867,8,2),(867,11,2),(867,12,2),(867,13,3),(868,2,2),(868,10,2),(868,12,3),(869,7,1),(869,9,2),(869,15,2),(870,3,3),(870,4,1),(870,12,3),(871,13,3),(872,3,1),(872,4,1),(872,5,1),(872,8,2),(872,16,2),(873,5,3),(873,8,3),(873,10,2),(873,12,1),(874,8,2),(874,10,1),(874,11,1),(874,12,1),(874,14,3),(875,7,1),(875,9,3),(875,13,1),(875,14,3),(876,1,1),(876,4,3),(876,10,2),(876,12,1),(876,16,2),(876,17,3),(877,2,3),(877,9,2),(878,5,1),(878,8,3),(878,10,1),(878,16,2),(879,1,2),(879,11,2),(879,12,3),(879,17,3),(880,5,3),(880,8,2),(880,16,3),(881,6,3),(881,10,2),(881,11,3),(881,12,1),(882,1,1),(882,4,3),(882,13,3),(883,8,2),(883,11,1),(883,13,1),(883,17,2),(884,11,1),(884,16,1),(885,7,2),(886,7,3),(886,8,1),(886,17,3),(887,4,1),(887,8,3),(887,11,2),(887,14,3),(887,15,1),(887,17,1),(888,7,3),(888,13,1),(889,1,1),(889,2,3),(889,4,2),(889,6,1),(889,8,1),(890,7,1),(890,11,1),(890,17,2),(891,2,2),(891,7,3),(891,10,1),(891,11,3),(891,14,2),(891,15,1),(892,4,1),(892,7,1),(892,10,3),(892,14,2),(892,17,2),(893,8,2),(893,9,3),(893,11,1),(893,12,3),(893,17,1),(894,7,1),(895,3,2),(895,8,1),(895,9,3),(895,11,3),(895,13,1),(896,2,2),(896,3,3),(896,5,1),(896,8,2),(896,15,1),(896,17,1),(897,3,3),(897,5,3),(897,7,2),(897,13,3),(898,3,2),(898,8,3),(898,12,1),(898,13,2),(899,2,3),(899,8,1),(899,13,1),(899,14,2),(900,2,1),(900,5,2),(900,9,1),(901,8,2),(901,13,2),(902,10,3),(902,13,1),(903,4,1),(903,6,1),(903,10,3),(903,15,2),(903,16,2),(904,11,2),(904,14,3),(904,15,3),(904,16,3),(905,2,2),(905,3,3),(905,5,3),(905,7,2),(905,10,2),(905,11,3),(906,1,1),(906,8,3),(906,10,1),(907,1,1),(907,7,2),(908,3,1),(908,5,2),(908,10,3),(908,16,2),(909,14,2),(910,2,2),(910,6,2),(910,7,1),(910,13,3),(910,15,2),(910,16,1),(911,11,3),(911,13,1),(912,4,2),(912,11,2),(913,12,2),(913,14,1),(914,6,1),(914,11,2),(914,17,1),(915,5,3),(915,10,1),(916,2,3),(916,14,2),(917,2,3),(917,7,1),(917,8,2),(917,11,3),(918,11,1),(919,1,1),(919,8,3),(919,15,2),(920,2,2),(920,7,1),(920,10,2),(921,3,3),(921,5,1),(922,7,3),(922,8,3),(922,9,3),(923,3,1),(923,9,1),(923,16,2),(924,1,2),(924,5,3),(924,15,2),(925,3,3),(925,6,3),(925,8,3),(925,11,2),(925,14,3),(925,17,2),(926,1,2),(926,11,1),(926,12,1),(926,13,3),(927,3,2),(927,15,3),(928,7,3),(929,9,2),(929,12,3),(929,14,3),(929,16,2),(930,10,1),(930,12,2),(930,14,2),(931,1,3),(931,2,1),(931,4,1),(931,8,1),(931,10,1),(931,16,3),(932,1,2),(932,3,1),(932,11,2),(933,8,2),(933,9,3),(934,5,2),(934,8,3),(934,12,2),(934,13,1),(934,14,1),(935,2,1),(935,5,3),(935,6,1),(935,13,1),(935,14,3),(935,15,2),(936,2,1),(936,6,2),(936,9,2),(936,10,3),(936,14,1),(937,10,1),(937,12,2),(937,13,3),(937,15,3),(938,5,3),(938,7,3),(938,9,2),(938,11,1),(938,14,3),(938,16,3),(939,1,1),(939,2,2),(939,10,3),(939,11,2),(940,13,1),(941,3,1),(941,5,3),(941,8,3),(941,10,1),(941,13,2),(941,16,2),(942,4,2),(942,10,3),(942,11,2),(942,13,3),(942,14,1),(943,9,3),(944,1,1),(944,2,2),(944,6,3),(944,15,1),(944,17,2),(945,9,3),(945,10,2),(945,11,2),(945,14,2),(945,16,3),(945,17,1),(946,9,1),(946,10,1),(947,1,3),(947,4,1),(947,6,3),(947,7,1),(947,14,3),(947,15,2),(948,1,2),(948,3,3),(948,4,3),(948,6,1),(948,8,1),(948,17,1),(949,4,2),(949,13,3),(950,2,3),(950,6,2),(950,9,3),(950,11,2),(951,2,1),(952,3,2),(952,5,2),(952,17,2),(953,4,2),(953,9,1),(954,2,2),(954,7,2),(954,11,3),(955,2,1),(955,10,3),(955,12,2),(956,2,3),(956,7,1),(956,10,3),(956,14,1),(956,15,3),(957,3,3),(957,6,2),(957,7,2),(957,11,3),(958,2,3),(958,7,2),(958,8,1),(959,4,1),(959,7,1),(960,17,1),(961,2,1),(961,8,3),(961,12,3),(962,10,3),(962,12,1),(962,15,1),(962,16,3),(963,3,2),(963,7,1),(963,10,1),(963,11,2),(964,5,3),(964,8,3),(964,10,2),(964,17,3),(965,2,1),(965,7,3),(966,1,2),(966,6,2),(966,8,1),(967,3,2),(967,6,2),(967,8,2),(967,11,2),(967,14,1),(967,17,1),(968,13,2),(969,5,1),(969,10,3),(969,11,2),(969,14,1),(969,17,1),(970,11,2),(970,12,3),(970,17,1),(971,2,2),(971,7,3),(971,11,2),(971,13,3),(971,16,3),(972,3,2),(972,8,1),(972,17,2),(973,2,2),(973,14,3),(974,10,2),(975,1,2),(976,3,3),(976,4,3),(976,5,2),(976,10,2),(976,14,2),(976,15,2),(977,4,3),(977,7,2),(977,10,3),(977,15,2),(978,3,1),(978,7,1),(978,8,3),(979,1,2),(979,8,2),(979,11,2),(980,7,2),(980,8,3),(980,11,3),(981,13,2),(981,16,2),(982,7,2),(982,8,1),(982,11,2),(982,13,1),(982,15,3),(982,16,1),(983,2,1),(983,3,3),(983,10,2),(983,12,2),(983,14,3),(983,17,3),(984,2,1),(984,3,2),(984,9,1),(984,13,3),(984,14,2),(984,15,3),(985,5,3),(985,10,2),(985,12,1),(985,13,3),(985,16,1),(985,17,2),(986,2,1),(986,5,3),(986,7,2),(986,10,1),(986,15,2),(986,16,3),(987,9,2),(988,2,1),(988,17,3),(989,1,3),(989,10,2),(989,11,1),(989,12,3),(989,14,1),(990,11,1),(990,14,3),(991,7,1),(992,5,3),(992,8,2),(992,9,3),(992,11,3),(992,17,3),(993,1,3),(993,14,1),(994,1,1),(994,6,2),(994,7,1),(994,9,3),(994,10,3),(995,9,1),(995,11,2),(996,7,3),(996,10,3),(996,15,1),(996,16,2),(997,3,1),(997,9,3),(997,11,3),(997,15,3),(998,3,1),(998,5,1),(998,7,1),(998,12,2),(998,17,3),(999,4,1),(999,5,2),(999,6,1),(999,7,1),(999,8,2),(999,16,2),(1000,13,3),(1000,15,2);
/*!40000 ALTER TABLE `Orders_items` ENABLE KEYS */;
UNLOCK TABLES;

--
-- Table structure for table `Pays`
--

DROP TABLE IF EXISTS `Pays`;
/*!40101 SET @saved_cs_client     = @@character_set_client */;
/*!40101 SET character_set_client = utf8 */;
CREATE TABLE `Pays` (
  `id` int(11) NOT NULL,
  `pays` varchar(255) NOT NULL,
  PRIMARY KEY (`id`)
) ENGINE=InnoDB DEFAULT CHARSET=latin1;
/*!40101 SET character_set_client = @saved_cs_client */;

--
-- Dumping data for table `Pays`
--

LOCK TABLES `Pays` WRITE;
/*!40000 ALTER TABLE `Pays` DISABLE KEYS */;
INSERT INTO `Pays` VALUES (1,'France'),(2,'Espagne'),(3,'Allemagne');
/*!40000 ALTER TABLE `Pays` ENABLE KEYS */;
UNLOCK TABLES;

--
-- Table structure for table `Personnel`
--

DROP TABLE IF EXISTS `Personnel`;
/*!40101 SET @saved_cs_client     = @@character_set_client */;
/*!40101 SET character_set_client = utf8 */;
CREATE TABLE `Personnel` (
  `id` int(11) NOT NULL AUTO_INCREMENT,
  `prenom` varchar(255) NOT NULL,
  `nom` varchar(255) NOT NULL,
  `adresse` varchar(255) NOT NULL,
  `experience` float NOT NULL,
  `rib` varchar(255) NOT NULL,
  PRIMARY KEY (`id`)
) ENGINE=InnoDB AUTO_INCREMENT=151 DEFAULT CHARSET=latin1;
/*!40101 SET character_set_client = @saved_cs_client */;

--
-- Dumping data for table `Personnel`
--

LOCK TABLES `Personnel` WRITE;
/*!40000 ALTER TABLE `Personnel` DISABLE KEYS */;
INSERT INTO `Personnel` VALUES (1,'Martine','Legros','7, boulevard Perrier 49420 Barthelemy',4,'FR2544310802444875888716451'),(2,'Maurice','Marchand','33, rue de Roy 40940 Goncalves-sur-Didier',4,'FR2970783944811169039598628'),(3,'Alix','Chauvin','15, boulevard de Vasseur 72504 Gaudin',2,'FR0220516324004890001632844'),(4,'Suzanne','Hubert','5, rue Robert Guillet 77134 Peron',4,'FR7206901320855904522668869'),(5,'Nicolas','Sauvage','363, chemin Legendre 49160 Sainte Claude',2,'FR1226113194300801447796632'),(6,'Louis','Michaud','avenue Grard 15080 Sainte Andr',3,'FR6606592194308637329276538'),(7,'Agns','Hardy','6, avenue de Valentin 79220 Bousquet-sur-Mer',3,'FR2401035125502529180640174'),(8,'Ins','Lambert','494, boulevard de Franois 98487 ParentVille',3,'FR6467618157305081996261152'),(9,'Grgoire','Fournier','69, boulevard Bertrand Marion 22926 Costa-sur-Riou',3,'FR5767699511969929722190489'),(10,'Gabrielle','Michel','94, boulevard de Allard 35312 Perrier-sur-Delmas',3,'FR5701456428006528559848293'),(11,'Aurlie','Boyer','boulevard Leleu 44484 Lucas',4,'FR2917316311474219287682161'),(12,'Bernard','Pereira','27, avenue de Voisin 13508 Duval',3,'FR4132062047884723318355250'),(13,'Xavier','Renault','2, boulevard Delattre 96616 Germain-sur-Renault',3,'FR9194984978807431745756776'),(14,'Alexandrie','Bonnin','212, rue Isaac Hardy 93055 LabbVille',4,'FR8077948405126582697557470'),(15,'Susan','Vidal','rue Grard Charles 85304 Hoareau',3,'FR7800774628656047474795843'),(16,'milie','Charpentier','7, boulevard Margaret Dumas 00245 Davidnec',4,'FR5271788764728597558266153'),(17,'lise','Torres','5, boulevard Delannoy 54769 Duvalnec',3,'FR4655790567277313509148273'),(18,'Claude','Pires','23, boulevard de Ribeiro 66771 Grenier',3,'FR7383373594433053892834108'),(19,'Pauline','Lamy','275, rue de Brunet 13209 Sainte Manonnec',3,'FR1276390474037397489817986'),(20,'Hortense','Bigot','9, avenue Lopez 18512 Saint Dominiquedan',3,'FR3905829883911374369917870'),(21,'Marc','Barthelemy','957, chemin Masse 44745 Auger',3,'FR2109627326306964532260371'),(22,'Audrey','Lombard','rue Dorothe Lecomte 03524 Chauvet',4,'FR8713799577684291120679326'),(23,'Christiane','Valentin','13, rue de Navarro 82195 Sainte Thomasboeuf',2,'FR3982506302533310604274108'),(24,'Anouk','Marin','30, rue de Charpentier 93492 Paul-sur-Mer',2,'FR7145373368097600324838935'),(25,'Joseph','Lenoir','86, boulevard Bourgeois 41072 FerreiraVille',2,'FR6284464710507058118821765'),(26,'Benjamin','Muller','90, rue Bonnet 42819 Saint Thibaut',4,'FR3754701033213316941976389'),(27,'Isabelle','Allain','52, boulevard Maryse Gurin 38566 Mahe-sur-David',3,'FR0939714326634235829047884'),(28,'Victoire','Gaudin','290, rue Nath Techer 10413 Launay',4,'FR0686788738506918222347357'),(29,'Auguste','Vasseur','75, boulevard Descamps 72153 Pascal-la-Fort',2,'FR0375629521806752650193351'),(30,'Christine','Chrtien','52, rue de Diaz 16903 Coste-sur-Delahaye',3,'FR1339672848435636845074287'),(31,'Zo','Maillot','4, rue de Voisin 96196 Ledoux-sur-Guilbert',3,'FR7206677444645652044692598'),(32,'Alain','Leleu','45, avenue Claudine Le Gall 55318 Sainte William',3,'FR5897280410349844703088931'),(33,'Luc','Moulin','57, rue Thrse Gosselin 58304 Guillon',3,'FR7744384814895608556719692'),(34,'Philippe','Le Roux','6, boulevard Laure Allain 96224 HebertVille',3,'FR1283687979556092047608073'),(35,'Laurence','Gomes','87, rue de Costa 62315 Bourgeois',3,'FR2121341725598163242106138'),(36,'Gabrielle','Hardy','5, boulevard Odette Lamy 00110 MorenoBourg',4,'FR3950398916230550901494925'),(37,'Hugues','Jean','avenue de Roche 17516 Boyer',3,'FR1712532183168220690366354'),(38,'Marie','Leblanc','4, chemin Rousset 80618 Payet-sur-Guillon',3,'FR8185706696352321919223290'),(39,'Stphanie','Bousquet','42, avenue Maurice Delattre 11824 Delahaye-la-Fort',4,'FR4280019500751260349777112'),(40,'Clina','Delahaye','46, rue Isabelle Camus 61778 Sainte Marthe-sur-Mer',3,'FR6026261719471948212501120'),(41,'Odette','Fontaine','68, rue de Charpentier 04012 Nicolas',3,'FR9200807567598155331692467'),(42,'Nathalie','Muller','184, avenue de Sanchez 29620 Jourdan',3,'FR0260453934919344282001306'),(43,'Martin','Guillot','843, rue Lefvre 14250 Raymonddan',2,'FR2693708207222786788803108'),(44,'Zacharie','Perrin','61, boulevard de Lenoir 72434 Roche-les-Bains',3,'FR1029774092578897355768433'),(45,'Alice','Ollivier','43, boulevard Seguin 27967 Dupont',2,'FR3391728310217228044563894'),(46,'Ren','Seguin','8, rue Rmy Barthelemy 42312 Saint Thibautnec',3,'FR1874283784611436675337058'),(47,'Christophe','Rmy','98, avenue Ribeiro 89377 Lefort',3,'FR2628963039582775063933984'),(48,'Thibaut','Lefvre','rue Lesage 36580 OllivierVille',3,'FR7991406762810756446642035'),(49,'Marine','Mercier','967, rue Perrier 42754 Saint Suzanne',2,'FR4013753422246734306497602'),(50,'Laurent','Schmitt','8, boulevard Jacqueline Pons 68617 Saint Christelle-les-Bains',3,'FR9098948395091331288445688'),(51,'Maggie','Pineau','38, chemin de Valle 85952 Sainte Jacquesdan',4,'FR8199969458283431602740396'),(52,'Daniel','Bgue','81, rue Jean 51994 Meyer',3,'FR6362714214135460842638282'),(53,'Andre','Mercier','63, rue de Didier 53684 Saint Jeanne-les-Bains',3,'FR8950814475224644970412626'),(54,'Nathalie','Gurin','810, rue de Leroy 94842 Saint Corinne-les-Bains',2,'FR9061264836984211484483387'),(55,'Anouk','Normand','309, boulevard de Guillou 55155 Diaz',3,'FR3904259499842938685924037'),(56,'Marianne','Bonneau','86, boulevard Martins 60281 Cohen',4,'FR9463882731058879632069960'),(57,'Richard','Masson','8, avenue de Imbert 79996 Charpentierboeuf',3,'FR9714414306193635731273675'),(58,'Mathilde','Toussaint','295, avenue Faure 63079 Imbert',3,'FR8459101575202171218136899'),(59,'Astrid','Gaillard','86, boulevard Guy Breton 74186 Chartier',4,'FR9532865717754012334275240'),(60,'Bernard','Fouquet','443, boulevard Thibaut Langlois 83775 Sainte Marc',4,'FR3715326529817423556355278'),(61,'Juliette','Legendre','439, boulevard Mathilde Moreau 67393 Briand',3,'FR7422779641889539468746535'),(62,'Anas','Franois','467, chemin Vallet 30284 Clercdan',4,'FR9410129671882194202288176'),(63,'Jeanne','Gay','891, avenue Pauline tienne 72425 Paris',4,'FR2491418043400982610423807'),(64,'Suzanne','Leclercq','36, rue Raynaud 24505 Chauveau-sur-Mer',3,'FR2970672448377808259567146'),(65,'Grard','Delmas','74, chemin Humbert 39574 Weiss',4,'FR4138690770231996149813980'),(66,'Anas','Roussel','483, rue de Adam 99222 Sainte Suzanne',4,'FR9738830112658271493540409'),(67,'Dominique','Gomes','55, rue Martin Gilles 14462 Lebreton',2,'FR8011912876941975108127015'),(68,'Rene','Menard','803, chemin Lemoine 85837 Joubert',3,'FR1203733555796675272661119'),(69,'Christophe','Andre','chemin Jeanne Neveu 10668 Saint Lonnec',4,'FR5440545638064938497750868'),(70,'Laure','Delattre','279, avenue de Delmas 44401 Sainte PaulBourg',4,'FR5183301849441581713720179'),(71,'Adlade','Maurice','50, rue de Petitjean 85255 De Sousa-sur-Gauthier',4,'FR4229528082243782791183915'),(72,'Emmanuelle','Dumont','77, boulevard Pires 00953 Lejeune-la-Fort',4,'FR8399349134518812478653061'),(73,'William','Roche','46, chemin de Lacroix 17969 JeanBourg',2,'FR0590381321704786482209695'),(74,'Clina','Pottier','rue Lelivre 97492 Giraud',4,'FR1864655130091324162235153'),(75,'Laurent','Sauvage','81, avenue Isabelle Vincent 38088 Guibertnec',2,'FR2209047594610125377442166'),(76,'Stphanie','Leleu','50, rue Pauline Bertrand 78111 Bonnet-sur-Briand',3,'FR4078236150916992994757181'),(77,'Grgoire','Alexandre','776, rue Anastasie Chauvin 86456 Lucasnec',3,'FR7807941138030209771739451'),(78,'Zo','Deschamps','29, rue de Maillet 63622 Poiriernec',3,'FR2494929539336170252062455'),(79,'Robert','Marques','53, rue de Maillard 69978 Sainte DeniseBourg',3,'FR2559472262008740979861148'),(80,'Grgoire','Schmitt','6, rue Auguste Guichard 02501 Pichon',3,'FR6342964254354336985663827'),(81,'Antoinette','Breton','172, avenue Reynaud 36771 BlotBourg',3,'FR7485021791578512042593287'),(82,'Bernadette','Andre','35, boulevard Amlie Cousin 09055 AubertBourg',4,'FR1583465611888967939542378'),(83,'Susan','Schmitt','24, rue de Legros 77918 Joubert',3,'FR8305723965961032530632335'),(84,'Bertrand','Joseph','77, chemin Philippe 33229 Sainte Laurentnec',1,'FR9337565044793910922256391'),(85,'Eugne','Lombard','829, boulevard de Moreau 10265 Jacob-sur-Imbert',4,'FR1000935774005218784692005'),(86,'Agathe','Henry','289, chemin Perez 50587 Pichon',3,'FR7474513135661470879621189'),(87,'Thibaut','Grard','rue Martinez 37355 Valentin',3,'FR1412220974706930596691774'),(88,'Margaux','Sauvage','boulevard Amlie Pottier 71336 Greniernec',4,'FR5471235892059124672609586'),(89,'Denis','Mahe','52, rue Bernard Buisson 90512 Brun',4,'FR3345023601134801085331246'),(90,'Laetitia','Lombard','chemin Alphonse Marchal 03712 Verdier',4,'FR1295062640045226081494038'),(91,'Nath','Morel','73, chemin de Sanchez 17361 Renard',2,'FR2722858430130409806811510'),(92,'Ren','Lelivre','37, rue de Samson 76316 Pineau',4,'FR6868251347478460048375241'),(93,'Thibaut','Devaux','rue Lucas 84706 Bouvier',4,'FR3531547417785732611833296'),(94,'Ins','Nicolas','18, rue Victor Breton 37826 Bruneau-sur-Lecoq',3,'FR1944087106624748033948313'),(95,'Stphane','Foucher','rue de Moreau 88802 Sainte Dorothe',3,'FR9254055507468330341831304'),(96,'Marc','Blondel','46, avenue Brigitte Robin 14851 Sainte Henriette',3,'FR6102966583555429543629175'),(97,'Paul','Leleu','80, boulevard de Jacquet 03326 Saint BenotBourg',3,'FR9861252830429297093966261'),(98,'Denis','Franois','39, boulevard de Diallo 86790 Brunelboeuf',3,'FR6597744236177069667424359'),(99,'Charles','Fischer','10, boulevard Charles Humbert 94910 Nguyen-sur-Pichon',4,'FR1151173499846349539202592'),(100,'Franck','Courtois','14, chemin Peron 26392 De Sousa',4,'FR0396386191896650232291100'),(101,'Benjamin','Alves','rue de Arnaud 42851 Texier-sur-Bonneau',4,'FR1046080949708622539647320'),(102,'Camille','Raymond','721, boulevard Charles Collet 27597 Gros',4,'FR7406753988273780745616287'),(103,'Alice','Mallet','40, rue Joly 64508 Duboisnec',4,'FR0290779321570946031354895'),(104,'Tristan','Nol','5, boulevard Pnlope Herv 37261 Morel',2,'FR0949958476843281467008714'),(105,'Hugues','Guichard','85, boulevard Marcel Muller 41286 Leduc',4,'FR0331057066422559225707347'),(106,'Aurore','Hubert','265, rue Langlois 53584 Leclerc-sur-Bouchet',4,'FR5238819833217060227282513'),(107,'Lucas','Bousquet','354, rue de Hernandez 11199 Pelletier',3,'FR5891157083520107627100479'),(108,'Bernard','Simon','8, rue Nol Laroche 97220 Lematre',3,'FR4339053401474701714594530'),(109,'William','Lematre','848, rue de Legrand 88443 Guillot',3,'FR0382681833239395102974764'),(110,'Charlotte','Vidal','29, rue Thodore Renault 90715 Valle',3,'FR3126433434816625821424941'),(111,'Gilles','Morvan','rue de Lefebvre 05271 Lemaire',3,'FR5463407049992335692445270'),(112,'Julie','Weiss','6, avenue Lebrun 15598 Martinnec',4,'FR2159093434458370452466078'),(113,'Aim','Pereira','35, boulevard Duhamel 08508 Saint Dorotheboeuf',3,'FR2382815851160231558430717'),(114,'Alix','Perrin','712, boulevard Vasseur 19249 Roussel-sur-Mer',4,'FR1464554574331885103343939'),(115,'Danielle','Mercier','chemin Nguyen 87218 Poirier',1,'FR8972275865969068659837534'),(116,'Jacques','Martinez','11, avenue Morel 07040 Webernec',2,'FR1803240144576266587441606'),(117,'Vincent','Grgoire','boulevard de Gaillard 44677 Delannoy',3,'FR2196712291020370013610987'),(118,'Honor','Munoz','69, chemin de Adam 90390 Sanchez',3,'FR2347734801920464605722921'),(119,'Antoine','Franois','2, rue Pierre 52298 Guichard',3,'FR9697978857843657171804125'),(120,'Brigitte','Lesage','rue Monique Salmon 85262 Bruneau',4,'FR5539730579027197916158406'),(121,'Lucie','Gilles','236, rue Zo Da Costa 00744 Guyonnec',4,'FR0341338883012018142204302'),(122,'Corinne','Ferrand','33, rue Georges Peltier 60241 Chauvinboeuf',4,'FR6930609394780497361159489'),(123,'Marcel','Moreau','722, boulevard Fontaine 39674 Antoinenec',4,'FR8087703978179957522743095'),(124,'Charles','Ferrand','25, boulevard Didier 09017 Martel-les-Bains',1,'FR1090441233168130688455176'),(125,'Alphonse','Richard','70, rue Jeanne Durand 87072 Courtois',4,'FR3164128486009534727813599'),(126,'Lucy','Blanchard','24, rue Michel Michaud 54190 Lenoir',3,'FR2297481887179386819124030'),(127,'David','Deschamps','81, rue Moreau 69065 Moreau',3,'FR3694009808238420575305545'),(128,'Cline','Lejeune','509, chemin Bgue 93912 ReynaudVille',4,'FR9412879406554931527727491'),(129,'Clmence','Vallet','57, avenue Olivier Pires 40175 Gurin',2,'FR4637722938737241407557056'),(130,'Roland','Collin','92, avenue Guy Richard 08637 Joubert',4,'FR5180057410883528165240261'),(131,'dith','Bernard','rue Patricia Vaillant 88633 Sainte Alexandrie-les-Bains',4,'FR4597961390751124752972249'),(132,'Nomi','Neveu','9, boulevard Christophe Delannoy 89020 MendsBourg',3,'FR6990018747676690124285189'),(133,'Vincent','Sauvage','74, avenue Dias 96628 Hebertdan',4,'FR5597974063873154032364343'),(134,'Frdrique','Rodriguez','907, chemin de Germain 70943 Marty',4,'FR3102476923499728998507715'),(135,'Gabriel','Baron','36, rue de Maurice 01277 Peron',3,'FR4709685713842591633449304'),(136,'Valrie','Marchand','rue de Mary 58891 Maillard',3,'FR6531133967020305274083577'),(137,'Ren','Robert','92, boulevard de Klein 92663 Raymond',4,'FR6203058045028458821363307'),(138,'Arthur','Pelletier','1, avenue de Mahe 71050 Lelivre',3,'FR1017520390430268070453397'),(139,'Marguerite','Petit','36, boulevard Bernard 80065 Normand',4,'FR9471751834004288340027229'),(140,'Amlie','Pinto','8, boulevard Marine Ribeiro 39777 Valentinboeuf',4,'FR4626355215665552109782191'),(141,'Guillaume','Rodriguez','chemin Cline Boulay 85223 Gillet-sur-Labb',4,'FR2750682565267042632172725'),(142,'Marcel','Louis','3, avenue de Leroux 87222 Rmy-les-Bains',4,'FR4808777976431198827432283'),(143,'Sabine','Herv','26, rue Marianne Grondin 11804 Saint Thophile',2,'FR2365561846118977517252032'),(144,'Caroline','Muller','rue Fournier 84542 Meuniernec',3,'FR5676014332478509438663399'),(145,'ric','Mahe','60, chemin de Schmitt 68657 Saint Chantal',3,'FR4609528664878498047618193'),(146,'Philippine','Rocher','82, rue de Rodriguez 95068 Lucas',3,'FR3994274634960175730504549'),(147,'Christelle','Marty','67, rue Luce Dupr 99370 Denis',3,'FR3915900885981156519195729'),(148,'Clmence','Diaz','69, rue Suzanne Hernandez 08304 Valette',3,'FR1428186422712807380201149'),(149,'Nathalie','Gonzalez','1, boulevard Anastasie Carre 89925 Saint Sylvie',2,'FR6227993176764982805560520'),(150,'Luc','Valentin','rue Brunet 91506 Sainte Victoiredan',3,'FR4964198201924079559665892');
/*!40000 ALTER TABLE `Personnel` ENABLE KEYS */;
UNLOCK TABLES;

--
-- Table structure for table `Recettes`
--

DROP TABLE IF EXISTS `Recettes`;
/*!40101 SET @saved_cs_client     = @@character_set_client */;
/*!40101 SET character_set_client = utf8 */;
CREATE TABLE `Recettes` (
  `item_id` int(11) NOT NULL,
  `ing_id` int(11) NOT NULL,
  `unites` double NOT NULL,
  UNIQUE KEY `item_id` (`item_id`,`ing_id`),
  KEY `Recettes_fk1` (`ing_id`),
  CONSTRAINT `Recettes_fk0` FOREIGN KEY (`item_id`) REFERENCES `Items` (`id`) ON DELETE CASCADE,
  CONSTRAINT `Recettes_fk1` FOREIGN KEY (`ing_id`) REFERENCES `Ingredients` (`id`) ON DELETE CASCADE
) ENGINE=InnoDB DEFAULT CHARSET=latin1;
/*!40101 SET character_set_client = @saved_cs_client */;

--
-- Dumping data for table `Recettes`
--

LOCK TABLES `Recettes` WRITE;
/*!40000 ALTER TABLE `Recettes` DISABLE KEYS */;
INSERT INTO `Recettes` VALUES (1,1,1),(1,2,1),(1,3,0.1),(1,4,0.2),(1,5,1),(1,6,1),(1,9,1),(2,1,1),(2,2,2),(2,3,0.1),(2,4,0.2),(2,5,1),(2,6,2),(2,9,1),(3,7,1),(3,8,1),(3,9,1),(4,10,2),(4,11,0.2),(5,3,0.5),(5,6,1),(5,7,1),(5,12,0.3),(5,13,1),(6,14,1),(6,15,1),(7,14,1),(7,16,1),(8,17,1),(9,17,2),(10,17,3),(11,18,1),(12,18,2),(13,18,3);
/*!40000 ALTER TABLE `Recettes` ENABLE KEYS */;
UNLOCK TABLES;

--
-- Table structure for table `Restaurants`
--

DROP TABLE IF EXISTS `Restaurants`;
/*!40101 SET @saved_cs_client     = @@character_set_client */;
/*!40101 SET character_set_client = utf8 */;
CREATE TABLE `Restaurants` (
  `id` int(11) NOT NULL AUTO_INCREMENT,
  `code_postal` char(5) NOT NULL,
  `ville` varchar(12) NOT NULL,
  `pays_id` int(11) NOT NULL,
  `capacite` int(11) NOT NULL,
  `espace_enfant` tinyint(4) NOT NULL,
  `borneCB` tinyint(4) NOT NULL,
  `handicap` tinyint(4) NOT NULL,
  `parking` tinyint(4) NOT NULL,
  PRIMARY KEY (`id`),
  UNIQUE KEY `code_postal` (`code_postal`),
  UNIQUE KEY `ville` (`ville`),
  KEY `Restaurants_fk0` (`pays_id`),
  CONSTRAINT `Restaurants_fk0` FOREIGN KEY (`pays_id`) REFERENCES `Pays` (`id`) ON DELETE CASCADE
) ENGINE=InnoDB AUTO_INCREMENT=13 DEFAULT CHARSET=latin1;
/*!40101 SET character_set_client = @saved_cs_client */;

--
-- Dumping data for table `Restaurants`
--

LOCK TABLES `Restaurants` WRITE;
/*!40000 ALTER TABLE `Restaurants` DISABLE KEYS */;
INSERT INTO `Restaurants` VALUES (1,'64000','Pau',1,94,1,0,0,0),(2,'64100','Bayonne',1,89,1,1,0,1),(3,'64200','Anglet',1,86,0,0,1,1),(4,'64600','Biarritz',1,42,1,1,1,0),(5,'75000','Paris',1,71,1,1,0,1),(6,'69000','Lyon',1,50,1,0,0,0),(7,'13000','Marseille',1,40,1,0,1,1),(8,'08000','Barcelone',2,77,0,0,1,0),(9,'20000','Donostia',2,59,0,1,1,0),(10,'28000','Madrid',2,82,1,0,1,0),(11,'10115','Berlin',3,50,1,0,0,1),(12,'80331','Munich',3,95,1,0,1,1);
/*!40000 ALTER TABLE `Restaurants` ENABLE KEYS */;
UNLOCK TABLES;

--
-- Table structure for table `Stocks`
--

DROP TABLE IF EXISTS `Stocks`;
/*!40101 SET @saved_cs_client     = @@character_set_client */;
/*!40101 SET character_set_client = utf8 */;
CREATE TABLE `Stocks` (
  `ing_id` int(11) NOT NULL,
  `resto_id` int(11) NOT NULL,
  `unites` int(11) DEFAULT NULL,
  UNIQUE KEY `ing_id` (`ing_id`,`resto_id`),
  KEY `Stocks_fk1` (`resto_id`),
  CONSTRAINT `Stocks_fk0` FOREIGN KEY (`ing_id`) REFERENCES `Ingredients` (`id`) ON DELETE CASCADE,
  CONSTRAINT `Stocks_fk1` FOREIGN KEY (`resto_id`) REFERENCES `Restaurants` (`id`) ON DELETE CASCADE
) ENGINE=InnoDB DEFAULT CHARSET=latin1;
/*!40101 SET character_set_client = @saved_cs_client */;

--
-- Dumping data for table `Stocks`
--

LOCK TABLES `Stocks` WRITE;
/*!40000 ALTER TABLE `Stocks` DISABLE KEYS */;
INSERT INTO `Stocks` VALUES (1,1,778),(1,2,678),(1,3,348),(1,4,1841),(1,5,1820),(1,6,640),(1,7,1205),(1,8,1686),(1,9,1177),(1,10,1326),(1,11,904),(1,12,468),(2,1,693),(2,2,1472),(2,3,887),(2,4,1638),(2,5,1074),(2,6,1085),(2,7,298),(2,8,1844),(2,9,331),(2,10,979),(2,11,1036),(2,12,718),(3,1,374),(3,2,173),(3,3,1650),(3,4,378),(3,5,31),(3,6,1946),(3,7,796),(3,8,1544),(3,9,1269),(3,10,1940),(3,11,1672),(3,12,1019),(4,1,1091),(4,2,522),(4,3,793),(4,4,624),(4,5,363),(4,6,1724),(4,7,195),(4,8,1949),(4,9,950),(4,10,323),(4,11,1486),(4,12,1119),(5,1,1409),(5,2,1771),(5,3,1407),(5,4,399),(5,5,235),(5,6,216),(5,7,1587),(5,8,1511),(5,9,1750),(5,10,1656),(5,11,901),(5,12,376),(6,1,1643),(6,2,1717),(6,3,1406),(6,4,1449),(6,5,434),(6,6,350),(6,7,878),(6,8,1996),(6,9,1191),(6,10,290),(6,11,951),(6,12,73),(7,1,477),(7,2,1333),(7,3,902),(7,4,1771),(7,5,1614),(7,6,1580),(7,7,1862),(7,8,341),(7,9,570),(7,10,361),(7,11,0),(7,12,0),(8,1,651),(8,2,941),(8,3,1497),(8,4,1765),(8,5,100),(8,6,1223),(8,7,1175),(8,8,487),(8,9,1269),(8,10,1961),(8,11,0),(8,12,0),(9,1,1731),(9,2,149),(9,3,93),(9,4,680),(9,5,1698),(9,6,1620),(9,7,336),(9,8,1428),(9,9,654),(9,10,1397),(9,11,1540),(9,12,1693),(10,1,678),(10,2,1407),(10,3,1319),(10,4,682),(10,5,1765),(10,6,1629),(10,7,874),(10,8,0),(10,9,0),(10,10,0),(10,11,1411),(10,12,436),(11,1,489),(11,2,404),(11,3,979),(11,4,640),(11,5,1786),(11,6,1147),(11,7,1956),(11,8,0),(11,9,0),(11,10,0),(11,11,1657),(11,12,1291),(12,1,76),(12,2,1244),(12,3,1949),(12,4,1085),(12,5,1623),(12,6,485),(12,7,832),(12,8,1503),(12,9,832),(12,10,1314),(12,11,0),(12,12,0),(13,1,1199),(13,2,742),(13,3,940),(13,4,1450),(13,5,1998),(13,6,1153),(13,7,1329),(13,8,1132),(13,9,835),(13,10,610),(13,11,0),(13,12,0),(14,1,289),(14,2,682),(14,3,756),(14,4,78),(14,5,194),(14,6,1517),(14,7,1518),(14,8,855),(14,9,1027),(14,10,1118),(14,11,793),(14,12,1171),(15,1,1657),(15,2,1087),(15,3,327),(15,4,1379),(15,5,111),(15,6,10),(15,7,997),(15,8,0),(15,9,0),(15,10,0),(15,11,1212),(15,12,955),(16,1,1289),(16,2,1197),(16,3,591),(16,4,387),(16,5,1181),(16,6,1906),(16,7,442),(16,8,1275),(16,9,624),(16,10,353),(16,11,1062),(16,12,997);
/*!40000 ALTER TABLE `Stocks` ENABLE KEYS */;
UNLOCK TABLES;

--
-- Dumping routines for database 'JunkFood_2021'
--
/*!40103 SET TIME_ZONE=@OLD_TIME_ZONE */;

/*!40101 SET SQL_MODE=@OLD_SQL_MODE */;
/*!40014 SET FOREIGN_KEY_CHECKS=@OLD_FOREIGN_KEY_CHECKS */;
/*!40014 SET UNIQUE_CHECKS=@OLD_UNIQUE_CHECKS */;
/*!40101 SET CHARACTER_SET_CLIENT=@OLD_CHARACTER_SET_CLIENT */;
/*!40101 SET CHARACTER_SET_RESULTS=@OLD_CHARACTER_SET_RESULTS */;
/*!40101 SET COLLATION_CONNECTION=@OLD_COLLATION_CONNECTION */;
/*!40111 SET SQL_NOTES=@OLD_SQL_NOTES */;

-- Dump completed on 2021-12-09 11:19:01
