-- MariaDB dump 10.17  Distrib 10.4.13-MariaDB, for debian-linux-gnu (x86_64)
--
-- Host: localhost    Database: JunkFood_2021
-- ------------------------------------------------------
-- Server version	10.4.13-MariaDB-1:10.4.13+maria~bionic-log

/*!40101 SET @OLD_CHARACTER_SET_CLIENT=@@CHARACTER_SET_CLIENT */;
/*!40101 SET @OLD_CHARACTER_SET_RESULTS=@@CHARACTER_SET_RESULTS */;
/*!40101 SET @OLD_COLLATION_CONNECTION=@@COLLATION_CONNECTION */;
/*!40101 SET NAMES utf8mb4 */;
/*!40103 SET @OLD_TIME_ZONE=@@TIME_ZONE */;
/*!40103 SET TIME_ZONE='+00:00' */;
/*!40014 SET @OLD_UNIQUE_CHECKS=@@UNIQUE_CHECKS, UNIQUE_CHECKS=0 */;
/*!40014 SET @OLD_FOREIGN_KEY_CHECKS=@@FOREIGN_KEY_CHECKS, FOREIGN_KEY_CHECKS=0 */;
/*!40101 SET @OLD_SQL_MODE=@@SQL_MODE, SQL_MODE='NO_AUTO_VALUE_ON_ZERO' */;
/*!40111 SET @OLD_SQL_NOTES=@@SQL_NOTES, SQL_NOTES=0 */;

--
-- Table structure for table `Cartes`
--

DROP TABLE IF EXISTS `Cartes`;
/*!40101 SET @saved_cs_client     = @@character_set_client */;
/*!40101 SET character_set_client = utf8 */;
CREATE TABLE `Cartes` (
  `pays_id` int(11) NOT NULL,
  `item_id` int(11) DEFAULT NULL,
  UNIQUE KEY `pays_id` (`pays_id`,`item_id`),
  KEY `Cartes_fk1` (`item_id`),
  CONSTRAINT `Cartes_fk0` FOREIGN KEY (`pays_id`) REFERENCES `Pays` (`id`) ON DELETE CASCADE,
  CONSTRAINT `Cartes_fk1` FOREIGN KEY (`item_id`) REFERENCES `Items` (`id`) ON DELETE CASCADE
) ENGINE=InnoDB DEFAULT CHARSET=latin1;
/*!40101 SET character_set_client = @saved_cs_client */;

--
-- Dumping data for table `Cartes`
--

LOCK TABLES `Cartes` WRITE;
/*!40000 ALTER TABLE `Cartes` DISABLE KEYS */;
INSERT INTO `Cartes` VALUES (1,1),(1,2),(1,3),(1,4),(1,5),(1,6),(1,7),(1,8),(1,9),(1,10),(1,11),(1,12),(1,13),(1,14),(1,15),(1,16),(1,17),(2,2),(2,3),(2,5),(2,7),(2,8),(2,9),(2,10),(2,11),(2,12),(2,13),(2,14),(2,16),(2,17),(3,1),(3,2),(3,4),(3,6),(3,7),(3,8),(3,9),(3,10),(3,11),(3,12),(3,13),(3,14),(3,15);
/*!40000 ALTER TABLE `Cartes` ENABLE KEYS */;
UNLOCK TABLES;

--
-- Table structure for table `History`
--

DROP TABLE IF EXISTS `History`;
/*!40101 SET @saved_cs_client     = @@character_set_client */;
/*!40101 SET character_set_client = utf8 */;
CREATE TABLE `History` (
  `annee` year(4) NOT NULL,
  `ind_id` int(11) NOT NULL,
  `resto_id` int(11) NOT NULL,
  `poste` enum('directeur','manager','employe') NOT NULL,
  `domaine` enum('cuisine','caisse') DEFAULT NULL,
  `superieur` int(11) DEFAULT NULL,
  `note` int(11) DEFAULT NULL,
  `salaire` decimal(10,0) NOT NULL,
  PRIMARY KEY (`ind_id`,`annee`),
  KEY `History_fk1` (`resto_id`),
  KEY `History_fk2` (`superieur`),
  CONSTRAINT `History_fk0` FOREIGN KEY (`ind_id`) REFERENCES `Personnel` (`id`) ON DELETE CASCADE,
  CONSTRAINT `History_fk1` FOREIGN KEY (`resto_id`) REFERENCES `Restaurants` (`id`) ON DELETE CASCADE,
  CONSTRAINT `History_fk2` FOREIGN KEY (`superieur`) REFERENCES `Personnel` (`id`) ON DELETE CASCADE
) ENGINE=InnoDB DEFAULT CHARSET=latin1;
/*!40101 SET character_set_client = @saved_cs_client */;

--
-- Dumping data for table `History`
--

LOCK TABLES `History` WRITE;
/*!40000 ALTER TABLE `History` DISABLE KEYS */;
INSERT INTO `History` VALUES (2018,1,5,'employe','caisse',28,2124,3),(2019,1,1,'employe','cuisine',55,1743,2),(2020,1,4,'manager','cuisine',31,2150,2),(2021,1,10,'employe','caisse',36,2868,3),(2018,2,10,'employe','cuisine',114,2374,5),(2019,2,3,'employe','cuisine',141,2753,4),(2021,2,4,'employe','caisse',45,2892,5),(2018,3,3,'employe','cuisine',32,3112,1),(2019,3,10,'directeur','cuisine',NULL,2176,3),(2020,3,8,'employe','cuisine',147,1773,2),(2021,3,2,'manager','cuisine',82,1494,2),(2018,4,5,'employe','cuisine',28,3411,4),(2019,4,9,'manager','caisse',132,3027,7),(2020,4,11,'employe','cuisine',94,1684,7),(2018,5,5,'employe','cuisine',28,1215,0),(2019,5,1,'employe','cuisine',55,2944,0),(2021,5,1,'employe','caisse',127,1638,2),(2018,6,1,'employe','cuisine',63,2768,10),(2019,6,9,'employe','cuisine',45,1237,4),(2020,6,12,'employe','cuisine',101,1316,8),(2021,6,2,'employe','cuisine',3,1228,6),(2018,7,11,'employe','cuisine',59,1723,10),(2019,7,7,'employe','cuisine',102,1750,9),(2020,7,10,'employe','caisse',16,1520,8),(2021,7,11,'directeur','cuisine',NULL,1533,1),(2019,8,9,'employe','caisse',45,2258,1),(2021,8,2,'employe','caisse',3,1699,1),(2018,9,7,'employe','caisse',33,2134,6),(2019,9,5,'employe','cuisine',61,1625,10),(2020,9,1,'employe','cuisine',125,2321,10),(2018,10,3,'employe','caisse',32,1380,9),(2019,10,12,'employe','caisse',43,1324,7),(2020,10,12,'employe','caisse',101,2315,1),(2021,10,12,'manager','caisse',20,2985,2),(2018,11,8,'employe','caisse',140,2707,6),(2019,11,12,'directeur','caisse',NULL,1475,7),(2020,11,11,'employe','cuisine',70,2483,2),(2021,11,8,'employe','cuisine',12,1213,4),(2018,12,4,'manager','cuisine',41,1345,7),(2019,12,11,'employe','caisse',103,1698,0),(2020,12,2,'manager','caisse',82,2078,4),(2021,12,8,'manager','caisse',134,3200,5),(2019,13,6,'employe','caisse',149,3200,9),(2020,13,9,'employe','caisse',126,1312,9),(2021,13,5,'employe','caisse',130,2601,7),(2018,14,2,'employe','caisse',30,2904,6),(2020,14,12,'employe','caisse',19,2837,2),(2021,14,5,'employe','cuisine',130,3306,10),(2018,15,4,'employe','cuisine',12,3337,5),(2019,15,3,'employe','caisse',112,1576,0),(2021,15,3,'directeur','cuisine',NULL,1410,5),(2020,16,10,'manager','caisse',79,3315,3),(2021,16,11,'employe','caisse',87,1882,3),(2018,17,5,'employe','cuisine',28,2947,1),(2019,17,9,'directeur','cuisine',NULL,2600,2),(2020,17,11,'employe','caisse',70,2754,6),(2021,17,11,'employe','caisse',87,2862,10),(2018,18,11,'employe','cuisine',128,3224,9),(2019,18,3,'employe','cuisine',141,2987,7),(2020,18,12,'employe','cuisine',101,3174,7),(2021,18,7,'employe','cuisine',22,1575,9),(2018,19,2,'employe','caisse',41,3475,9),(2020,19,12,'manager','caisse',11,3031,3),(2021,19,4,'employe','cuisine',45,1729,4),(2018,20,7,'employe','cuisine',33,2475,10),(2019,20,2,'employe','caisse',34,1838,2),(2020,20,12,'directeur','cuisine',NULL,2767,10),(2021,20,10,'employe','caisse',36,3409,7),(2019,21,3,'employe','caisse',141,1662,0),(2020,21,6,'employe','caisse',100,1474,2),(2021,21,4,'employe','caisse',45,2803,8),(2019,22,5,'employe','cuisine',61,3124,6),(2020,22,12,'employe','cuisine',101,3216,7),(2021,22,7,'manager','cuisine',79,1358,10),(2018,23,11,'employe','cuisine',59,1889,8),(2020,23,5,'directeur','cuisine',NULL,1714,8),(2021,23,5,'employe','caisse',130,2672,5),(2021,24,8,'employe','caisse',12,1693,6),(2018,25,3,'employe','cuisine',32,1226,10),(2020,25,10,'employe','cuisine',16,3063,5),(2021,25,6,'employe','cuisine',39,2019,6),(2018,26,2,'employe','cuisine',41,1667,8),(2020,26,11,'employe','cuisine',70,2426,9),(2021,26,12,'employe','cuisine',10,3070,6),(2018,27,4,'employe','cuisine',115,2811,10),(2019,27,7,'manager','caisse',34,1310,1),(2020,27,6,'employe','cuisine',100,1754,2),(2021,27,1,'employe','cuisine',127,2504,9),(2018,28,5,'manager','caisse',62,1547,9),(2019,28,12,'employe','cuisine',43,2668,5),(2018,29,1,'employe','caisse',63,1868,4),(2019,29,11,'directeur','cuisine',NULL,1809,10),(2020,29,2,'directeur','cuisine',NULL,1722,5),(2021,29,8,'employe','caisse',12,2208,9),(2018,30,2,'manager','caisse',82,1986,1),(2019,30,2,'employe','caisse',34,2379,2),(2020,30,6,'employe','cuisine',100,2275,9),(2021,30,5,'employe','caisse',130,2490,8),(2018,31,4,'directeur','cuisine',NULL,3302,8),(2020,31,5,'employe','caisse',112,3050,6),(2021,31,9,'employe','cuisine',118,1871,5),(2018,32,3,'manager','cuisine',104,2087,9),(2019,32,7,'directeur','caisse',NULL,3418,2),(2020,32,12,'employe','caisse',19,3146,8),(2018,33,7,'manager','caisse',34,2999,4),(2019,33,1,'directeur','caisse',NULL,1856,5),(2020,33,4,'employe','caisse',1,2987,8),(2021,33,10,'employe','caisse',36,3171,4),(2019,34,2,'manager','cuisine',82,2357,2),(2020,34,10,'employe','cuisine',16,2969,7),(2021,34,7,'directeur','caisse',NULL,1560,4),(2018,35,2,'employe','caisse',30,2659,7),(2019,35,11,'employe','caisse',103,1377,8),(2020,35,1,'employe','caisse',125,1500,8),(2021,35,2,'employe','caisse',53,1806,8),(2018,36,12,'employe','caisse',141,2653,6),(2019,36,8,'employe','caisse',83,1615,6),(2020,36,2,'employe','cuisine',12,2780,7),(2021,36,10,'manager','cuisine',79,3497,5),(2018,37,1,'directeur','caisse',NULL,2026,3),(2020,37,3,'employe','cuisine',90,1521,10),(2018,38,7,'employe','caisse',33,1320,1),(2019,38,9,'employe','cuisine',4,1360,7),(2020,38,7,'employe','cuisine',52,2978,10),(2019,39,7,'employe','cuisine',27,2496,0),(2021,39,6,'manager','caisse',48,3417,10),(2018,40,8,'employe','cuisine',140,3016,4),(2019,40,5,'employe','caisse',61,1283,9),(2020,40,5,'employe','cuisine',112,3452,8),(2021,40,3,'employe','caisse',121,2421,7),(2018,41,2,'manager','cuisine',70,1858,10),(2019,41,4,'employe','cuisine',88,2750,7),(2020,41,4,'directeur','caisse',NULL,2705,0),(2021,41,11,'employe','caisse',87,2215,3),(2019,42,6,'employe','caisse',149,3459,10),(2020,42,9,'employe','caisse',126,1972,1),(2021,42,12,'directeur','cuisine',NULL,2335,8),(2018,43,4,'employe','caisse',115,1872,2),(2019,43,12,'manager','caisse',11,2540,8),(2020,43,6,'employe','caisse',100,2497,2),(2021,43,4,'directeur','caisse',NULL,1700,10),(2020,44,3,'employe','cuisine',90,2794,6),(2021,44,5,'employe','caisse',130,2296,6),(2018,45,7,'directeur','caisse',NULL,3088,2),(2019,45,9,'manager','cuisine',107,1352,7),(2020,45,11,'employe','caisse',94,2045,10),(2021,45,4,'manager','cuisine',47,1283,7),(2018,46,1,'employe','cuisine',63,2762,9),(2019,46,4,'employe','caisse',88,1732,10),(2020,46,7,'employe','caisse',52,1393,5),(2021,46,2,'employe','caisse',53,3336,9),(2019,47,4,'directeur','caisse',NULL,2274,6),(2020,47,8,'employe','caisse',147,1873,0),(2018,48,6,'directeur','caisse',NULL,1756,6),(2020,48,1,'employe','caisse',125,2726,5),(2018,49,7,'employe','caisse',33,2998,10),(2019,49,1,'employe','caisse',55,2766,0),(2020,49,10,'employe','cuisine',16,1523,6),(2021,49,4,'employe','cuisine',45,3056,10),(2018,50,4,'employe','caisse',115,3156,6),(2019,50,6,'employe','caisse',149,1986,6),(2020,50,6,'directeur','cuisine',NULL,1810,5),(2021,50,12,'employe','caisse',10,1635,2),(2018,51,3,'directeur','caisse',NULL,2598,2),(2019,51,12,'employe','cuisine',43,2963,0),(2020,51,10,'employe','caisse',16,2396,0),(2021,51,12,'employe','cuisine',10,3434,1),(2018,52,3,'employe','cuisine',32,1562,8),(2019,52,4,'employe','caisse',88,3103,7),(2020,52,7,'manager','caisse',79,1437,7),(2019,53,9,'employe','caisse',4,1795,2),(2020,53,11,'employe','cuisine',70,1531,2),(2021,53,2,'manager','caisse',82,1369,4),(2018,54,9,'employe','cuisine',55,3079,5),(2019,54,12,'employe','caisse',43,1646,2),(2021,54,11,'employe','cuisine',87,1763,3),(2018,55,9,'manager','cuisine',132,1952,8),(2019,55,1,'manager','cuisine',33,2624,4),(2020,55,11,'employe','cuisine',70,2674,5),(2021,55,10,'employe','caisse',36,2891,3),(2018,56,4,'employe','caisse',115,2611,3),(2019,56,6,'employe','caisse',149,3296,2),(2020,56,1,'directeur','caisse',NULL,2854,2),(2021,56,9,'employe','caisse',118,1481,4),(2018,57,2,'employe','cuisine',41,3458,7),(2019,57,9,'employe','cuisine',45,2607,4),(2020,57,2,'employe','caisse',12,1740,0),(2018,58,9,'employe','caisse',55,2665,4),(2020,58,6,'employe','caisse',100,2675,4),(2018,59,11,'manager','cuisine',123,3492,5),(2019,59,2,'employe','cuisine',34,2762,7),(2020,59,5,'employe','cuisine',112,2159,1),(2021,59,2,'employe','caisse',3,1395,10),(2018,60,2,'employe','caisse',41,2056,6),(2020,60,12,'employe','cuisine',101,1733,3),(2021,60,7,'employe','caisse',22,3133,9),(2018,61,1,'employe','caisse',63,2704,5),(2019,61,5,'manager','cuisine',23,1698,0),(2020,61,4,'employe','cuisine',1,1813,5),(2021,61,9,'employe','cuisine',118,2488,8),(2021,62,5,'directeur','caisse',NULL,1874,4),(2018,63,1,'manager','cuisine',56,2671,5),(2019,63,12,'employe','caisse',43,2709,6),(2020,63,1,'employe','cuisine',125,2016,1),(2021,63,5,'employe','cuisine',130,1993,9),(2019,64,2,'employe','cuisine',34,1798,0),(2020,64,2,'employe','caisse',12,3494,3),(2021,64,7,'employe','caisse',22,3309,7),(2018,65,12,'employe','cuisine',141,2717,2),(2019,65,9,'employe','caisse',45,1203,1),(2020,65,8,'employe','caisse',147,1880,0),(2021,65,4,'employe','cuisine',45,2978,6),(2020,66,8,'directeur','cuisine',NULL,1934,2),(2018,67,10,'directeur','caisse',NULL,1346,5),(2019,67,7,'employe','caisse',102,2956,2),(2021,67,3,'employe','caisse',121,2166,10),(2018,68,9,'employe','cuisine',55,2525,9),(2020,68,7,'employe','cuisine',52,3327,7),(2018,69,4,'employe','cuisine',115,2151,0),(2019,69,3,'employe','cuisine',112,2102,1),(2021,69,3,'employe','caisse',121,1997,5),(2018,70,1,'employe','caisse',63,2452,1),(2019,70,2,'directeur','caisse',NULL,2730,7),(2020,70,11,'manager','cuisine',7,1405,9),(2018,71,10,'employe','cuisine',114,1268,6),(2020,71,9,'employe','caisse',126,1768,5),(2018,72,4,'employe','cuisine',115,2998,4),(2019,72,4,'employe','caisse',88,3077,2),(2020,72,12,'employe','caisse',19,2133,5),(2021,72,8,'directeur','caisse',NULL,1603,7),(2018,73,11,'employe','cuisine',59,3390,5),(2019,73,10,'manager','cuisine',109,1697,5),(2018,74,11,'employe','cuisine',59,2764,9),(2019,74,7,'employe','caisse',27,3187,5),(2020,74,9,'employe','caisse',126,1328,4),(2021,74,2,'employe','caisse',53,2982,6),(2018,75,7,'employe','cuisine',33,1291,6),(2019,75,9,'employe','cuisine',45,2615,0),(2020,75,2,'employe','cuisine',12,1675,9),(2021,75,8,'employe','cuisine',12,2133,5),(2019,76,3,'employe','caisse',112,3447,8),(2020,76,8,'employe','caisse',147,1457,9),(2021,76,9,'employe','cuisine',118,1235,8),(2018,77,9,'employe','cuisine',55,3165,7),(2019,77,4,'employe','cuisine',88,2340,8),(2020,77,7,'employe','cuisine',52,3162,5),(2021,77,12,'employe','caisse',10,1295,6),(2018,78,11,'employe','cuisine',128,1557,5),(2019,78,10,'employe','cuisine',73,2405,3),(2021,78,7,'employe','caisse',22,1541,4),(2018,79,12,'employe','cuisine',141,1964,9),(2019,79,12,'employe','cuisine',43,3251,8),(2020,79,7,'directeur','cuisine',NULL,3253,3),(2021,79,10,'directeur','caisse',NULL,1306,6),(2018,80,9,'employe','cuisine',55,1464,8),(2019,80,9,'employe','cuisine',45,1740,0),(2020,80,5,'employe','caisse',112,1680,1),(2021,80,10,'employe','cuisine',36,2830,8),(2018,81,5,'employe','cuisine',28,3243,10),(2019,81,3,'employe','caisse',112,3194,10),(2020,81,11,'employe','caisse',70,1394,9),(2021,81,12,'employe','cuisine',10,2903,3),(2018,82,2,'directeur','cuisine',NULL,1259,7),(2020,82,2,'employe','caisse',12,1974,6),(2021,82,7,'employe','caisse',22,2371,7),(2018,83,9,'employe','cuisine',55,1991,10),(2019,83,8,'manager','cuisine',134,3176,7),(2018,84,6,'manager','caisse',137,1378,0),(2020,84,8,'employe','cuisine',147,1749,0),(2021,84,1,'employe','cuisine',127,2493,1),(2018,85,8,'employe','caisse',140,2462,6),(2019,85,10,'employe','cuisine',73,3004,8),(2021,85,7,'employe','cuisine',22,3073,1),(2019,86,1,'employe','cuisine',55,2764,8),(2021,86,8,'employe','cuisine',12,3194,8),(2018,87,11,'directeur','cuisine',NULL,2442,9),(2019,87,6,'employe','cuisine',149,2479,10),(2021,87,11,'manager','cuisine',123,2076,3),(2018,88,1,'employe','caisse',63,2925,3),(2019,88,4,'manager','caisse',43,2152,5),(2020,88,12,'employe','cuisine',19,3465,5),(2021,88,4,'employe','caisse',45,1734,0),(2018,89,6,'employe','caisse',84,2983,3),(2019,89,5,'employe','cuisine',61,2780,0),(2020,89,11,'employe','cuisine',94,3271,7),(2021,89,5,'employe','cuisine',130,2474,9),(2018,90,4,'employe','cuisine',115,2528,8),(2020,90,3,'manager','cuisine',15,2577,6),(2021,90,3,'employe','caisse',121,1839,1),(2018,91,10,'employe','cuisine',114,2539,8),(2019,91,8,'employe','caisse',83,2106,5),(2020,91,12,'employe','caisse',19,2599,1),(2018,92,6,'employe','cuisine',84,2778,9),(2019,92,11,'employe','cuisine',103,1490,10),(2020,92,1,'employe','cuisine',125,1754,1),(2021,92,2,'employe','caisse',3,2981,0),(2018,93,11,'employe','caisse',128,1631,4),(2019,93,3,'employe','cuisine',141,1530,8),(2020,93,2,'employe','caisse',12,1840,7),(2021,93,7,'employe','caisse',22,3395,7),(2018,94,2,'employe','cuisine',41,2002,4),(2020,94,11,'manager','caisse',87,2873,1),(2021,94,7,'employe','caisse',22,2337,9),(2018,95,4,'employe','cuisine',115,2158,7),(2019,95,9,'employe','caisse',4,1204,3),(2021,95,2,'employe','cuisine',53,2259,2),(2018,96,12,'employe','cuisine',141,3303,6),(2019,96,11,'employe','cuisine',103,1488,4),(2021,96,12,'employe','caisse',10,1536,3),(2018,97,12,'employe','cuisine',141,3079,5),(2019,97,11,'employe','caisse',103,1608,1),(2020,97,9,'employe','caisse',126,1701,0),(2018,98,12,'employe','cuisine',141,1309,3),(2020,98,4,'employe','caisse',1,2761,10),(2021,98,8,'employe','caisse',12,2196,7),(2019,99,2,'employe','caisse',34,2471,3),(2020,99,3,'employe','caisse',90,3339,0),(2021,99,6,'employe','cuisine',39,1405,5),(2018,100,5,'directeur','caisse',NULL,3107,8),(2019,100,12,'employe','cuisine',43,2940,9),(2020,100,6,'manager','caisse',50,2649,9),(2021,100,1,'directeur','cuisine',NULL,1282,0),(2018,101,4,'employe','caisse',12,3096,1),(2019,101,7,'employe','caisse',27,3110,0),(2020,101,12,'manager','cuisine',11,2179,2),(2019,102,7,'manager','cuisine',45,1249,2),(2020,102,12,'employe','caisse',101,2451,0),(2021,102,11,'employe','caisse',87,1650,10),(2018,103,7,'employe','caisse',33,3157,9),(2019,103,11,'manager','caisse',87,3138,4),(2020,103,6,'employe','caisse',100,1472,8),(2021,103,5,'employe','caisse',130,3045,7),(2019,104,3,'directeur','cuisine',NULL,2568,3),(2020,104,5,'employe','caisse',112,2636,3),(2021,104,2,'directeur','caisse',NULL,1741,6),(2018,105,6,'employe','cuisine',84,3095,9),(2019,105,5,'employe','cuisine',61,2914,0),(2020,105,12,'employe','caisse',101,3498,2),(2021,105,8,'employe','cuisine',12,1950,0),(2018,106,4,'employe','cuisine',115,1995,8),(2019,106,3,'employe','cuisine',112,3360,8),(2020,106,12,'employe','caisse',101,1471,7),(2021,106,6,'employe','cuisine',39,3320,5),(2018,107,11,'employe','cuisine',59,2744,5),(2019,107,5,'directeur','caisse',NULL,3391,1),(2020,107,7,'employe','cuisine',52,1255,4),(2021,107,9,'directeur','cuisine',NULL,2965,8),(2018,108,10,'employe','cuisine',114,2758,3),(2019,108,7,'employe','cuisine',102,2421,1),(2020,108,10,'employe','cuisine',16,2109,9),(2021,108,2,'employe','cuisine',3,2743,5),(2018,109,2,'employe','caisse',41,3038,3),(2019,109,7,'employe','caisse',27,3329,2),(2020,109,10,'directeur','cuisine',NULL,1439,9),(2021,109,6,'employe','cuisine',39,1222,10),(2018,110,9,'directeur','cuisine',NULL,1268,5),(2021,110,5,'employe','cuisine',130,1623,9),(2019,111,1,'employe','caisse',55,3223,2),(2020,111,9,'employe','caisse',126,1227,5),(2021,111,3,'employe','caisse',121,2433,2),(2018,112,12,'employe','cuisine',141,3398,1),(2019,112,3,'manager','cuisine',135,1665,0),(2020,112,5,'manager','cuisine',62,3486,7),(2021,112,7,'employe','caisse',22,1480,6),(2018,113,4,'employe','cuisine',115,1509,1),(2019,113,9,'employe','cuisine',4,3194,8),(2020,113,10,'employe','caisse',16,1219,7),(2018,114,10,'manager','cuisine',67,1729,1),(2020,114,11,'employe','cuisine',94,3046,2),(2021,114,12,'employe','caisse',10,2945,2),(2018,115,4,'manager','cuisine',47,3270,1),(2020,115,5,'employe','cuisine',112,1857,5),(2019,116,1,'employe','caisse',55,1414,7),(2020,116,4,'employe','cuisine',1,2378,0),(2021,116,11,'employe','caisse',87,2255,6),(2018,117,1,'employe','cuisine',63,3010,6),(2021,117,2,'employe','caisse',3,2652,3),(2018,118,3,'employe','caisse',32,1482,5),(2019,118,7,'employe','caisse',27,1517,8),(2020,118,9,'employe','cuisine',126,2291,7),(2021,118,9,'manager','caisse',132,2487,7),(2018,119,4,'employe','cuisine',115,2863,8),(2019,119,8,'employe','cuisine',83,2661,5),(2021,119,10,'employe','cuisine',36,2369,4),(2018,120,2,'employe','caisse',30,2757,3),(2019,120,11,'employe','caisse',103,2845,2),(2020,120,3,'employe','cuisine',90,2446,6),(2021,120,8,'employe','cuisine',12,3227,9),(2018,121,10,'employe','caisse',114,3232,4),(2019,121,7,'employe','cuisine',27,2122,6),(2020,121,9,'employe','caisse',126,1464,10),(2021,121,3,'manager','caisse',15,1833,3),(2019,122,12,'employe','cuisine',43,2097,9),(2020,122,12,'employe','cuisine',19,2435,7),(2021,122,2,'employe','caisse',3,2199,0),(2019,123,1,'employe','caisse',55,3294,2),(2020,123,11,'directeur','caisse',NULL,1587,7),(2021,123,2,'employe','caisse',53,1911,8),(2018,124,8,'employe','caisse',140,3471,10),(2019,124,6,'directeur','caisse',NULL,2758,6),(2020,124,8,'employe','caisse',147,2288,10),(2018,125,3,'employe','caisse',32,3281,10),(2019,125,7,'employe','caisse',27,1809,2),(2020,125,1,'manager','caisse',56,1963,10),(2021,125,4,'employe','caisse',45,2926,5),(2018,126,12,'directeur','cuisine',NULL,2918,6),(2019,126,4,'employe','caisse',88,1332,3),(2020,126,9,'manager','cuisine',132,1530,0),(2021,126,10,'employe','caisse',36,2356,2),(2018,127,12,'employe','cuisine',141,1743,5),(2020,127,9,'employe','caisse',126,2142,3),(2021,127,1,'manager','caisse',56,1946,8),(2018,128,11,'manager','cuisine',87,1601,5),(2019,128,7,'employe','cuisine',27,1691,5),(2019,129,9,'employe','caisse',45,1577,7),(2021,129,8,'employe','caisse',12,1351,2),(2018,130,2,'employe','caisse',41,2615,10),(2019,130,12,'employe','cuisine',43,3044,1),(2020,130,8,'employe','caisse',147,2105,8),(2021,130,5,'manager','caisse',100,2995,1),(2018,131,10,'employe','cuisine',114,1438,0),(2020,131,4,'employe','caisse',1,2899,8),(2021,131,1,'employe','cuisine',127,1377,6),(2018,132,1,'employe','cuisine',63,1732,5),(2019,132,2,'employe','caisse',34,1937,4),(2020,132,9,'directeur','cuisine',NULL,1979,0),(2021,132,4,'employe','caisse',45,2378,8),(2018,133,4,'employe','cuisine',115,1299,3),(2019,133,2,'employe','caisse',34,2127,1),(2020,133,3,'employe','caisse',90,2098,4),(2018,134,8,'directeur','caisse',NULL,2230,6),(2019,134,8,'directeur','caisse',NULL,2826,2),(2020,134,12,'employe','caisse',101,2801,6),(2021,134,12,'employe','cuisine',10,3291,6),(2018,135,6,'employe','cuisine',84,3167,0),(2019,135,7,'employe','cuisine',102,1457,9),(2020,135,3,'directeur','caisse',NULL,2451,5),(2019,136,5,'employe','caisse',61,1968,10),(2020,136,5,'employe','caisse',112,2150,1),(2021,136,2,'employe','caisse',3,3067,8),(2019,137,9,'employe','cuisine',4,2248,1),(2021,137,6,'directeur','caisse',NULL,3214,1),(2018,138,12,'employe','caisse',141,3128,4),(2019,138,6,'employe','caisse',149,2210,3),(2020,138,1,'employe','cuisine',125,1519,8),(2018,139,11,'employe','caisse',128,2354,1),(2019,139,10,'employe','cuisine',73,2639,7),(2021,139,11,'employe','cuisine',87,3279,1),(2018,140,8,'manager','cuisine',66,1929,2),(2019,140,5,'employe','cuisine',61,1333,3),(2020,140,9,'employe','cuisine',126,2526,2),(2021,140,3,'employe','caisse',121,2487,3),(2018,141,12,'manager','cuisine',20,1281,2),(2019,141,3,'manager','caisse',135,2482,8),(2021,141,4,'employe','caisse',45,3169,0),(2019,142,11,'employe','caisse',103,3185,8),(2021,142,7,'employe','caisse',22,2913,5),(2018,143,7,'employe','caisse',33,3190,7),(2021,143,11,'employe','cuisine',87,2550,0),(2018,144,2,'employe','cuisine',41,1885,7),(2019,144,4,'employe','caisse',88,3196,10),(2020,144,5,'employe','caisse',112,2419,10),(2021,144,2,'employe','caisse',53,1226,9),(2018,145,11,'employe','caisse',128,3303,1),(2019,145,8,'employe','cuisine',83,1540,3),(2020,145,7,'employe','caisse',52,1550,7),(2021,145,10,'employe','caisse',36,1731,9),(2018,146,2,'employe','cuisine',41,1944,5),(2019,146,1,'employe','caisse',55,1960,0),(2020,146,1,'employe','cuisine',125,2597,10),(2021,146,12,'employe','caisse',10,1693,8),(2020,147,8,'manager','cuisine',72,2953,10),(2019,148,3,'employe','cuisine',112,3365,7),(2018,149,1,'employe','caisse',63,1840,7),(2019,149,6,'manager','cuisine',124,2394,6),(2020,149,3,'employe','caisse',90,3064,7),(2018,150,7,'employe','caisse',33,2181,2),(2019,150,9,'employe','caisse',45,2950,9),(2020,150,5,'employe','cuisine',112,3430,6),(2021,150,2,'employe','cuisine',53,3348,9);
/*!40000 ALTER TABLE `History` ENABLE KEYS */;
UNLOCK TABLES;

--
-- Table structure for table `Ingredients`
--

DROP TABLE IF EXISTS `Ingredients`;
/*!40101 SET @saved_cs_client     = @@character_set_client */;
/*!40101 SET character_set_client = utf8 */;
CREATE TABLE `Ingredients` (
  `id` int(11) NOT NULL AUTO_INCREMENT,
  `nom` varchar(255) NOT NULL,
  `prix` double NOT NULL,
  PRIMARY KEY (`id`)
) ENGINE=InnoDB AUTO_INCREMENT=17 DEFAULT CHARSET=latin1;
/*!40101 SET character_set_client = @saved_cs_client */;

--
-- Dumping data for table `Ingredients`
--

LOCK TABLES `Ingredients` WRITE;
/*!40000 ALTER TABLE `Ingredients` DISABLE KEYS */;
INSERT INTO `Ingredients` VALUES (1,'pain',0.5),(2,'steak',1.1),(3,'salade',0.8),(4,'tomate',0.3),(5,'cornichons',0.2),(6,'fromage',0.4),(7,'poulet',1),(8,'panure',0.3),(9,'sauce',0.1),(10,'patates',0.1),(11,'huile',3),(12,'vinaigrette',1.5),(13,'croutons',0.1),(14,'glace',0.9),(15,'caramel',0.5),(16,'coulis',0.6);
/*!40000 ALTER TABLE `Ingredients` ENABLE KEYS */;
UNLOCK TABLES;

--
-- Table structure for table `Items`
--

DROP TABLE IF EXISTS `Items`;
/*!40101 SET @saved_cs_client     = @@character_set_client */;
/*!40101 SET character_set_client = utf8 */;
CREATE TABLE `Items` (
  `id` int(11) NOT NULL AUTO_INCREMENT,
  `nom` varchar(255) NOT NULL,
  `type_item` enum('plat','boisson','dessert','menu') NOT NULL,
  `taille_boisson` enum('S','M','L') DEFAULT NULL,
  `prix` double NOT NULL,
  PRIMARY KEY (`id`)
) ENGINE=InnoDB AUTO_INCREMENT=18 DEFAULT CHARSET=latin1;
/*!40101 SET character_set_client = @saved_cs_client */;

--
-- Dumping data for table `Items`
--

LOCK TABLES `Items` WRITE;
/*!40000 ALTER TABLE `Items` DISABLE KEYS */;
INSERT INTO `Items` VALUES (1,'Cheeseburger','plat',NULL,5),(2,'Double cheese','plat',NULL,6.5),(3,'Nuggets','plat',NULL,5.5),(4,'Frites','plat',NULL,3),(5,'Salade Ceasar','plat',NULL,7),(6,'Sunday Caramel','dessert',NULL,4),(7,'Sunday Fraise','dessert',NULL,4),(8,'Coca','boisson','S',1.5),(9,'Coca','boisson','M',2.5),(10,'Coca','boisson','L',3),(11,'Icetea','boisson','S',1.5),(12,'Icetea','boisson','M',2.5),(13,'Icetea','boisson','L',3),(14,'Menu Double','menu',NULL,8.5),(15,'Menu Nuggets','menu',NULL,7.5),(16,'Menu Frites','menu',NULL,5),(17,'Menu Salade','menu',NULL,9);
/*!40000 ALTER TABLE `Items` ENABLE KEYS */;
UNLOCK TABLES;

--
-- Table structure for table `Menus`
--

DROP TABLE IF EXISTS `Menus`;
/*!40101 SET @saved_cs_client     = @@character_set_client */;
/*!40101 SET character_set_client = utf8 */;
CREATE TABLE `Menus` (
  `id` int(11) NOT NULL,
  `plat` int(11) NOT NULL,
  `dessert` int(11) NOT NULL,
  `boisson` int(11) NOT NULL,
  PRIMARY KEY (`id`),
  KEY `Menus_fk0` (`plat`),
  KEY `Menus_fk1` (`dessert`),
  KEY `Menus_fk2` (`boisson`),
  CONSTRAINT `Menus_fk0` FOREIGN KEY (`plat`) REFERENCES `Items` (`id`) ON DELETE CASCADE,
  CONSTRAINT `Menus_fk1` FOREIGN KEY (`dessert`) REFERENCES `Items` (`id`) ON DELETE CASCADE,
  CONSTRAINT `Menus_fk2` FOREIGN KEY (`boisson`) REFERENCES `Items` (`id`) ON DELETE CASCADE
) ENGINE=InnoDB DEFAULT CHARSET=latin1;
/*!40101 SET character_set_client = @saved_cs_client */;

--
-- Dumping data for table `Menus`
--

LOCK TABLES `Menus` WRITE;
/*!40000 ALTER TABLE `Menus` DISABLE KEYS */;
INSERT INTO `Menus` VALUES (14,2,10,6),(15,3,13,6),(16,4,8,7),(17,5,12,7);
/*!40000 ALTER TABLE `Menus` ENABLE KEYS */;
UNLOCK TABLES;

--
-- Table structure for table `Orders`
--

DROP TABLE IF EXISTS `Orders`;
/*!40101 SET @saved_cs_client     = @@character_set_client */;
/*!40101 SET character_set_client = utf8 */;
CREATE TABLE `Orders` (
  `id` int(11) NOT NULL AUTO_INCREMENT,
  `vendeur_id` int(11) NOT NULL,
  `resto_id` int(11) NOT NULL,
  `date_heure` datetime DEFAULT NULL,
  `paiement` char(6) NOT NULL,
  `somme` double NOT NULL,
  PRIMARY KEY (`id`),
  KEY `Orders_fk1` (`resto_id`),
  CONSTRAINT `Orders_fk1` FOREIGN KEY (`resto_id`) REFERENCES `Restaurants` (`id`) ON DELETE CASCADE
) ENGINE=InnoDB AUTO_INCREMENT=1001 DEFAULT CHARSET=latin1;
/*!40101 SET character_set_client = @saved_cs_client */;

--
-- Dumping data for table `Orders`
--

LOCK TABLES `Orders` WRITE;
/*!40000 ALTER TABLE `Orders` DISABLE KEYS */;
INSERT INTO `Orders` VALUES (1,1,3,'2019-09-10 23:54:00','CB',21),(2,136,12,'2019-06-10 14:19:00','Espece',12),(3,13,11,'2019-03-04 09:26:00','Espece',32),(4,123,10,'2019-07-02 18:01:00','Espece',75),(5,102,11,'2019-05-10 09:16:00','CB',4.5),(6,24,11,'2019-05-09 02:23:00','CB',46),(7,121,10,'2019-04-05 18:41:00','CB',48.5),(8,142,2,'2019-06-10 06:23:00','Espece',6),(9,78,2,'2019-04-07 13:21:00','CB',60.5),(10,17,2,'2019-05-03 03:51:00','Espece',11),(11,0,12,'2019-06-06 17:25:00','CB',32.5),(12,82,10,'2019-05-04 16:02:00','CB',13.5),(13,114,9,'2019-09-10 01:03:00','Espece',64),(14,121,5,'2019-08-09 03:51:00','CB',84.5),(15,92,12,'2019-05-03 12:12:00','Espece',7.5),(16,64,10,'2019-01-05 23:26:00','CB',17),(17,0,3,'2019-08-03 23:26:00','CB',30),(18,111,11,'2019-02-04 01:15:00','CB',21.5),(19,0,2,'2019-01-08 22:56:00','CB',19),(20,94,9,'2019-02-01 13:55:00','CB',34.5),(21,0,12,'2019-06-05 07:40:00','CB',33),(22,55,6,'2019-07-05 04:18:00','Espece',77.5),(23,121,9,'2019-01-10 14:24:00','Espece',34),(24,0,3,'2019-10-02 22:54:00','CB',13),(25,0,1,'2019-08-03 02:23:00','CB',33),(26,112,7,'2019-05-03 19:35:00','CB',47.5),(27,39,6,'2019-03-10 15:38:00','CB',17),(28,118,8,'2019-10-01 08:19:00','Espece',36.5),(29,0,2,'2019-11-06 01:21:00','CB',3),(30,112,8,'2019-06-07 06:56:00','CB',33.5),(31,0,3,'2019-08-08 01:22:00','CB',58.5),(32,117,11,'2019-10-01 23:32:00','Espece',33),(33,112,11,'2019-02-04 08:59:00','CB',22.5),(34,44,9,'2019-08-08 01:06:00','Espece',25),(35,123,9,'2019-06-02 14:07:00','Espece',58.5),(36,12,1,'2019-07-10 10:13:00','CB',6),(37,123,6,'2019-02-06 05:07:00','Espece',35.5),(38,8,3,'2019-12-12 19:40:00','CB',8),(39,126,10,'2019-09-12 04:25:00','Espece',38),(40,0,1,'2019-08-12 13:04:00','CB',52.5),(41,90,5,'2019-07-04 15:27:00','Espece',84),(42,140,12,'2019-09-07 00:25:00','Espece',31.5),(43,145,9,'2019-08-07 00:22:00','CB',10.5),(44,104,8,'2019-08-08 01:48:00','Espece',18.5),(45,136,2,'2019-10-10 10:51:00','CB',24.5),(46,72,4,'2019-05-01 03:43:00','Espece',16),(47,140,11,'2019-12-04 11:16:00','CB',56.5),(48,104,9,'2019-12-08 11:30:00','CB',12.5),(49,0,3,'2019-12-10 07:31:00','CB',41),(50,0,12,'2019-03-01 15:52:00','CB',13),(51,0,1,'2019-11-05 13:01:00','CB',37.5),(52,0,12,'2019-11-05 10:38:00','CB',29),(53,126,8,'2019-12-07 20:36:00','CB',17),(54,43,11,'2019-10-11 23:26:00','CB',54.5),(55,94,8,'2019-11-06 18:28:00','CB',17),(56,0,2,'2019-03-01 20:35:00','CB',33.5),(57,41,12,'2019-07-05 09:17:00','Espece',48.5),(58,0,12,'2019-09-10 06:30:00','CB',37.5),(59,17,2,'2019-05-05 03:26:00','CB',9.5),(60,20,10,'2019-04-03 13:18:00','Espece',70.5),(61,30,10,'2019-11-01 03:50:00','Espece',49),(62,24,3,'2019-08-10 00:00:00','CB',7),(63,0,12,'2019-10-05 15:54:00','CB',29.5),(64,72,1,'2019-03-01 00:57:00','Espece',66),(65,50,9,'2019-06-06 05:00:00','Espece',47),(66,34,8,'2019-01-10 02:12:00','Espece',9),(67,94,1,'2019-04-09 15:59:00','CB',61.5),(68,46,3,'2019-04-08 21:58:00','Espece',11),(69,34,11,'2019-11-08 06:49:00','CB',35.5),(70,50,2,'2019-12-09 21:39:00','Espece',45),(71,16,11,'2019-10-08 04:51:00','Espece',16),(72,0,12,'2019-04-08 01:36:00','CB',12.5),(73,0,1,'2019-12-03 01:52:00','CB',73.5),(74,5,11,'2019-10-02 03:46:00','Espece',2.5),(75,0,1,'2019-01-04 15:35:00','CB',62),(76,20,5,'2019-09-03 19:48:00','Espece',60),(77,0,3,'2019-04-08 04:47:00','CB',39),(78,23,10,'2019-08-03 04:35:00','Espece',73.5),(79,29,8,'2019-07-04 15:34:00','CB',17),(80,103,10,'2019-02-02 02:18:00','CB',4),(81,96,10,'2019-08-04 00:04:00','Espece',65.5),(82,144,10,'2019-10-10 02:59:00','CB',12.5),(83,1,4,'2019-06-10 03:38:00','CB',5.5),(84,125,9,'2019-04-01 05:24:00','Espece',5),(85,121,8,'2019-12-09 04:13:00','Espece',29),(86,21,2,'2019-06-08 22:29:00','Espece',26.5),(87,55,1,'2019-10-03 01:33:00','CB',13.5),(88,67,4,'2019-12-07 02:21:00','CB',49.5),(89,46,8,'2019-10-03 13:06:00','CB',19),(90,122,3,'2019-02-02 02:30:00','CB',25.5),(91,111,12,'2019-02-01 01:42:00','CB',36.5),(92,55,1,'2019-04-09 06:26:00','CB',51.5),(93,0,2,'2019-04-06 06:07:00','CB',17.5),(94,59,3,'2019-08-01 08:52:00','Espece',64),(95,0,1,'2019-08-07 06:47:00','CB',41),(96,121,1,'2019-02-12 12:57:00','CB',30),(97,92,1,'2019-10-08 10:29:00','CB',35),(98,0,2,'2019-10-08 14:33:00','CB',51),(99,0,12,'2019-01-10 15:06:00','CB',64.5),(100,40,1,'2019-04-11 08:16:00','Espece',44),(101,90,6,'2019-10-10 08:36:00','CB',59.5),(102,111,5,'2019-05-03 16:13:00','Espece',21.5),(103,0,1,'2019-12-08 16:56:00','CB',82),(104,53,1,'2019-03-04 21:07:00','CB',11.5),(105,102,3,'2019-08-10 11:10:00','Espece',32.5),(106,137,6,'2019-07-10 20:18:00','CB',29.5),(107,13,8,'2019-12-12 00:55:00','CB',25),(108,123,3,'2019-05-05 04:27:00','CB',3),(109,0,12,'2019-06-07 23:59:00','CB',4),(110,122,9,'2019-12-06 13:37:00','Espece',14),(111,40,4,'2019-09-10 12:52:00','CB',43),(112,117,1,'2019-11-05 17:44:00','CB',8),(113,117,9,'2019-02-01 08:36:00','CB',51.5),(114,2,12,'2019-12-05 12:00:00','Espece',34),(115,0,1,'2019-01-10 03:58:00','CB',46.5),(116,145,5,'2019-08-07 22:37:00','Espece',55),(117,23,3,'2019-10-05 04:59:00','Espece',10),(118,98,10,'2019-01-11 19:00:00','Espece',69),(119,0,12,'2019-10-03 09:07:00','CB',28),(120,78,6,'2019-12-02 18:50:00','CB',5.5),(121,0,3,'2019-05-10 16:23:00','CB',18),(122,23,5,'2019-04-10 19:07:00','CB',7.5),(123,126,1,'2019-12-07 11:04:00','CB',37),(124,12,1,'2019-03-11 16:06:00','Espece',60.5),(125,118,5,'2019-03-06 03:43:00','Espece',5),(126,104,1,'2019-06-01 23:26:00','Espece',33.5),(127,0,2,'2019-02-10 23:45:00','CB',13),(128,33,5,'2019-06-11 20:42:00','CB',8.5),(129,0,12,'2019-02-01 07:44:00','CB',14.5),(130,127,11,'2019-06-04 16:34:00','CB',6.5),(131,44,10,'2019-11-09 14:49:00','CB',15),(132,55,5,'2019-03-02 21:46:00','CB',60),(133,16,3,'2019-02-05 07:51:00','CB',38),(134,0,12,'2019-04-05 14:19:00','CB',28.5),(135,0,2,'2019-12-09 21:44:00','CB',25.5),(136,130,12,'2019-07-02 16:09:00','CB',31),(137,0,2,'2019-07-05 02:41:00','CB',16.5),(138,82,10,'2019-12-12 18:24:00','CB',36),(139,117,9,'2019-12-05 06:23:00','Espece',45.5),(140,126,1,'2019-01-03 22:57:00','Espece',25.5),(141,82,2,'2019-12-07 06:02:00','CB',21),(142,0,12,'2019-10-02 05:15:00','CB',19.5),(143,104,9,'2019-09-01 21:21:00','CB',17),(144,53,11,'2019-10-10 17:02:00','CB',13.5),(145,1,6,'2019-11-12 04:03:00','Espece',24),(146,33,3,'2019-08-08 03:22:00','Espece',3),(147,33,1,'2019-05-07 02:35:00','Espece',51),(148,0,3,'2019-12-09 20:52:00','CB',41),(149,92,7,'2019-06-02 03:18:00','Espece',19.5),(150,29,2,'2019-09-01 23:00:00','CB',22),(151,43,12,'2019-11-09 14:48:00','CB',33.5),(152,0,2,'2019-07-10 12:22:00','CB',15),(153,79,7,'2019-01-01 23:36:00','CB',3),(154,0,3,'2019-09-04 17:54:00','CB',43),(155,35,12,'2019-01-09 08:23:00','CB',11),(156,0,12,'2019-11-10 06:43:00','CB',55.5),(157,94,11,'2019-09-04 11:12:00','CB',22.5),(158,0,2,'2019-06-10 17:00:00','CB',15),(159,69,2,'2019-05-03 20:21:00','Espece',12),(160,69,3,'2019-09-05 11:17:00','CB',7),(161,137,2,'2019-03-03 08:47:00','CB',12.5),(162,60,3,'2019-05-04 16:36:00','Espece',3),(163,56,4,'2019-12-12 09:19:00','CB',28),(164,132,3,'2019-05-09 19:57:00','Espece',19),(165,62,8,'2019-05-04 14:30:00','Espece',71),(166,98,7,'2019-12-05 20:14:00','Espece',39),(167,50,11,'2019-02-08 02:51:00','Espece',10),(168,0,12,'2019-07-03 02:26:00','CB',16.5),(169,0,2,'2019-11-11 23:14:00','CB',11.5),(170,146,5,'2019-04-01 01:15:00','CB',2.5),(171,10,8,'2019-11-04 23:50:00','CB',5),(172,88,1,'2019-09-07 10:06:00','CB',6),(173,145,11,'2019-10-10 11:14:00','Espece',62),(174,16,1,'2019-04-08 18:17:00','CB',5),(175,0,12,'2019-12-07 11:46:00','CB',34),(176,0,2,'2019-09-02 22:01:00','CB',6.5),(177,24,12,'2019-12-04 06:36:00','CB',46.5),(178,122,9,'2019-05-08 01:57:00','CB',1.5),(179,0,12,'2019-01-04 17:54:00','CB',25.5),(180,0,12,'2019-01-08 13:19:00','CB',31),(181,123,6,'2019-04-10 16:02:00','Espece',40),(182,29,4,'2019-07-08 21:36:00','Espece',24.5),(183,0,12,'2019-03-01 13:41:00','CB',30),(184,103,1,'2019-12-07 11:25:00','CB',22.5),(185,0,1,'2019-06-06 12:12:00','CB',27),(186,1,10,'2019-09-03 13:00:00','CB',48),(187,0,1,'2019-05-09 08:14:00','CB',42),(188,79,3,'2019-04-03 04:39:00','Espece',37),(189,21,8,'2019-08-04 09:54:00','CB',80),(190,41,2,'2019-01-08 13:05:00','Espece',40.5),(191,44,5,'2019-07-04 00:12:00','Espece',63.5),(192,0,2,'2019-09-08 04:59:00','CB',13.5),(193,93,7,'2019-04-07 04:36:00','CB',39),(194,35,10,'2019-03-04 22:44:00','CB',33.5),(195,59,1,'2019-01-10 11:43:00','Espece',44),(196,94,2,'2019-02-07 18:41:00','CB',18),(197,35,1,'2019-03-06 06:11:00','Espece',11.5),(198,20,10,'2019-09-10 06:23:00','CB',58.5),(199,0,12,'2019-12-04 13:39:00','CB',8),(200,8,1,'2019-01-07 00:29:00','CB',30),(201,60,4,'2019-12-11 20:34:00','Espece',66),(202,82,2,'2019-05-02 08:10:00','Espece',60.5),(203,12,4,'2019-11-03 05:00:00','Espece',17.5),(204,0,2,'2019-05-04 21:07:00','CB',5),(205,116,6,'2019-12-01 01:40:00','CB',40),(206,136,12,'2019-09-12 09:58:00','Espece',30),(207,64,7,'2019-02-03 07:51:00','CB',21),(208,116,1,'2019-03-04 08:33:00','Espece',2.5),(209,118,9,'2019-05-02 08:36:00','CB',61),(210,94,4,'2019-10-08 20:00:00','Espece',22),(211,13,11,'2019-10-09 16:32:00','CB',32.5),(212,72,4,'2019-07-03 13:34:00','CB',40.5),(213,0,1,'2019-08-02 03:03:00','CB',37),(214,142,11,'2019-10-02 02:12:00','CB',23),(215,142,4,'2019-02-12 03:55:00','CB',15.5),(216,0,3,'2019-10-06 12:08:00','CB',63),(217,0,2,'2019-07-03 12:29:00','CB',47.5),(218,1,3,'2019-04-06 16:34:00','Espece',3),(219,146,10,'2019-01-02 12:18:00','Espece',20),(220,0,3,'2019-09-11 23:25:00','CB',12),(221,0,3,'2019-05-07 09:43:00','CB',24),(222,62,12,'2019-03-01 12:04:00','CB',23.5),(223,53,5,'2019-01-12 13:52:00','CB',47.5),(224,0,2,'2019-04-04 01:37:00','CB',8),(225,127,6,'2019-06-04 19:32:00','Espece',31.5),(226,20,3,'2019-06-05 23:21:00','Espece',16.5),(227,60,1,'2019-10-10 12:44:00','CB',8),(228,13,1,'2019-04-10 07:54:00','CB',21.5),(229,72,2,'2019-11-09 00:24:00','Espece',5),(230,0,12,'2019-06-07 02:35:00','CB',18.5),(231,0,1,'2019-06-12 17:06:00','CB',18.5),(232,12,11,'2019-09-05 06:29:00','Espece',5.5),(233,59,9,'2019-10-11 05:23:00','CB',62),(234,0,12,'2019-01-03 16:50:00','CB',45.5),(235,0,3,'2019-11-12 11:31:00','CB',59.5),(236,114,10,'2019-01-11 01:35:00','CB',43.5),(237,20,5,'2019-06-02 18:22:00','Espece',45.5),(238,0,2,'2019-09-01 22:04:00','CB',20),(239,0,3,'2019-06-04 10:48:00','CB',44),(240,0,12,'2019-07-05 00:12:00','CB',25.5),(241,140,3,'2019-04-03 11:50:00','CB',15),(242,0,3,'2019-10-05 00:56:00','CB',70),(243,118,11,'2019-11-02 12:08:00','CB',26.5),(244,0,3,'2019-03-05 10:49:00','CB',27),(245,0,3,'2019-09-10 07:35:00','CB',26.5),(246,126,6,'2019-03-01 02:44:00','CB',17),(247,39,11,'2019-02-08 21:31:00','Espece',32.5),(248,98,9,'2019-09-05 00:30:00','Espece',9),(249,62,5,'2019-10-06 09:41:00','CB',1.5),(250,30,6,'2019-02-02 15:54:00','CB',22.5),(251,0,1,'2019-11-01 20:34:00','CB',1.5),(252,0,3,'2019-12-07 05:03:00','CB',42),(253,114,11,'2019-03-10 13:18:00','Espece',1.5),(254,94,5,'2019-03-01 11:54:00','CB',39),(255,10,11,'2019-11-11 01:36:00','Espece',5),(256,146,4,'2019-03-06 13:53:00','CB',49),(257,116,10,'2019-05-10 06:55:00','Espece',7.5),(258,12,4,'2019-06-07 11:42:00','CB',40),(259,127,9,'2019-05-06 22:47:00','Espece',24.5),(260,0,12,'2019-12-10 09:10:00','CB',19),(261,121,6,'2019-08-05 03:57:00','CB',35),(262,53,9,'2019-12-09 13:27:00','Espece',44),(263,74,6,'2019-10-09 04:21:00','CB',33.5),(264,59,5,'2019-01-06 04:02:00','Espece',10),(265,137,4,'2019-02-07 05:44:00','Espece',45),(266,35,7,'2019-01-11 16:29:00','CB',30),(267,0,1,'2019-12-04 04:06:00','CB',31.5),(268,0,2,'2019-04-04 20:27:00','CB',6),(269,122,8,'2019-03-02 15:24:00','CB',3),(270,60,12,'2019-07-12 23:28:00','CB',4),(271,79,8,'2019-08-03 14:15:00','CB',58.5),(272,29,10,'2019-03-05 19:54:00','Espece',41),(273,23,1,'2019-05-05 19:19:00','CB',43),(274,111,12,'2019-06-05 11:03:00','CB',22),(275,103,5,'2019-03-06 10:37:00','CB',31.5),(276,33,10,'2019-11-08 17:14:00','Espece',44.5),(277,79,10,'2019-05-11 09:10:00','Espece',30),(278,130,5,'2019-02-02 07:12:00','CB',2.5),(279,98,1,'2019-03-12 09:24:00','CB',41),(280,24,6,'2019-01-04 18:23:00','CB',14.5),(281,96,9,'2019-11-06 17:22:00','CB',1.5),(282,43,1,'2019-01-03 14:56:00','CB',91.5),(283,104,12,'2019-06-03 15:54:00','CB',41),(284,0,1,'2019-02-10 04:45:00','CB',33.5),(285,69,3,'2019-09-04 14:41:00','Espece',24.5),(286,136,8,'2019-02-11 20:21:00','CB',32.5),(287,0,12,'2019-11-07 05:34:00','CB',5),(288,0,1,'2019-01-01 03:03:00','CB',12.5),(289,144,4,'2019-09-02 09:06:00','CB',23.5),(290,59,2,'2019-03-12 14:57:00','Espece',34.5),(291,98,4,'2019-03-11 10:00:00','CB',22.5),(292,0,3,'2019-03-07 00:46:00','CB',12),(293,2,8,'2019-06-11 01:25:00','Espece',37),(294,0,2,'2019-08-04 02:04:00','CB',54),(295,0,1,'2019-01-04 18:00:00','CB',5),(296,0,3,'2019-06-12 00:10:00','CB',7),(297,0,3,'2019-05-12 13:39:00','CB',36),(298,92,5,'2019-03-03 17:47:00','Espece',28),(299,127,1,'2019-01-02 18:32:00','Espece',71.5),(300,88,3,'2019-02-01 17:00:00','CB',20),(301,0,2,'2019-06-05 10:02:00','CB',33),(302,60,5,'2019-05-01 15:50:00','CB',14.5),(303,114,3,'2019-12-03 06:21:00','CB',11),(304,5,5,'2019-09-02 09:54:00','CB',20),(305,96,8,'2019-10-07 04:24:00','Espece',27.5),(306,114,10,'2019-03-10 19:44:00','CB',2.5),(307,55,11,'2019-11-09 04:34:00','CB',10.5),(308,64,2,'2019-04-05 07:15:00','CB',11),(309,0,12,'2019-11-12 13:03:00','CB',2.5),(310,34,4,'2019-08-06 11:04:00','Espece',12.5),(311,0,2,'2019-09-06 08:11:00','CB',43.5),(312,132,10,'2019-08-04 01:45:00','CB',17),(313,112,9,'2019-06-12 15:31:00','Espece',30),(314,103,9,'2019-03-06 06:02:00','CB',24.5),(315,23,6,'2019-04-02 02:55:00','CB',37),(316,0,2,'2019-09-08 00:42:00','CB',18),(317,0,3,'2019-09-05 08:43:00','CB',67),(318,69,7,'2019-07-10 19:32:00','Espece',4.5),(319,146,6,'2019-10-04 19:26:00','CB',72.5),(320,24,6,'2019-05-03 01:00:00','Espece',37),(321,98,2,'2019-01-01 17:57:00','CB',37.5),(322,60,3,'2019-09-11 04:47:00','Espece',35.5),(323,20,7,'2019-09-02 02:00:00','CB',10),(324,118,1,'2019-08-09 10:18:00','CB',38.5),(325,0,12,'2019-12-05 06:06:00','CB',9),(326,90,12,'2019-09-11 22:24:00','Espece',6.5),(327,114,12,'2019-01-12 09:03:00','Espece',11),(328,60,5,'2019-10-06 19:49:00','Espece',1.5),(329,1,1,'2019-11-11 19:52:00','Espece',35.5),(330,98,9,'2019-09-09 02:32:00','Espece',32.5),(331,111,9,'2019-12-12 06:18:00','CB',44.5),(332,112,6,'2019-03-11 22:59:00','Espece',47),(333,0,1,'2019-03-10 22:28:00','CB',42.5),(334,0,12,'2019-03-11 07:51:00','CB',19),(335,136,10,'2019-01-01 18:35:00','Espece',3),(336,55,11,'2019-06-02 18:20:00','CB',30.5),(337,8,12,'2019-07-02 23:33:00','CB',43),(338,10,1,'2019-11-01 03:08:00','CB',15),(339,103,5,'2019-03-12 06:43:00','Espece',62.5),(340,5,11,'2019-03-12 20:09:00','CB',54.5),(341,114,4,'2019-03-11 12:52:00','Espece',39.5),(342,137,9,'2019-04-11 12:53:00','CB',46.5),(343,55,5,'2019-09-04 11:19:00','Espece',44),(344,141,9,'2019-02-07 22:22:00','CB',25.5),(345,12,1,'2019-08-10 22:41:00','Espece',22.5),(346,69,5,'2019-10-08 01:31:00','Espece',26.5),(347,88,11,'2019-10-04 01:33:00','Espece',15),(348,0,1,'2019-04-10 22:18:00','CB',59.5),(349,0,1,'2019-06-12 19:59:00','CB',30),(350,144,3,'2019-02-09 07:32:00','Espece',7.5),(351,130,9,'2019-04-11 02:49:00','CB',9),(352,0,2,'2019-05-06 14:25:00','CB',46.5),(353,0,12,'2019-09-01 20:42:00','CB',10),(354,33,8,'2019-08-06 13:44:00','Espece',48.5),(355,12,1,'2019-08-06 00:59:00','Espece',37.5),(356,0,2,'2019-03-04 00:43:00','CB',28),(357,102,7,'2019-12-01 17:46:00','CB',33),(358,21,3,'2019-04-09 11:11:00','CB',73),(359,33,10,'2019-09-05 10:01:00','CB',30),(360,60,9,'2019-01-06 16:10:00','CB',41),(361,23,9,'2019-08-08 03:58:00','Espece',32.5),(362,13,6,'2019-10-01 20:48:00','Espece',23),(363,46,6,'2019-03-01 19:17:00','Espece',33),(364,17,6,'2019-08-12 06:56:00','CB',16.5),(365,0,12,'2019-08-02 01:32:00','CB',20.5),(366,10,8,'2019-03-04 01:36:00','Espece',14),(367,0,2,'2019-03-03 12:08:00','CB',28),(368,43,1,'2019-02-05 20:29:00','CB',33.5),(369,53,8,'2019-01-05 14:25:00','CB',58),(370,0,12,'2019-11-11 19:23:00','CB',6),(371,77,2,'2019-01-08 06:49:00','Espece',37.5),(372,0,2,'2019-11-09 06:48:00','CB',48),(373,0,2,'2019-08-01 01:37:00','CB',24),(374,0,3,'2019-06-12 08:00:00','CB',34.5),(375,141,11,'2019-01-06 03:59:00','CB',55.5),(376,59,4,'2019-10-11 10:36:00','CB',2.5),(377,98,7,'2019-11-12 04:53:00','Espece',24.5),(378,12,9,'2019-07-07 23:23:00','CB',57.5),(379,78,9,'2019-11-02 17:12:00','CB',28),(380,98,12,'2019-11-05 22:47:00','CB',36.5),(381,0,2,'2019-03-09 11:17:00','CB',62.5),(382,46,12,'2019-03-05 21:47:00','Espece',32),(383,56,7,'2019-07-06 13:53:00','CB',22),(384,102,2,'2019-04-08 01:44:00','CB',64),(385,44,12,'2019-06-07 09:32:00','Espece',17),(386,78,4,'2019-04-10 03:16:00','Espece',21.5),(387,0,12,'2019-11-05 19:37:00','CB',32),(388,130,7,'2019-10-06 08:33:00','CB',44.5),(389,116,9,'2019-08-02 03:36:00','Espece',53.5),(390,41,3,'2019-04-03 00:48:00','Espece',14),(391,67,9,'2019-11-01 20:32:00','CB',18.5),(392,123,8,'2019-03-09 23:37:00','Espece',48),(393,16,11,'2019-05-06 18:07:00','Espece',32),(394,102,5,'2019-11-02 16:13:00','CB',12.5),(395,0,12,'2019-09-04 08:27:00','CB',29),(396,145,3,'2019-01-02 13:00:00','CB',40.5),(397,140,12,'2019-08-10 08:17:00','Espece',38.5),(398,0,2,'2019-10-08 09:15:00','CB',44.5),(399,116,3,'2019-04-05 11:44:00','Espece',51),(400,122,12,'2019-03-05 14:41:00','Espece',41),(401,96,6,'2019-03-10 09:42:00','Espece',34),(402,1,1,'2019-04-09 12:05:00','Espece',25.5),(403,121,1,'2019-11-08 21:54:00','CB',57.5),(404,82,7,'2019-07-08 15:40:00','CB',48),(405,0,12,'2019-10-08 10:47:00','CB',8),(406,144,5,'2019-04-12 08:44:00','CB',33),(407,39,5,'2019-03-05 04:14:00','CB',3),(408,94,5,'2019-04-07 01:55:00','Espece',36),(409,98,9,'2019-11-04 18:00:00','CB',54),(410,17,11,'2019-08-10 08:41:00','CB',34),(411,43,6,'2019-12-05 16:36:00','CB',25.5),(412,136,7,'2019-11-04 05:07:00','Espece',38),(413,117,11,'2019-07-01 13:34:00','Espece',9),(414,104,3,'2019-12-08 17:43:00','CB',22.5),(415,98,5,'2019-05-11 02:11:00','CB',24),(416,10,8,'2019-01-04 22:57:00','CB',39),(417,33,12,'2019-08-08 20:31:00','CB',28.5),(418,141,1,'2019-04-03 08:59:00','Espece',45),(419,125,10,'2019-06-05 12:37:00','CB',44.5),(420,0,12,'2019-11-06 21:59:00','CB',36),(421,122,6,'2019-02-02 22:31:00','Espece',70.5),(422,77,6,'2019-01-06 19:47:00','CB',42.5),(423,0,2,'2019-03-01 14:14:00','CB',44.5),(424,5,10,'2019-05-01 10:31:00','Espece',34.5),(425,0,3,'2019-11-03 22:56:00','CB',70.5),(426,0,3,'2019-10-01 18:18:00','CB',13.5),(427,12,7,'2019-11-05 02:41:00','Espece',50),(428,94,1,'2019-02-02 09:15:00','Espece',25.5),(429,13,10,'2019-12-07 10:44:00','Espece',10),(430,0,3,'2019-03-12 11:19:00','CB',44.5),(431,0,12,'2019-06-11 13:27:00','CB',11),(432,24,6,'2019-08-08 20:00:00','CB',31.5),(433,1,12,'2019-06-10 07:40:00','Espece',22.5),(434,39,6,'2019-05-04 16:31:00','Espece',14),(435,116,1,'2019-11-10 18:17:00','CB',42),(436,0,2,'2019-12-11 06:15:00','CB',15),(437,126,6,'2019-02-08 20:12:00','Espece',22),(438,50,9,'2019-03-02 10:38:00','Espece',61.5),(439,77,7,'2019-06-11 17:51:00','Espece',9),(440,0,2,'2019-04-04 23:01:00','CB',57),(441,141,11,'2019-06-05 13:23:00','CB',37.5),(442,0,3,'2019-03-09 18:11:00','CB',38.5),(443,137,10,'2019-07-10 14:04:00','Espece',32.5),(444,13,8,'2019-09-05 12:07:00','CB',10),(445,140,1,'2019-08-01 00:49:00','CB',4),(446,98,6,'2019-03-12 17:11:00','Espece',90),(447,0,12,'2019-06-11 07:01:00','CB',5.5),(448,0,12,'2019-07-12 15:04:00','CB',68.5),(449,2,2,'2019-07-08 22:09:00','Espece',51.5),(450,103,3,'2019-06-05 22:07:00','Espece',7),(451,39,2,'2019-07-09 08:36:00','Espece',46.5),(452,0,12,'2019-12-07 02:09:00','CB',39),(453,117,3,'2019-11-11 23:27:00','Espece',13.5),(454,144,4,'2019-09-11 14:39:00','Espece',25.5),(455,0,3,'2019-01-08 08:58:00','CB',30),(456,0,2,'2019-11-10 00:36:00','CB',50.5),(457,43,11,'2019-02-03 15:25:00','CB',14),(458,0,12,'2019-07-04 09:08:00','CB',8.5),(459,141,6,'2019-05-08 09:14:00','Espece',44),(460,132,4,'2019-08-12 10:58:00','Espece',3),(461,10,10,'2019-01-04 22:21:00','Espece',58.5),(462,0,2,'2019-08-02 06:02:00','CB',55.5),(463,112,5,'2019-11-12 09:47:00','CB',4.5),(464,132,10,'2019-06-05 06:01:00','Espece',35.5),(465,90,2,'2019-06-06 01:42:00','CB',17),(466,0,2,'2019-07-07 17:54:00','CB',27),(467,0,2,'2019-01-09 13:11:00','CB',36.5),(468,21,12,'2019-12-03 17:12:00','CB',19),(469,24,9,'2019-08-07 06:04:00','CB',59.5),(470,56,1,'2019-05-11 07:29:00','Espece',4),(471,34,5,'2019-10-11 20:59:00','CB',38),(472,144,8,'2019-09-07 16:51:00','Espece',13),(473,144,1,'2019-02-07 05:24:00','CB',43.5),(474,132,8,'2019-08-04 14:58:00','Espece',33),(475,144,1,'2019-12-05 23:47:00','CB',12),(476,1,2,'2019-08-10 04:14:00','Espece',7),(477,0,3,'2019-10-01 03:31:00','CB',7),(478,0,3,'2019-11-06 18:28:00','CB',30.5),(479,0,3,'2019-10-11 08:22:00','CB',8),(480,67,10,'2019-03-09 00:26:00','CB',17),(481,74,10,'2019-01-03 07:06:00','Espece',68.5),(482,21,5,'2019-06-12 15:46:00','CB',31.5),(483,140,6,'2019-02-02 09:46:00','Espece',18),(484,0,3,'2019-05-08 01:15:00','CB',24.5),(485,0,2,'2019-02-07 08:58:00','CB',12.5),(486,123,11,'2019-12-10 20:30:00','CB',39.5),(487,127,12,'2019-09-10 14:46:00','CB',39),(488,111,3,'2019-03-05 04:43:00','CB',28.5),(489,33,2,'2019-10-11 06:54:00','Espece',14),(490,0,1,'2019-04-02 16:07:00','CB',58.5),(491,0,12,'2019-12-10 19:13:00','CB',9.5),(492,72,7,'2019-10-02 05:55:00','Espece',33.5),(493,121,11,'2019-09-04 05:14:00','CB',12.5),(494,16,4,'2019-08-02 06:34:00','Espece',37),(495,82,12,'2019-08-07 21:56:00','Espece',3),(496,16,11,'2019-03-06 21:55:00','Espece',29.5),(497,0,1,'2019-06-07 16:14:00','CB',5.5),(498,0,2,'2019-04-11 20:55:00','CB',44.5),(499,46,7,'2019-08-05 21:39:00','CB',33),(500,0,1,'2019-02-03 19:52:00','CB',5),(501,5,1,'2019-09-06 21:55:00','CB',17),(502,69,10,'2019-05-02 17:29:00','Espece',41.5),(503,55,4,'2019-06-03 20:04:00','CB',21),(504,116,2,'2019-06-07 21:45:00','CB',29),(505,146,5,'2019-03-08 19:27:00','CB',37.5),(506,40,11,'2019-07-05 07:53:00','CB',9.5),(507,72,8,'2019-02-07 23:35:00','CB',18),(508,40,6,'2019-02-09 16:19:00','Espece',36.5),(509,112,1,'2019-08-06 18:48:00','CB',22),(510,104,12,'2019-11-01 19:19:00','CB',28.5),(511,117,5,'2019-05-02 12:46:00','Espece',7),(512,121,10,'2019-04-09 05:31:00','Espece',62),(513,69,2,'2019-01-03 20:32:00','Espece',44.5),(514,53,8,'2019-07-05 07:42:00','CB',16),(515,130,4,'2019-05-07 16:44:00','CB',25),(516,0,12,'2019-05-02 03:19:00','CB',15),(517,0,12,'2019-08-02 14:03:00','CB',44),(518,137,5,'2019-01-12 05:52:00','Espece',25.5),(519,55,10,'2019-12-12 11:31:00','Espece',27),(520,146,1,'2019-10-05 21:05:00','CB',18),(521,0,3,'2019-04-11 09:56:00','CB',25),(522,10,2,'2019-03-07 09:01:00','CB',60.5),(523,46,4,'2019-05-09 03:06:00','Espece',22.5),(524,126,2,'2019-03-08 23:34:00','Espece',51),(525,144,11,'2019-07-01 04:18:00','Espece',10.5),(526,121,8,'2019-03-07 15:15:00','Espece',27),(527,0,2,'2019-03-12 21:34:00','CB',28.5),(528,77,7,'2019-08-03 13:53:00','Espece',50.5),(529,16,1,'2019-03-03 00:02:00','CB',41.5),(530,39,10,'2019-02-04 18:42:00','Espece',6.5),(531,43,4,'2019-09-05 09:05:00','Espece',61.5),(532,118,12,'2019-08-06 18:35:00','Espece',63.5),(533,145,10,'2019-01-11 02:45:00','CB',19.5),(534,0,12,'2019-02-09 09:27:00','CB',20.5),(535,79,6,'2019-08-11 10:28:00','CB',3),(536,129,1,'2019-12-03 08:16:00','CB',17.5),(537,0,3,'2019-08-04 17:37:00','CB',12.5),(538,116,12,'2019-06-03 14:53:00','Espece',8.5),(539,62,10,'2019-12-04 14:57:00','Espece',29.5),(540,46,10,'2019-12-01 11:38:00','Espece',28.5),(541,129,5,'2019-07-09 15:16:00','Espece',26.5),(542,121,3,'2019-08-12 03:59:00','Espece',29),(543,13,9,'2019-02-05 02:24:00','Espece',32),(544,0,3,'2019-04-10 22:14:00','CB',49),(545,0,3,'2019-06-10 06:51:00','CB',25),(546,127,12,'2019-01-09 16:08:00','CB',38.5),(547,88,7,'2019-04-12 14:15:00','CB',3),(548,104,10,'2019-03-05 23:31:00','Espece',15.5),(549,140,1,'2019-04-03 16:30:00','CB',56),(550,62,4,'2019-01-04 22:54:00','CB',9),(551,98,8,'2019-12-12 02:49:00','Espece',43.5),(552,118,1,'2019-11-03 14:34:00','Espece',10),(553,0,3,'2019-06-05 17:15:00','CB',17),(554,67,1,'2019-06-03 18:49:00','Espece',3),(555,43,4,'2019-02-06 05:17:00','Espece',46),(556,132,4,'2019-08-04 18:06:00','CB',8),(557,94,10,'2019-11-04 23:52:00','CB',44.5),(558,0,3,'2019-03-08 21:10:00','CB',37.5),(559,96,8,'2019-03-09 06:20:00','Espece',30),(560,90,4,'2019-12-06 18:14:00','Espece',14.5),(561,17,2,'2019-09-09 06:59:00','Espece',14),(562,146,5,'2019-12-10 12:25:00','CB',51),(563,0,3,'2019-02-10 02:49:00','CB',42.5),(564,145,4,'2019-01-02 18:51:00','Espece',40.5),(565,132,1,'2019-07-07 19:32:00','Espece',50),(566,145,7,'2019-05-10 01:28:00','CB',27),(567,0,2,'2019-11-07 07:29:00','CB',28.5),(568,88,8,'2019-03-07 07:14:00','CB',23),(569,74,9,'2019-05-01 11:01:00','CB',29.5),(570,114,10,'2019-04-07 19:02:00','CB',9),(571,0,3,'2019-12-06 14:24:00','CB',29.5),(572,144,1,'2019-05-06 03:13:00','Espece',17.5),(573,118,8,'2019-03-01 03:03:00','CB',35.5),(574,141,4,'2019-03-11 01:27:00','CB',72),(575,0,3,'2019-08-09 18:18:00','CB',4.5),(576,43,2,'2019-12-08 20:11:00','Espece',69.5),(577,62,4,'2019-02-05 05:16:00','CB',32.5),(578,96,5,'2019-11-12 09:09:00','Espece',52.5),(579,34,7,'2019-10-02 09:04:00','Espece',27),(580,46,9,'2019-10-04 23:25:00','CB',49.5),(581,82,2,'2019-12-09 19:46:00','Espece',32.5),(582,103,12,'2019-03-08 04:32:00','Espece',64.5),(583,53,1,'2019-02-04 05:58:00','Espece',67),(584,88,9,'2019-12-07 05:56:00','CB',43.5),(585,121,6,'2019-04-07 05:14:00','Espece',57),(586,64,1,'2019-06-11 06:37:00','Espece',16.5),(587,0,3,'2019-02-09 17:20:00','CB',48.5),(588,122,9,'2019-05-01 18:55:00','Espece',23.5),(589,17,7,'2019-03-12 16:55:00','Espece',40.5),(590,127,4,'2019-04-06 18:07:00','CB',58.5),(591,12,8,'2019-04-03 03:43:00','Espece',22),(592,41,8,'2019-08-03 15:04:00','CB',8.5),(593,0,1,'2019-05-07 22:41:00','CB',36.5),(594,23,9,'2019-02-07 00:18:00','CB',43),(595,55,7,'2019-03-01 22:52:00','CB',59.5),(596,79,9,'2019-07-04 20:30:00','CB',22),(597,137,3,'2019-08-02 03:01:00','CB',29),(598,0,12,'2019-12-09 09:16:00','CB',46),(599,94,12,'2019-03-07 04:48:00','CB',24),(600,137,4,'2019-09-01 22:36:00','CB',27),(601,67,6,'2019-09-07 17:42:00','Espece',23.5),(602,121,2,'2019-02-03 19:02:00','CB',22.5),(603,93,6,'2019-10-03 13:19:00','Espece',5.5),(604,5,1,'2019-01-11 18:24:00','CB',8),(605,46,8,'2019-08-04 06:09:00','CB',5),(606,33,4,'2019-08-08 02:49:00','Espece',35.5),(607,114,9,'2019-03-03 05:43:00','Espece',73),(608,5,1,'2019-01-12 18:08:00','CB',23.5),(609,20,12,'2019-12-03 10:22:00','CB',25.5),(610,123,6,'2019-10-11 15:13:00','CB',11.5),(611,0,2,'2019-01-07 23:44:00','CB',23),(612,104,4,'2019-01-05 05:34:00','CB',51.5),(613,0,1,'2019-02-01 14:53:00','CB',37),(614,136,2,'2019-11-12 19:32:00','Espece',29),(615,24,1,'2019-03-01 12:28:00','Espece',55),(616,33,5,'2019-12-12 15:13:00','Espece',34.5),(617,35,7,'2019-06-05 11:18:00','CB',8.5),(618,12,8,'2019-09-12 16:37:00','Espece',30),(619,0,3,'2019-01-10 02:20:00','CB',59),(620,102,6,'2019-08-06 16:12:00','CB',6),(621,88,12,'2019-04-04 17:56:00','Espece',38.5),(622,59,9,'2019-05-07 03:06:00','CB',46),(623,98,12,'2019-01-09 09:23:00','CB',28),(624,79,4,'2019-09-04 23:18:00','Espece',54),(625,17,1,'2019-10-03 20:22:00','Espece',17),(626,0,1,'2019-05-08 17:40:00','CB',36),(627,94,7,'2019-01-04 16:56:00','CB',13),(628,104,3,'2019-01-04 02:32:00','CB',5),(629,88,1,'2019-07-02 05:38:00','Espece',42.5),(630,0,1,'2019-10-09 15:08:00','CB',42.5),(631,0,12,'2019-01-10 14:46:00','CB',26.5),(632,78,2,'2019-02-12 09:32:00','Espece',63),(633,50,9,'2019-07-10 08:02:00','CB',7),(634,0,1,'2019-04-05 12:43:00','CB',43),(635,130,5,'2019-10-03 01:25:00','CB',19),(636,39,1,'2019-02-06 12:04:00','CB',23),(637,17,12,'2019-03-10 22:30:00','Espece',13),(638,93,12,'2019-01-06 17:55:00','CB',43.5),(639,0,2,'2019-05-01 08:19:00','CB',42),(640,16,8,'2019-05-05 14:03:00','Espece',53.5),(641,55,11,'2019-09-07 02:14:00','CB',21.5),(642,142,1,'2019-10-03 19:26:00','Espece',50),(643,0,1,'2019-11-10 12:08:00','CB',30.5),(644,50,5,'2019-05-01 13:20:00','Espece',15),(645,0,3,'2019-11-10 03:26:00','CB',57),(646,103,9,'2019-02-10 09:23:00','Espece',16.5),(647,0,1,'2019-06-10 11:55:00','CB',51),(648,0,12,'2019-03-08 01:19:00','CB',36),(649,125,6,'2019-11-05 01:43:00','Espece',35.5),(650,56,4,'2019-02-01 12:02:00','Espece',24.5),(651,114,4,'2019-01-10 19:35:00','Espece',3),(652,136,12,'2019-11-10 10:58:00','Espece',53),(653,0,1,'2019-12-09 02:36:00','CB',10),(654,0,3,'2019-09-05 01:16:00','CB',39.5),(655,0,12,'2019-03-02 14:45:00','CB',22.5),(656,78,3,'2019-03-04 07:25:00','CB',27.5),(657,0,2,'2019-03-08 18:19:00','CB',25.5),(658,144,8,'2019-05-11 10:58:00','CB',37),(659,121,9,'2019-04-02 14:34:00','CB',19.5),(660,69,5,'2019-03-06 11:58:00','Espece',12),(661,116,12,'2019-07-01 01:28:00','CB',50),(662,0,1,'2019-03-12 10:09:00','CB',31.5),(663,93,9,'2019-05-06 10:25:00','Espece',52),(664,116,12,'2019-05-11 15:14:00','CB',42),(665,0,1,'2019-09-10 15:03:00','CB',36),(666,0,1,'2019-10-04 16:49:00','CB',6),(667,146,8,'2019-07-05 16:27:00','Espece',21),(668,123,12,'2019-06-04 06:46:00','Espece',22),(669,0,1,'2019-12-11 09:21:00','CB',23),(670,67,4,'2019-06-04 09:50:00','CB',49),(671,0,12,'2019-08-12 04:05:00','CB',29),(672,141,9,'2019-04-03 07:41:00','CB',2.5),(673,102,12,'2019-04-08 03:43:00','Espece',59.5),(674,34,5,'2019-02-11 14:43:00','CB',7.5),(675,0,2,'2019-03-12 06:39:00','CB',44.5),(676,0,3,'2019-06-09 06:42:00','CB',3),(677,41,3,'2019-12-10 16:08:00','CB',31),(678,127,12,'2019-06-02 22:48:00','CB',24.5),(679,59,2,'2019-05-09 23:34:00','CB',47.5),(680,0,2,'2019-02-09 02:16:00','CB',14),(681,23,12,'2019-07-05 11:02:00','Espece',32.5),(682,117,11,'2019-08-03 14:08:00','CB',32.5),(683,16,6,'2019-01-06 18:36:00','CB',38),(684,59,11,'2019-11-05 06:30:00','Espece',39),(685,96,2,'2019-04-05 19:33:00','Espece',6.5),(686,0,1,'2019-08-05 19:19:00','CB',57.5),(687,44,10,'2019-07-12 23:24:00','CB',12),(688,35,12,'2019-01-10 23:47:00','CB',38.5),(689,0,1,'2019-06-05 19:51:00','CB',48),(690,39,8,'2019-11-07 21:17:00','CB',1.5),(691,78,7,'2019-08-11 14:58:00','Espece',2.5),(692,0,12,'2019-10-07 08:33:00','CB',53),(693,46,7,'2019-09-07 15:44:00','CB',56),(694,0,1,'2019-07-09 07:24:00','CB',22),(695,74,2,'2019-09-11 22:38:00','Espece',14.5),(696,13,1,'2019-02-05 22:42:00','CB',58.5),(697,82,2,'2019-06-01 00:02:00','CB',34.5),(698,0,2,'2019-12-11 01:27:00','CB',59.5),(699,0,1,'2019-10-11 00:42:00','CB',39.5),(700,121,9,'2019-07-10 23:50:00','Espece',47),(701,0,1,'2019-12-04 08:20:00','CB',8.5),(702,126,2,'2019-11-09 15:50:00','CB',91.5),(703,17,5,'2019-05-09 01:53:00','Espece',20),(704,0,12,'2019-05-10 10:03:00','CB',34.5),(705,0,2,'2019-09-01 16:34:00','CB',15),(706,78,10,'2019-10-05 20:28:00','CB',44),(707,0,3,'2019-05-08 02:52:00','CB',22.5),(708,0,2,'2019-03-07 05:04:00','CB',15),(709,118,3,'2019-05-12 02:42:00','Espece',11),(710,142,3,'2019-01-06 19:05:00','CB',19.5),(711,121,1,'2019-05-01 15:36:00','CB',22.5),(712,126,10,'2019-09-12 08:55:00','CB',11),(713,41,2,'2019-02-08 10:40:00','CB',66.5),(714,12,5,'2019-03-06 23:32:00','CB',35),(715,127,3,'2019-02-10 15:03:00','Espece',42.5),(716,90,4,'2019-11-08 18:16:00','Espece',10.5),(717,30,4,'2019-08-02 05:58:00','Espece',45),(718,0,2,'2019-06-03 09:01:00','CB',7.5),(719,118,5,'2019-07-08 20:59:00','CB',46.5),(720,127,4,'2019-09-01 23:45:00','Espece',81),(721,64,1,'2019-05-02 00:53:00','Espece',36.5),(722,13,2,'2019-10-12 08:39:00','Espece',15),(723,67,11,'2019-10-07 23:23:00','Espece',13.5),(724,67,3,'2019-03-11 19:59:00','Espece',28.5),(725,0,12,'2019-12-03 04:18:00','CB',40),(726,44,3,'2019-03-05 14:03:00','Espece',14.5),(727,53,10,'2019-08-03 20:28:00','Espece',40),(728,64,9,'2019-09-07 08:17:00','CB',13),(729,90,4,'2019-06-02 04:11:00','Espece',16),(730,127,10,'2019-12-09 15:24:00','Espece',2.5),(731,16,6,'2019-12-06 15:53:00','CB',33.5),(732,17,1,'2019-11-10 04:45:00','Espece',88.5),(733,35,4,'2019-02-02 20:20:00','CB',39.5),(734,0,2,'2019-11-05 02:42:00','CB',6),(735,125,7,'2019-01-10 06:40:00','CB',29),(736,2,1,'2019-03-02 19:45:00','CB',48.5),(737,145,11,'2019-02-08 07:19:00','CB',4),(738,132,3,'2019-03-04 02:56:00','CB',36),(739,35,10,'2019-12-09 01:28:00','CB',42),(740,130,2,'2019-08-12 08:00:00','CB',5),(741,104,11,'2019-10-08 19:31:00','CB',9),(742,136,4,'2019-02-03 02:26:00','CB',18),(743,0,1,'2019-07-08 14:57:00','CB',16.5),(744,44,12,'2019-03-12 00:30:00','CB',32.5),(745,0,1,'2019-11-02 16:06:00','CB',12),(746,126,11,'2019-11-08 16:02:00','CB',18.5),(747,125,2,'2019-03-11 01:29:00','CB',51),(748,140,5,'2019-10-09 23:20:00','Espece',16),(749,35,4,'2019-01-04 04:57:00','CB',35),(750,8,3,'2019-03-10 04:48:00','Espece',9),(751,30,1,'2019-03-11 14:30:00','Espece',44),(752,0,1,'2019-01-01 07:30:00','CB',51),(753,67,4,'2019-10-06 11:29:00','Espece',70),(754,0,12,'2019-07-03 08:02:00','CB',31),(755,145,5,'2019-03-02 12:23:00','Espece',22.5),(756,24,1,'2019-09-02 20:25:00','CB',70),(757,56,2,'2019-12-05 23:13:00','CB',8),(758,0,2,'2019-06-07 19:06:00','CB',45),(759,44,12,'2019-12-02 04:23:00','CB',25.5),(760,98,6,'2019-02-06 18:06:00','Espece',39),(761,0,12,'2019-03-09 05:01:00','CB',15),(762,0,12,'2019-09-03 16:23:00','CB',15),(763,62,3,'2019-06-12 08:34:00','CB',48.5),(764,0,2,'2019-12-02 09:29:00','CB',44),(765,23,6,'2019-04-09 08:38:00','CB',59),(766,102,2,'2019-12-05 09:55:00','Espece',14.5),(767,142,3,'2019-12-02 11:09:00','CB',71.5),(768,126,4,'2019-05-12 12:50:00','CB',27.5),(769,1,2,'2019-04-09 14:38:00','Espece',62.5),(770,2,1,'2019-09-09 23:01:00','Espece',52.5),(771,24,12,'2019-01-11 17:05:00','Espece',40.5),(772,116,2,'2019-09-01 02:59:00','Espece',38.5),(773,0,1,'2019-07-03 18:13:00','CB',39.5),(774,93,1,'2019-01-01 04:51:00','Espece',14),(775,20,7,'2019-10-09 18:23:00','Espece',43.5),(776,145,6,'2019-08-12 19:51:00','Espece',37),(777,102,7,'2019-11-05 16:06:00','Espece',18),(778,0,1,'2019-03-08 07:28:00','CB',57.5),(779,0,3,'2019-10-03 08:32:00','CB',5),(780,102,7,'2019-08-01 01:19:00','Espece',33.5),(781,0,1,'2019-10-03 18:27:00','CB',40),(782,0,2,'2019-07-12 22:09:00','CB',55),(783,103,11,'2019-06-10 01:41:00','CB',11),(784,104,1,'2019-05-06 20:02:00','Espece',35),(785,127,3,'2019-11-02 10:32:00','Espece',44),(786,50,12,'2019-06-08 14:41:00','Espece',19.5),(787,146,4,'2019-05-04 19:27:00','Espece',5),(788,40,8,'2019-05-12 22:02:00','Espece',26),(789,125,7,'2019-12-11 12:26:00','Espece',30.5),(790,127,2,'2019-05-02 13:43:00','Espece',43),(791,123,9,'2019-12-01 17:33:00','CB',66.5),(792,0,2,'2019-02-04 12:52:00','CB',75),(793,121,10,'2019-06-10 14:04:00','CB',37),(794,59,3,'2019-08-10 23:45:00','Espece',5),(795,62,10,'2019-01-12 10:55:00','Espece',34),(796,93,11,'2019-02-09 21:03:00','Espece',29.5),(797,122,10,'2019-01-08 03:35:00','CB',44.5),(798,123,2,'2019-11-04 17:04:00','Espece',31),(799,0,2,'2019-01-10 14:16:00','CB',24),(800,112,1,'2019-11-08 19:10:00','Espece',40),(801,23,2,'2019-06-04 13:05:00','Espece',47.5),(802,111,6,'2019-05-06 10:18:00','CB',45.5),(803,132,12,'2019-09-05 16:03:00','Espece',5),(804,94,12,'2019-11-09 04:32:00','Espece',4.5),(805,13,7,'2019-09-01 18:25:00','CB',14.5),(806,111,2,'2019-03-02 00:24:00','Espece',53.5),(807,0,1,'2019-03-03 23:00:00','CB',17),(808,137,12,'2019-08-07 14:28:00','CB',26.5),(809,41,10,'2019-05-12 01:11:00','Espece',10),(810,121,9,'2019-01-10 16:49:00','Espece',36.5),(811,0,3,'2019-05-12 05:57:00','CB',12),(812,53,4,'2019-07-02 11:02:00','Espece',53.5),(813,30,1,'2019-03-11 05:52:00','CB',79.5),(814,0,1,'2019-08-06 20:51:00','CB',9),(815,117,3,'2019-10-04 04:54:00','CB',1.5),(816,0,12,'2019-12-01 12:52:00','CB',37.5),(817,0,2,'2019-03-03 20:19:00','CB',2.5),(818,21,1,'2019-04-04 09:08:00','CB',42),(819,56,9,'2019-08-07 11:33:00','CB',30),(820,12,2,'2019-09-08 07:18:00','Espece',37),(821,0,12,'2019-07-08 10:53:00','CB',41.5),(822,1,10,'2019-08-06 05:55:00','Espece',38.5),(823,141,4,'2019-04-05 19:47:00','Espece',9),(824,0,2,'2019-05-08 10:59:00','CB',31.5),(825,98,10,'2019-03-12 05:51:00','CB',9),(826,21,12,'2019-08-02 04:23:00','CB',52),(827,114,5,'2019-06-06 23:54:00','Espece',19),(828,20,5,'2019-09-05 00:05:00','CB',40.5),(829,0,2,'2019-04-12 13:14:00','CB',11),(830,17,1,'2019-12-01 02:02:00','CB',22),(831,0,3,'2019-03-07 11:30:00','CB',46),(832,0,3,'2019-06-06 03:15:00','CB',26.5),(833,142,3,'2019-07-06 06:23:00','Espece',54.5),(834,0,2,'2019-12-12 14:52:00','CB',42),(835,1,10,'2019-03-11 18:47:00','CB',32),(836,0,1,'2019-04-07 00:25:00','CB',26),(837,41,8,'2019-11-06 07:33:00','Espece',8.5),(838,72,7,'2019-11-06 06:08:00','Espece',5),(839,127,8,'2019-11-04 14:03:00','Espece',7),(840,104,3,'2019-11-02 23:23:00','CB',21),(841,13,5,'2019-03-02 04:12:00','Espece',6),(842,0,2,'2019-09-07 19:21:00','CB',52.5),(843,34,11,'2019-12-07 09:46:00','CB',39),(844,40,1,'2019-02-07 23:45:00','CB',9.5),(845,114,7,'2019-05-07 00:48:00','Espece',37.5),(846,17,1,'2019-05-12 05:41:00','CB',21.5),(847,103,2,'2019-06-09 01:31:00','Espece',16.5),(848,17,3,'2019-11-10 19:06:00','Espece',38.5),(849,23,6,'2019-08-11 21:42:00','Espece',2.5),(850,40,4,'2019-08-09 10:22:00','Espece',4.5),(851,0,1,'2019-01-01 13:45:00','CB',44.5),(852,0,2,'2019-04-09 17:07:00','CB',37.5),(853,0,1,'2019-09-08 20:44:00','CB',7.5),(854,64,8,'2019-07-02 22:44:00','CB',22),(855,29,11,'2019-04-10 22:46:00','CB',21),(856,8,5,'2019-03-10 09:47:00','CB',33.5),(857,90,7,'2019-04-10 19:26:00','CB',13.5),(858,146,8,'2019-09-02 01:34:00','Espece',27.5),(859,103,12,'2019-03-09 15:01:00','Espece',23),(860,144,8,'2019-05-11 22:00:00','Espece',24),(861,0,1,'2019-07-11 19:26:00','CB',27.5),(862,2,7,'2019-01-07 17:33:00','Espece',38.5),(863,92,6,'2019-11-02 19:01:00','CB',48),(864,0,2,'2019-09-04 03:55:00','CB',22.5),(865,103,12,'2019-09-08 13:02:00','CB',32),(866,0,1,'2019-09-12 22:22:00','CB',18),(867,0,3,'2019-10-07 22:44:00','CB',57),(868,56,11,'2019-07-10 02:02:00','CB',32.5),(869,125,4,'2019-10-01 22:10:00','CB',84),(870,0,1,'2019-08-12 15:04:00','CB',18.5),(871,0,3,'2019-05-05 13:30:00','CB',5.5),(872,145,4,'2019-09-05 19:52:00','CB',24),(873,112,7,'2019-01-12 22:30:00','Espece',38),(874,79,1,'2019-02-01 03:02:00','Espece',22),(875,90,1,'2019-06-05 09:38:00','CB',38),(876,62,11,'2019-03-11 22:04:00','CB',22.5),(877,111,12,'2019-06-09 03:24:00','Espece',19),(878,21,2,'2019-05-11 13:34:00','CB',56),(879,98,1,'2019-03-07 15:37:00','Espece',22.5),(880,72,1,'2019-10-07 21:16:00','Espece',59),(881,8,1,'2019-02-12 21:14:00','Espece',2.5),(882,142,5,'2019-04-09 04:23:00','Espece',54.5),(883,0,1,'2019-07-09 21:09:00','CB',39),(884,94,2,'2019-10-07 22:43:00','Espece',11),(885,35,3,'2019-07-06 17:43:00','Espece',13),(886,137,7,'2019-06-04 00:40:00','CB',47),(887,140,5,'2019-03-03 03:54:00','CB',41.5),(888,64,8,'2019-08-11 06:45:00','CB',21),(889,39,12,'2019-05-01 15:09:00','Espece',40),(890,82,1,'2019-11-10 12:01:00','CB',48.5),(891,13,7,'2019-05-06 13:29:00','CB',7.5),(892,13,5,'2019-05-10 10:47:00','CB',22.5),(893,21,10,'2019-03-03 19:44:00','CB',47.5),(894,8,12,'2019-10-02 23:56:00','CB',10.5),(895,0,1,'2019-04-01 15:06:00','CB',28),(896,129,9,'2019-10-08 22:50:00','Espece',37.5),(897,56,9,'2019-02-09 17:55:00','Espece',20.5),(898,43,3,'2019-11-11 02:50:00','CB',11),(899,23,1,'2019-07-04 15:26:00','Espece',38),(900,0,2,'2019-03-09 03:36:00','CB',54),(901,145,9,'2019-04-04 06:22:00','CB',27),(902,8,11,'2019-07-03 02:16:00','CB',46),(903,126,2,'2019-01-04 04:40:00','CB',29.5),(904,13,9,'2019-11-08 19:21:00','CB',59),(905,0,1,'2019-03-07 05:38:00','CB',29.5),(906,136,10,'2019-10-08 21:38:00','CB',23),(907,46,1,'2019-08-06 22:40:00','CB',16.5),(908,0,2,'2019-11-04 22:25:00','CB',10),(909,122,9,'2019-09-04 01:48:00','CB',54),(910,130,7,'2019-03-09 15:44:00','CB',17),(911,33,4,'2019-08-06 07:04:00','Espece',95.5),(912,5,2,'2019-06-03 21:24:00','CB',8),(913,39,5,'2019-05-06 04:30:00','CB',41),(914,0,3,'2019-01-12 15:19:00','CB',11),(915,20,6,'2019-12-05 01:46:00','Espece',47.5),(916,112,3,'2019-09-11 02:21:00','Espece',55),(917,129,9,'2019-08-08 04:56:00','CB',44),(918,40,7,'2019-12-04 20:27:00','CB',18),(919,10,1,'2019-03-10 08:33:00','Espece',6),(920,5,11,'2019-03-12 13:34:00','CB',12),(921,0,1,'2019-07-09 23:52:00','CB',58.5),(922,17,5,'2019-12-04 08:24:00','Espece',4),(923,0,12,'2019-09-06 01:08:00','CB',17),(924,127,9,'2019-11-03 08:51:00','CB',5),(925,114,4,'2019-04-03 18:36:00','Espece',18),(926,136,6,'2019-06-04 13:05:00','CB',46),(927,0,3,'2019-09-06 08:18:00','CB',18),(928,126,2,'2019-09-10 01:43:00','CB',5.5),(929,126,7,'2019-10-10 11:09:00','Espece',61),(930,29,4,'2019-08-06 17:46:00','CB',1.5),(931,132,11,'2019-06-10 09:19:00','Espece',30),(932,74,6,'2019-02-12 13:16:00','Espece',60),(933,96,7,'2019-05-09 12:28:00','CB',12),(934,0,2,'2019-07-10 06:21:00','CB',55.5),(935,0,1,'2019-01-05 07:58:00','CB',90.5),(936,129,1,'2019-03-12 04:10:00','Espece',46.5),(937,60,2,'2019-08-10 02:43:00','CB',29.5),(938,136,11,'2019-07-07 19:21:00','Espece',49),(939,8,10,'2019-10-07 22:45:00','Espece',47),(940,140,6,'2019-03-09 00:46:00','Espece',42),(941,0,3,'2019-06-06 08:55:00','CB',7.5),(942,145,10,'2019-12-11 16:31:00','Espece',42),(943,121,5,'2019-05-09 06:21:00','CB',26),(944,17,1,'2019-08-10 16:07:00','CB',63.5),(945,0,1,'2019-10-07 08:06:00','CB',75),(946,116,11,'2019-02-12 14:18:00','CB',21.5),(947,0,1,'2019-09-05 07:35:00','CB',26),(948,146,10,'2019-09-09 13:43:00','CB',37),(949,13,3,'2019-03-12 20:30:00','CB',31),(950,0,12,'2019-10-11 05:04:00','CB',15),(951,0,3,'2019-01-06 20:56:00','CB',61),(952,118,3,'2019-02-12 04:38:00','CB',19.5),(953,0,1,'2019-06-08 15:59:00','CB',9),(954,44,11,'2019-10-05 12:08:00','CB',8.5),(955,5,6,'2019-01-02 11:50:00','Espece',20.5),(956,74,3,'2019-03-11 00:23:00','CB',58),(957,103,11,'2019-07-06 05:58:00','Espece',14.5),(958,72,10,'2019-04-08 16:27:00','CB',5.5),(959,121,8,'2019-04-04 01:17:00','CB',36),(960,13,12,'2019-06-07 14:44:00','CB',48.5),(961,30,1,'2019-09-01 17:48:00','Espece',31),(962,0,2,'2019-08-05 09:48:00','CB',49.5),(963,0,2,'2019-02-01 15:47:00','CB',12),(964,92,9,'2019-01-11 03:52:00','CB',26),(965,0,12,'2019-10-12 14:50:00','CB',2.5),(966,56,2,'2019-03-01 22:33:00','CB',40),(967,74,1,'2019-06-12 01:21:00','CB',34.5),(968,13,1,'2019-07-03 01:44:00','CB',19.5),(969,0,2,'2019-05-09 23:27:00','CB',8),(970,88,7,'2019-06-05 06:42:00','CB',4.5),(971,74,6,'2019-12-06 12:44:00','Espece',33.5),(972,98,4,'2019-03-08 00:23:00','Espece',55),(973,0,3,'2019-02-12 23:38:00','CB',70),(974,0,2,'2019-05-01 15:38:00','CB',18),(975,0,2,'2019-07-08 04:25:00','CB',35.5),(976,0,3,'2019-10-07 10:07:00','CB',13),(977,29,10,'2019-12-10 06:46:00','Espece',55),(978,8,6,'2019-06-11 19:04:00','Espece',25.5),(979,0,1,'2019-05-11 21:41:00','CB',35.5),(980,23,5,'2019-10-10 12:21:00','Espece',42),(981,8,8,'2019-12-03 14:18:00','Espece',16),(982,40,7,'2019-09-03 17:46:00','Espece',54),(983,13,6,'2019-04-05 12:15:00','CB',31),(984,20,9,'2019-11-07 14:24:00','CB',33.5),(985,98,12,'2019-02-07 08:48:00','Espece',4.5),(986,0,12,'2019-02-05 09:06:00','CB',6),(987,0,3,'2019-12-03 10:27:00','CB',53.5),(988,122,9,'2019-08-09 00:59:00','CB',25),(989,0,1,'2019-05-12 20:27:00','CB',58.5),(990,103,9,'2019-02-08 13:14:00','CB',33.5),(991,74,9,'2019-02-12 23:24:00','Espece',61),(992,21,3,'2019-06-09 13:53:00','CB',31.5),(993,111,2,'2019-12-06 04:06:00','CB',19),(994,146,3,'2019-05-03 11:26:00','Espece',87),(995,0,1,'2019-03-05 02:58:00','CB',37.5),(996,94,4,'2019-09-09 03:36:00','Espece',9),(997,43,7,'2019-02-08 02:38:00','CB',43.5),(998,17,8,'2019-08-03 17:25:00','CB',19),(999,16,10,'2019-02-06 21:27:00','Espece',72.5),(1000,0,2,'2019-11-06 19:00:00','CB',38);
/*!40000 ALTER TABLE `Orders` ENABLE KEYS */;
UNLOCK TABLES;

--
-- Table structure for table `Orders_items`
--

DROP TABLE IF EXISTS `Orders_items`;
/*!40101 SET @saved_cs_client     = @@character_set_client */;
/*!40101 SET character_set_client = utf8 */;
CREATE TABLE `Orders_items` (
  `order_id` int(11) NOT NULL,
  `item_id` int(11) NOT NULL,
  `quantite` int(11) NOT NULL,
  UNIQUE KEY `order_id` (`order_id`,`item_id`),
  KEY `Orders_items_fk1` (`item_id`),
  CONSTRAINT `Orders_items_fk0` FOREIGN KEY (`order_id`) REFERENCES `Orders` (`id`) ON DELETE CASCADE,
  CONSTRAINT `Orders_items_fk1` FOREIGN KEY (`item_id`) REFERENCES `Items` (`id`) ON DELETE CASCADE
) ENGINE=InnoDB DEFAULT CHARSET=latin1;
/*!40101 SET character_set_client = @saved_cs_client */;

--
-- Dumping data for table `Orders_items`
--

LOCK TABLES `Orders_items` WRITE;
/*!40000 ALTER TABLE `Orders_items` DISABLE KEYS */;
INSERT INTO `Orders_items` VALUES (1,1,2),(1,6,2),(1,8,2),(2,7,3),(3,2,1),(3,11,2),(3,15,3),(4,2,3),(4,3,3),(4,5,3),(4,11,2),(4,13,2),(4,17,1),(5,11,3),(6,6,2),(6,7,1),(6,10,1),(6,14,1),(6,15,3),(7,2,2),(7,3,1),(7,8,2),(7,13,1),(7,16,3),(7,17,1),(8,10,2),(9,3,3),(9,5,1),(9,6,1),(9,13,2),(9,14,2),(9,16,2),(10,12,2),(10,13,2),(11,2,2),(11,8,3),(11,12,3),(11,15,1),(12,12,3),(12,13,2),(13,8,2),(13,12,1),(13,14,3),(13,16,3),(13,17,2),(14,1,3),(14,2,3),(14,5,1),(14,9,3),(14,14,1),(14,17,3),(15,8,3),(15,10,1),(16,5,2),(16,8,2),(17,1,2),(17,3,2),(17,4,3),(18,2,2),(18,14,1),(19,7,1),(19,16,3),(20,7,1),(20,11,3),(20,12,1),(20,14,1),(20,16,3),(21,2,3),(21,9,2),(21,12,1),(21,13,2),(22,1,3),(22,5,1),(22,9,3),(22,14,3),(22,15,3),(23,3,2),(23,10,1),(23,13,1),(23,14,2),(24,2,2),(25,3,2),(25,7,2),(25,8,1),(25,9,3),(25,12,2),(26,3,1),(26,5,3),(26,6,2),(26,8,2),(26,9,2),(26,16,1),(27,3,2),(27,8,2),(27,10,1),(28,5,1),(28,9,1),(28,17,3),(29,10,1),(30,3,3),(30,14,2),(31,2,3),(31,3,3),(31,9,2),(31,15,1),(31,16,2),(32,2,2),(32,6,1),(32,12,3),(32,14,1),(33,2,3),(33,11,2),(34,5,1),(34,11,1),(34,12,3),(34,17,1),(35,2,3),(35,7,1),(35,9,1),(35,13,2),(35,14,1),(35,17,2),(36,8,2),(36,11,2),(37,2,2),(37,15,3),(38,6,2),(39,5,1),(39,9,3),(39,11,3),(39,13,3),(39,16,2),(40,4,1),(40,6,1),(40,7,3),(40,12,3),(40,14,2),(40,17,1),(41,2,3),(41,5,3),(41,8,2),(41,12,3),(41,15,2),(41,17,2),(42,6,3),(42,8,3),(42,10,3),(42,13,2),(43,10,1),(43,12,3),(44,8,3),(44,10,3),(44,16,1),(45,3,2),(45,10,2),(45,15,1),(46,9,3),(46,14,1),(47,2,3),(47,6,3),(47,7,2),(47,10,2),(47,12,2),(47,13,2),(48,9,1),(48,16,2),(49,10,2),(49,11,3),(49,12,2),(49,13,3),(49,15,1),(49,17,1),(50,8,3),(50,14,1),(51,8,2),(51,14,3),(51,17,1),(52,9,1),(52,12,1),(52,13,3),(52,15,2),(53,14,2),(54,2,3),(54,9,3),(54,10,3),(54,11,1),(54,14,2),(55,2,2),(55,7,1),(56,5,3),(56,9,2),(56,12,1),(56,16,1),(57,2,2),(57,4,3),(57,6,3),(57,9,1),(57,10,3),(57,11,2),(58,6,2),(58,8,1),(58,9,3),(58,11,2),(58,13,3),(58,14,1),(59,5,1),(59,9,1),(60,5,3),(60,8,2),(60,9,1),(60,14,2),(60,17,3),(61,2,2),(61,3,3),(61,8,3),(61,10,1),(61,11,2),(61,17,1),(62,5,1),(63,4,1),(63,6,1),(63,15,3),(64,1,2),(64,8,2),(64,12,3),(64,14,3),(64,15,2),(64,16,1),(65,8,3),(65,9,1),(65,11,3),(65,14,3),(65,16,2),(66,8,1),(66,9,3),(67,2,3),(67,5,3),(67,7,2),(67,9,3),(67,12,1),(67,13,1),(68,2,1),(68,8,3),(69,7,3),(69,14,1),(69,15,2),(70,2,3),(70,4,2),(70,6,3),(70,15,1),(71,6,1),(71,8,2),(71,10,1),(71,13,2),(72,2,1),(72,13,2),(73,3,1),(73,9,3),(73,10,3),(73,14,2),(73,15,1),(73,17,3),(74,12,1),(75,6,2),(75,7,3),(75,16,3),(75,17,3),(76,1,3),(76,4,1),(76,9,2),(76,11,3),(76,15,3),(76,16,2),(77,3,1),(77,6,3),(77,7,1),(77,9,1),(77,10,2),(77,13,3),(78,2,3),(78,5,3),(78,9,2),(78,12,1),(78,14,3),(79,8,3),(79,12,1),(79,16,2),(80,7,1),(81,2,3),(81,8,1),(81,11,1),(81,12,1),(81,14,3),(81,16,3),(82,8,3),(82,9,2),(82,11,2),(83,3,1),(84,16,1),(85,5,1),(85,10,1),(85,12,3),(85,13,1),(85,14,1),(86,3,1),(86,6,3),(86,13,3),(87,4,2),(87,12,3),(88,5,1),(88,7,2),(88,8,2),(88,13,3),(88,15,3),(89,10,1),(89,11,3),(89,12,1),(89,13,3),(90,14,3),(91,2,1),(91,9,3),(91,15,3),(92,3,1),(92,6,2),(92,7,2),(92,10,2),(92,13,2),(92,17,2),(93,6,1),(93,8,2),(93,10,2),(93,11,1),(93,13,1),(94,6,1),(94,9,3),(94,14,3),(94,17,3),(95,2,3),(95,6,1),(95,8,3),(95,11,2),(95,12,1),(95,15,1),(96,3,2),(96,7,1),(96,10,2),(96,17,1),(97,1,2),(97,7,1),(97,10,2),(97,13,2),(97,17,1),(98,3,3),(98,5,3),(98,10,1),(98,13,1),(98,15,1),(99,2,1),(99,7,1),(99,10,2),(99,14,3),(99,15,3),(100,2,3),(100,7,3),(100,9,3),(100,16,1),(101,1,1),(101,5,2),(101,7,3),(101,8,1),(101,17,3),(102,3,3),(102,12,2),(103,2,3),(103,7,3),(103,14,1),(103,16,3),(103,17,3),(104,7,1),(104,15,1),(105,5,3),(105,10,1),(105,14,1),(106,7,1),(106,12,3),(106,13,3),(106,17,1),(107,2,1),(107,5,1),(107,9,1),(107,13,3),(108,11,2),(109,7,1),(110,3,1),(110,5,1),(110,11,1),(111,1,2),(111,4,1),(111,10,2),(111,13,3),(111,15,2),(112,10,1),(112,12,2),(113,5,2),(113,7,3),(113,14,3),(114,1,3),(114,9,1),(114,10,3),(114,15,1),(115,5,3),(115,8,1),(115,9,3),(115,12,3),(115,17,1),(116,1,1),(116,3,2),(116,5,2),(116,7,3),(116,8,3),(116,14,1),(117,16,2),(118,7,2),(118,9,1),(118,10,2),(118,13,3),(118,14,3),(118,17,2),(119,6,3),(119,7,1),(119,8,1),(119,10,1),(119,15,1),(120,10,1),(120,12,1),(121,4,2),(121,6,3),(122,15,1),(123,2,2),(123,5,1),(123,6,1),(123,7,1),(123,17,1),(124,4,1),(124,5,3),(124,6,2),(124,11,2),(124,12,3),(124,17,2),(125,12,2),(126,3,2),(126,15,3),(127,2,2),(128,8,2),(128,9,1),(128,10,1),(129,4,2),(129,14,1),(130,2,1),(131,7,3),(131,13,1),(132,2,3),(132,3,3),(132,4,1),(132,11,2),(132,17,2),(133,4,3),(133,6,3),(133,7,2),(133,11,1),(133,12,1),(133,16,1),(134,11,2),(134,13,1),(134,15,3),(135,3,2),(135,11,2),(135,12,1),(135,13,3),(136,1,2),(136,2,1),(136,4,3),(136,12,1),(136,13,1),(137,3,3),(138,2,1),(138,5,2),(138,7,2),(138,10,1),(138,11,3),(139,3,2),(139,11,2),(139,12,3),(139,13,2),(139,17,2),(140,14,3),(141,2,3),(141,8,1),(142,2,3),(143,14,2),(144,8,3),(144,11,2),(144,13,2),(145,1,1),(145,3,1),(145,7,3),(145,11,1),(146,11,2),(147,2,1),(147,3,2),(147,6,2),(147,13,1),(147,15,3),(148,9,2),(148,13,3),(148,14,2),(148,16,2),(149,12,1),(149,14,2),(150,13,2),(150,14,1),(150,15,1),(151,7,2),(151,14,3),(152,2,1),(152,7,1),(152,11,3),(153,11,2),(154,8,1),(154,15,3),(154,16,2),(154,17,1),(155,2,1),(155,11,3),(156,1,2),(156,2,1),(156,10,3),(156,11,1),(156,13,2),(156,15,3),(157,1,2),(157,6,1),(157,12,1),(157,13,2),(158,4,1),(158,6,3),(159,10,3),(159,11,2),(160,5,1),(161,1,1),(161,4,1),(161,11,3),(162,8,2),(163,1,1),(163,16,1),(163,17,2),(164,1,2),(164,10,3),(165,2,3),(165,3,3),(165,5,3),(165,9,2),(165,17,1),(166,4,1),(166,8,3),(166,9,1),(166,12,2),(166,15,2),(166,17,1),(167,1,2),(168,4,1),(168,9,2),(168,14,1),(169,2,1),(169,9,1),(169,12,1),(170,9,1),(171,9,1),(171,12,1),(172,10,2),(173,4,2),(173,7,3),(173,9,2),(173,10,3),(173,11,3),(173,14,3),(174,1,1),(175,1,3),(175,6,1),(175,10,1),(175,11,3),(175,12,3),(176,2,1),(177,1,1),(177,2,2),(177,10,2),(177,15,3),(178,8,1),(179,7,3),(179,12,2),(179,14,1),(180,4,3),(180,12,2),(180,14,2),(181,7,3),(181,8,2),(181,11,2),(181,12,2),(181,14,2),(182,3,3),(182,7,2),(183,11,3),(183,14,3),(184,15,3),(185,2,2),(185,5,2),(186,3,3),(186,5,2),(186,7,1),(186,10,3),(186,11,3),(187,1,2),(187,14,2),(187,16,3),(188,1,3),(188,3,3),(188,9,1),(188,13,1),(189,3,2),(189,5,2),(189,7,3),(189,9,3),(189,14,1),(189,17,3),(190,1,3),(190,5,3),(190,11,3),(191,1,3),(191,2,1),(191,5,2),(191,9,2),(191,16,1),(191,17,2),(192,3,1),(192,7,2),(193,5,3),(193,17,2),(194,3,3),(194,14,2),(195,1,1),(195,6,3),(195,8,3),(195,15,3),(196,1,1),(196,7,1),(196,8,2),(196,10,2),(197,13,1),(197,14,1),(198,3,3),(198,5,3),(198,8,3),(198,9,3),(198,17,1),(199,12,2),(199,13,1),(200,1,2),(200,9,2),(200,16,3),(201,2,2),(201,5,2),(201,6,2),(201,10,2),(201,15,2),(201,16,2),(202,1,2),(202,3,2),(202,7,2),(202,13,2),(202,14,3),(203,15,1),(203,16,2),(204,1,1),(205,1,3),(205,10,2),(205,11,2),(205,13,2),(205,16,2),(206,1,1),(206,4,3),(206,6,1),(206,7,1),(206,9,2),(206,13,1),(207,5,3),(208,9,1),(209,3,3),(209,5,2),(209,7,2),(209,8,3),(209,13,1),(209,16,3),(210,6,2),(210,9,1),(210,10,3),(210,12,1),(211,2,2),(211,8,1),(211,9,1),(211,11,3),(211,12,2),(211,13,2),(212,4,2),(212,6,3),(212,7,1),(212,9,2),(212,10,2),(212,12,3),(213,3,3),(213,7,3),(213,14,1),(214,7,2),(214,10,1),(214,11,3),(214,12,3),(215,8,2),(215,10,2),(215,11,1),(215,12,2),(216,3,3),(216,4,2),(216,9,3),(216,16,3),(216,17,2),(217,1,2),(217,5,2),(217,9,1),(217,13,2),(217,15,2),(218,4,1),(219,2,1),(219,7,2),(219,9,1),(219,13,1),(220,5,1),(220,16,1),(221,8,1),(221,15,1),(221,16,3),(222,6,2),(222,8,2),(222,9,2),(222,12,3),(223,4,2),(223,8,2),(223,10,2),(223,11,1),(223,14,1),(223,15,3),(224,7,2),(225,2,3),(225,7,3),(226,1,2),(226,2,1),(227,6,2),(228,2,1),(228,16,3),(229,9,2),(230,6,2),(230,10,1),(230,12,3),(231,3,2),(231,12,3),(232,6,1),(232,11,1),(233,2,2),(233,8,2),(233,10,1),(233,12,3),(233,14,1),(233,17,3),(234,6,2),(234,9,3),(234,10,1),(234,11,1),(234,14,3),(235,1,2),(235,4,2),(235,10,3),(235,15,1),(235,17,3),(236,14,3),(236,17,2),(237,2,3),(237,7,2),(237,13,1),(237,16,3),(238,1,2),(238,4,1),(238,8,2),(238,11,1),(238,12,1),(239,2,3),(239,5,2),(239,12,3),(239,13,1),(240,2,1),(240,6,1),(240,8,1),(240,9,3),(240,13,2),(241,1,1),(241,5,1),(241,10,1),(242,2,2),(242,6,1),(242,7,3),(242,13,3),(242,14,2),(242,15,2),(243,1,1),(243,9,2),(243,10,2),(243,11,1),(243,13,3),(244,5,3),(244,13,2),(245,2,3),(245,8,3),(245,9,1),(246,4,1),(246,10,3),(246,12,2),(247,4,2),(247,7,2),(247,9,3),(247,12,1),(247,14,1),(248,17,1),(249,8,1),(250,15,3),(251,11,1),(252,5,1),(252,7,1),(252,9,1),(252,11,2),(252,14,3),(253,11,1),(254,5,2),(254,7,1),(254,8,2),(254,11,2),(254,15,2),(255,12,2),(256,3,3),(256,5,1),(256,7,3),(256,12,2),(256,14,1),(257,12,3),(258,1,1),(258,5,2),(258,6,3),(258,8,1),(258,15,1),(259,5,1),(259,9,3),(259,16,2),(260,6,1),(260,7,3),(260,8,2),(261,9,3),(261,12,1),(261,15,2),(261,16,2),(262,5,2),(262,10,2),(262,12,2),(262,13,3),(262,16,2),(263,2,3),(263,4,3),(263,9,2),(264,16,2),(265,3,2),(265,7,1),(265,11,3),(265,14,3),(266,1,3),(266,16,3),(267,2,1),(267,5,2),(267,13,2),(267,16,1),(268,4,2),(269,11,2),(270,7,1),(271,3,3),(271,10,3),(271,16,3),(271,17,2),(272,3,3),(272,5,2),(272,9,3),(272,10,1),(273,3,2),(273,14,2),(273,15,2),(274,1,2),(274,7,3),(275,8,1),(275,12,3),(275,15,3),(276,8,3),(276,13,1),(276,16,2),(276,17,3),(277,3,1),(277,10,3),(277,11,1),(277,12,2),(277,17,1),(278,9,1),(279,4,2),(279,7,2),(279,8,1),(279,14,3),(280,2,2),(280,11,1),(281,8,1),(282,3,1),(282,5,3),(282,7,3),(282,12,2),(282,14,3),(282,15,3),(283,2,3),(283,6,1),(283,7,1),(283,10,2),(283,12,3),(284,4,3),(284,5,1),(284,7,1),(284,9,2),(284,14,1),(285,5,1),(285,6,2),(285,8,1),(285,9,2),(285,13,1),(286,8,3),(286,16,2),(286,17,2),(287,9,2),(288,3,1),(288,5,1),(289,3,2),(289,5,1),(289,8,2),(289,9,1),(290,8,1),(290,9,3),(290,10,3),(290,11,1),(290,15,2),(291,3,3),(291,4,2),(292,7,3),(293,5,3),(293,10,2),(293,16,2),(294,4,3),(294,5,3),(294,6,2),(294,9,3),(294,14,1),(295,9,2),(296,6,1),(296,8,2),(297,5,3),(297,15,2),(298,4,2),(298,5,2),(298,7,2),(299,5,3),(299,6,1),(299,8,3),(299,13,3),(299,16,3),(299,17,2),(300,1,1),(300,4,2),(300,17,1),(301,4,2),(301,7,3),(301,8,3),(301,12,3),(301,13,1),(302,5,1),(302,12,3),(303,3,2),(304,5,1),(304,6,2),(304,12,2),(305,2,1),(305,5,3),(306,9,1),(307,8,2),(307,9,3),(308,7,2),(308,10,1),(309,9,1),(310,3,1),(310,8,1),(310,11,2),(310,12,1),(311,3,3),(311,10,3),(311,17,2),(312,2,1),(312,8,2),(312,9,3),(313,2,1),(313,5,1),(313,7,3),(313,8,1),(313,11,2),(314,9,3),(314,14,2),(315,5,3),(315,8,3),(315,9,1),(315,17,1),(316,4,3),(316,8,1),(316,10,1),(316,11,3),(317,3,2),(317,5,1),(317,9,1),(317,10,2),(317,15,3),(317,17,2),(318,8,3),(319,1,2),(319,4,1),(319,5,2),(319,9,2),(319,14,3),(319,16,3),(320,5,1),(320,12,3),(320,15,1),(320,16,3),(321,2,3),(321,7,2),(321,9,2),(321,16,1),(322,2,2),(322,8,2),(322,10,1),(322,15,1),(322,17,1),(323,16,2),(324,3,1),(324,4,2),(324,11,1),(324,14,3),(325,4,3),(326,2,1),(327,4,1),(327,6,2),(328,11,1),(329,5,3),(329,8,2),(329,9,2),(329,11,1),(329,12,2),(330,8,2),(330,11,2),(330,12,1),(330,13,2),(330,17,2),(331,9,2),(331,11,3),(331,14,2),(331,17,2),(332,4,3),(332,5,3),(332,11,1),(332,12,2),(332,13,1),(332,15,1),(333,2,3),(333,4,3),(333,6,1),(333,16,2),(334,2,1),(334,4,2),(334,7,1),(334,9,1),(335,10,1),(336,1,1),(336,2,3),(336,13,2),(337,1,1),(337,8,3),(337,10,3),(337,11,3),(337,13,1),(337,14,2),(338,7,3),(338,13,1),(339,2,3),(339,6,2),(339,11,2),(339,14,2),(339,16,3),(340,1,3),(340,2,2),(340,4,2),(340,7,3),(340,14,1),(341,2,2),(341,5,3),(341,12,1),(341,13,1),(342,2,3),(342,7,1),(342,10,3),(342,13,3),(342,16,1),(343,12,3),(343,13,2),(343,14,3),(343,16,1),(344,14,3),(345,3,1),(345,14,2),(346,6,1),(346,9,3),(346,16,3),(347,7,3),(347,13,1),(348,1,2),(348,6,3),(348,8,1),(348,11,1),(348,14,3),(348,17,1),(349,8,2),(349,9,2),(349,12,2),(349,14,2),(350,9,3),(351,10,3),(352,3,3),(352,6,2),(352,8,1),(352,9,1),(352,17,2),(353,6,1),(353,10,2),(354,2,1),(354,9,3),(354,12,3),(354,17,3),(355,1,2),(355,5,1),(355,10,1),(355,12,1),(355,15,2),(356,5,1),(356,8,2),(356,10,1),(356,16,3),(357,2,3),(357,4,2),(357,12,1),(357,16,1),(358,4,2),(358,14,3),(358,15,3),(358,16,2),(358,17,1),(359,2,3),(359,11,2),(359,12,3),(360,2,1),(360,3,3),(360,5,1),(360,7,1),(360,11,3),(360,12,1),(361,3,3),(361,7,2),(361,8,2),(361,9,2),(362,2,1),(362,12,3),(362,17,1),(363,1,1),(363,8,3),(363,9,2),(363,10,3),(363,11,3),(363,16,1),(364,3,3),(365,2,2),(365,9,1),(365,12,2),(366,8,1),(366,11,3),(366,12,2),(366,13,1),(367,12,1),(367,14,3),(368,6,3),(368,7,2),(368,9,2),(368,10,2),(368,12,1),(369,5,1),(369,7,3),(369,11,2),(369,13,1),(369,16,3),(369,17,2),(370,13,2),(371,1,1),(371,2,2),(371,4,3),(371,8,2),(371,12,1),(371,16,1),(372,4,3),(372,6,3),(372,8,1),(372,14,3),(373,1,1),(373,3,2),(373,6,1),(373,7,1),(374,7,3),(374,10,3),(374,12,2),(374,14,1),(375,2,2),(375,4,3),(375,6,2),(375,14,3),(376,9,1),(377,6,2),(377,7,1),(377,12,3),(377,16,1),(378,3,2),(378,11,3),(378,16,3),(378,17,3),(379,3,1),(379,7,3),(379,9,3),(379,13,1),(380,6,2),(380,10,1),(380,14,3),(381,4,3),(381,5,3),(381,7,1),(381,10,1),(381,14,3),(382,2,1),(382,8,2),(382,9,3),(382,15,2),(383,2,2),(383,10,3),(384,1,3),(384,2,2),(384,8,2),(384,11,2),(384,13,1),(384,17,3),(385,2,1),(385,7,1),(385,8,1),(385,9,2),(386,1,3),(386,2,1),(387,1,2),(387,2,2),(387,10,2),(387,11,2),(388,1,1),(388,4,3),(388,7,2),(388,9,3),(388,16,3),(389,3,2),(389,7,2),(389,8,3),(389,10,2),(389,16,3),(389,17,1),(390,9,3),(390,11,1),(390,16,1),(391,8,3),(391,13,3),(391,16,1),(392,3,3),(392,13,2),(392,14,3),(393,2,1),(393,14,3),(394,4,2),(394,7,1),(394,12,1),(395,7,3),(395,14,2),(396,3,2),(396,9,1),(396,17,3),(397,4,1),(397,7,3),(397,9,1),(397,10,3),(397,11,3),(397,12,3),(398,4,2),(398,6,2),(398,10,3),(398,11,1),(398,12,2),(398,15,2),(399,1,3),(399,5,2),(399,7,2),(399,9,2),(399,11,1),(399,12,3),(400,1,1),(400,6,2),(400,7,3),(400,9,3),(400,14,1),(401,11,1),(401,13,3),(401,14,1),(401,16,3),(402,3,3),(402,11,1),(402,15,1),(403,2,3),(403,5,3),(403,6,3),(403,12,2),(404,1,2),(404,6,2),(404,13,1),(404,14,2),(404,16,2),(405,7,2),(406,1,3),(406,7,1),(406,10,3),(406,12,2),(407,8,2),(408,11,2),(408,16,3),(408,17,2),(409,3,1),(409,8,3),(409,9,2),(409,10,3),(409,11,2),(409,17,3),(410,7,3),(410,8,3),(410,9,2),(410,12,2),(410,15,1),(411,3,1),(411,4,3),(411,5,1),(411,6,1),(412,1,1),(412,2,3),(412,9,3),(412,10,2),(413,1,1),(413,7,1),(414,15,3),(415,1,2),(415,5,2),(416,2,3),(416,7,2),(416,12,1),(416,17,1),(417,13,2),(417,15,3),(418,3,1),(418,6,2),(418,8,1),(418,12,3),(418,15,3),(419,5,2),(419,7,1),(419,8,1),(419,12,3),(419,14,1),(419,17,1),(420,1,3),(420,4,2),(420,7,1),(420,12,1),(420,14,1),(421,1,3),(421,2,2),(421,3,2),(421,5,3),(421,8,2),(421,15,1),(422,3,3),(422,5,3),(422,9,2),(423,1,1),(423,6,1),(423,14,3),(423,16,2),(424,3,2),(424,7,1),(424,11,3),(424,16,3),(425,2,2),(425,10,2),(425,13,3),(425,14,2),(425,15,1),(425,17,2),(426,8,3),(426,9,1),(426,11,1),(426,16,1),(427,2,2),(427,7,1),(427,8,2),(427,10,3),(427,11,2),(427,17,2),(428,14,3),(429,16,2),(430,1,3),(430,5,2),(430,8,1),(430,12,2),(430,17,1),(431,12,2),(431,13,2),(432,5,1),(432,6,2),(432,7,3),(432,11,3),(433,1,3),(433,9,2),(433,12,1),(434,9,2),(434,17,1),(435,1,3),(435,5,1),(435,6,2),(435,7,3),(436,1,3),(437,5,1),(437,16,3),(438,7,3),(438,11,1),(438,12,3),(438,14,3),(438,16,3),(439,4,3),(440,3,2),(440,6,1),(440,8,2),(440,10,2),(440,13,2),(440,17,3),(441,6,2),(441,7,3),(441,9,1),(441,10,1),(441,11,3),(441,15,1),(442,6,1),(442,9,3),(442,11,1),(442,12,1),(442,16,1),(442,17,2),(443,2,3),(443,7,1),(443,9,1),(443,11,1),(443,12,2),(444,7,1),(444,10,2),(445,6,1),(446,5,3),(446,6,2),(446,12,1),(446,14,3),(446,16,3),(446,17,2),(447,9,1),(447,11,2),(448,1,1),(448,4,3),(448,8,1),(448,9,2),(448,14,3),(448,15,3),(449,3,2),(449,7,3),(449,13,2),(449,15,3),(450,5,1),(451,4,2),(451,10,3),(451,12,3),(451,15,2),(451,17,1),(452,1,3),(452,4,1),(452,6,3),(452,8,2),(452,13,2),(453,14,1),(453,16,1),(454,6,1),(454,9,1),(454,11,3),(454,13,2),(454,14,1),(455,6,1),(455,7,1),(455,9,2),(455,14,2),(456,3,1),(456,11,2),(456,16,3),(456,17,3),(457,10,1),(457,12,1),(457,14,1),(458,14,1),(459,14,2),(459,17,3),(460,4,1),(461,5,1),(461,9,1),(461,10,1),(461,12,1),(461,14,3),(461,17,2),(462,3,1),(462,11,2),(462,12,3),(462,14,2),(462,15,3),(463,8,2),(463,11,1),(464,5,1),(464,7,1),(464,12,3),(464,14,2),(465,2,2),(465,7,1),(466,4,3),(466,11,2),(466,12,1),(466,15,1),(466,16,1),(467,7,3),(467,12,3),(467,14,2),(468,6,3),(468,8,3),(468,9,1),(469,2,2),(469,3,2),(469,8,3),(469,9,2),(469,13,3),(469,14,2),(470,7,1),(471,6,2),(471,10,3),(471,13,1),(471,17,2),(472,8,3),(472,14,1),(473,6,2),(473,12,1),(473,15,2),(473,17,2),(474,2,1),(474,5,1),(474,9,3),(474,10,2),(474,13,2),(475,6,3),(476,7,1),(476,11,2),(477,5,1),(478,14,3),(478,16,1),(479,1,1),(479,11,2),(480,9,2),(480,13,1),(480,17,1),(481,2,1),(481,3,3),(481,5,1),(481,7,1),(481,10,3),(481,14,3),(482,1,3),(482,4,3),(482,15,1),(483,10,3),(483,11,1),(483,15,1),(484,7,2),(484,9,3),(484,17,1),(485,8,3),(485,9,2),(485,10,1),(486,2,3),(486,9,2),(486,15,2),(487,1,1),(487,8,3),(487,9,1),(487,11,3),(487,15,3),(488,8,3),(488,10,2),(488,17,2),(489,5,2),(490,2,2),(490,3,2),(490,6,3),(490,7,3),(490,10,3),(490,11,1),(491,9,2),(491,11,3),(492,1,2),(492,2,3),(492,7,1),(493,1,1),(493,15,1),(494,6,2),(494,7,3),(494,14,2),(495,13,1),(496,1,2),(496,10,3),(496,11,2),(496,15,1),(497,3,1),(498,1,1),(498,2,1),(498,4,3),(498,16,3),(498,17,1),(499,4,3),(499,5,1),(499,6,2),(499,8,2),(499,10,2),(500,12,2),(501,6,1),(501,11,2),(501,16,2),(502,10,1),(502,12,1),(502,13,3),(502,17,3),(503,9,2),(503,10,2),(503,16,2),(504,2,1),(504,4,1),(504,7,2),(504,11,2),(504,14,1),(505,1,1),(505,4,2),(505,5,2),(505,9,1),(505,16,2),(506,9,2),(506,11,3),(507,10,1),(507,16,3),(508,2,3),(508,7,2),(508,10,3),(509,9,2),(509,14,2),(510,6,3),(510,8,2),(510,12,2),(510,14,1),(511,5,1),(512,2,2),(512,8,1),(512,10,2),(512,11,3),(512,16,2),(512,17,3),(513,2,1),(513,3,2),(513,4,3),(513,10,3),(513,13,3),(514,12,3),(514,14,1),(515,1,1),(515,5,2),(515,10,2),(516,10,3),(516,13,2),(517,2,3),(517,9,3),(517,14,2),(518,14,3),(519,3,1),(519,7,1),(519,9,2),(519,10,2),(519,11,1),(519,12,2),(520,8,2),(520,10,2),(520,13,3),(521,2,1),(521,3,1),(521,4,1),(521,5,1),(521,10,1),(522,3,3),(522,5,2),(522,6,3),(522,17,2),(523,6,3),(523,9,3),(523,10,1),(524,10,3),(524,12,3),(524,14,3),(524,17,1),(525,2,1),(525,7,1),(526,10,3),(526,17,2),(527,13,1),(527,14,3),(528,9,1),(528,12,3),(528,13,3),(528,15,3),(528,17,1),(529,1,2),(529,8,2),(529,10,1),(529,14,3),(530,2,1),(531,7,2),(531,10,1),(531,11,3),(531,14,1),(531,15,3),(531,16,3),(532,1,1),(532,4,3),(532,10,3),(532,14,3),(532,15,2),(533,3,3),(533,11,2),(534,4,1),(534,9,2),(534,12,2),(534,15,1),(535,11,2),(536,2,2),(536,10,1),(536,11,1),(537,2,1),(537,4,1),(537,8,2),(538,14,1),(539,3,3),(539,8,2),(539,10,1),(539,11,1),(539,12,1),(539,13,1),(540,2,2),(540,3,2),(540,11,3),(541,8,2),(541,10,2),(541,12,1),(541,15,2),(542,2,2),(542,14,1),(542,15,1),(543,5,3),(543,7,1),(543,8,3),(543,9,1),(544,1,2),(544,3,1),(544,4,3),(544,14,2),(544,15,1),(545,3,1),(545,5,1),(545,7,2),(545,8,1),(545,10,1),(546,2,1),(546,8,3),(546,11,1),(546,13,3),(546,14,2),(547,8,2),(548,7,2),(548,9,3),(549,2,1),(549,3,3),(549,4,3),(549,6,3),(549,11,3),(549,12,3),(550,4,3),(551,9,1),(551,10,2),(551,11,1),(551,13,1),(551,14,3),(551,16,1),(552,16,2),(553,14,2),(554,8,2),(555,2,1),(555,4,1),(555,9,3),(555,12,1),(555,14,1),(555,17,2),(556,6,2),(557,2,1),(557,5,2),(557,10,3),(557,12,2),(557,16,2),(558,8,3),(558,9,3),(558,14,3),(559,10,1),(559,11,1),(559,14,3),(560,6,3),(560,12,1),(561,5,2),(562,1,3),(562,4,2),(562,5,3),(562,17,1),(563,4,2),(563,7,1),(563,8,2),(563,9,1),(563,11,1),(563,14,3),(564,3,2),(564,6,1),(564,11,2),(564,12,3),(564,15,2),(565,4,3),(565,6,3),(565,7,1),(565,9,3),(565,13,3),(565,14,1),(566,17,3),(567,10,3),(567,12,1),(567,14,2),(568,3,1),(568,7,3),(568,11,2),(568,12,1),(569,11,1),(569,12,1),(569,14,3),(570,17,1),(571,4,1),(571,5,1),(571,8,2),(571,15,1),(571,17,1),(572,1,2),(572,10,1),(572,11,3),(573,14,1),(573,17,3),(574,4,3),(574,10,3),(574,14,2),(574,16,2),(574,17,3),(575,11,3),(576,1,1),(576,3,3),(576,7,3),(576,11,1),(576,15,1),(576,17,3),(577,6,1),(577,7,1),(577,8,2),(577,11,3),(577,14,2),(578,5,2),(578,8,3),(578,10,2),(578,16,2),(578,17,2),(579,4,2),(579,10,2),(579,15,2),(580,5,3),(580,8,1),(580,17,3),(581,3,1),(581,5,1),(581,6,3),(581,7,2),(582,2,2),(582,4,2),(582,9,2),(582,14,3),(582,15,2),(583,1,3),(583,2,2),(583,3,1),(583,7,2),(583,14,3),(584,3,2),(584,5,3),(584,9,1),(584,10,3),(585,2,1),(585,6,3),(585,9,3),(585,12,3),(585,14,1),(585,15,2),(586,7,2),(586,10,2),(586,12,1),(587,14,2),(587,15,3),(587,17,1),(588,3,1),(588,7,3),(588,13,2),(589,6,3),(589,10,2),(589,15,3),(590,10,2),(590,14,3),(590,17,3),(591,7,3),(591,16,2),(592,14,1),(593,4,2),(593,5,3),(593,7,2),(593,11,1),(594,2,1),(594,9,3),(594,12,2),(594,16,3),(594,17,1),(595,2,3),(595,3,3),(595,8,1),(595,13,1),(595,16,2),(595,17,1),(596,7,1),(596,8,1),(596,11,1),(596,12,2),(596,16,2),(597,5,3),(597,6,2),(598,2,1),(598,4,3),(598,6,3),(598,7,2),(598,10,3),(598,11,1),(599,7,3),(599,8,2),(599,11,1),(599,15,1),(600,2,3),(600,11,1),(600,13,2),(601,3,1),(601,4,1),(601,16,3),(602,7,3),(602,8,1),(602,10,3),(603,3,1),(604,7,2),(605,9,2),(606,4,1),(606,7,2),(606,9,3),(606,14,2),(607,5,3),(607,10,1),(607,12,3),(607,13,2),(607,14,1),(607,17,3),(608,9,3),(608,12,1),(608,13,2),(608,15,1),(609,4,2),(609,7,3),(609,8,3),(609,13,1),(610,9,1),(610,13,3),(611,7,2),(611,16,3),(612,4,3),(612,5,2),(612,11,2),(612,14,3),(613,1,1),(613,4,2),(613,5,2),(613,6,2),(613,7,1),(614,1,1),(614,3,1),(614,11,1),(614,14,2),(615,1,3),(615,3,1),(615,6,1),(615,7,2),(615,15,1),(615,16,3),(616,3,2),(616,8,3),(616,9,3),(616,12,1),(616,13,3),(617,14,1),(618,8,3),(618,9,1),(618,10,1),(618,11,2),(618,14,2),(619,3,2),(619,6,3),(619,8,1),(619,11,1),(619,14,3),(619,15,1),(620,4,2),(621,1,1),(621,4,1),(621,8,3),(621,12,2),(621,13,2),(621,15,2),(622,3,1),(622,8,3),(622,11,1),(622,13,3),(622,14,3),(623,9,1),(623,14,3),(624,2,3),(624,3,2),(624,5,1),(624,8,2),(624,10,3),(624,11,3),(625,1,1),(625,10,3),(625,13,1),(626,1,1),(626,7,1),(626,8,3),(626,12,3),(626,15,2),(627,7,1),(627,13,3),(628,9,2),(629,2,3),(629,5,2),(629,13,3),(630,5,3),(630,6,2),(630,8,3),(630,10,1),(630,13,2),(631,1,2),(631,7,3),(631,8,3),(632,2,1),(632,3,2),(632,7,2),(632,10,1),(632,12,3),(632,17,3),(633,7,1),(633,13,1),(634,1,2),(634,3,2),(634,9,1),(634,11,3),(634,16,3),(635,3,2),(635,7,2),(636,4,2),(636,6,1),(636,9,2),(636,12,2),(636,13,1),(637,7,1),(637,10,3),(638,1,2),(638,6,2),(638,8,1),(638,11,1),(638,15,3),(639,3,1),(639,5,2),(639,7,1),(639,8,1),(639,14,2),(640,3,1),(640,5,1),(640,9,2),(640,10,3),(640,17,3),(641,2,1),(641,9,3),(641,15,1),(642,2,1),(642,6,3),(642,13,3),(642,15,3),(643,9,2),(643,14,3),(644,16,3),(645,4,3),(645,9,3),(645,10,1),(645,13,1),(645,15,1),(645,17,3),(646,8,3),(646,9,3),(646,11,3),(647,8,1),(647,12,3),(647,13,3),(647,15,2),(647,17,2),(648,1,2),(648,6,2),(648,8,3),(648,13,2),(648,15,1),(649,2,3),(649,3,1),(649,6,2),(649,12,1),(650,3,3),(650,9,1),(650,12,1),(650,13,1),(651,13,1),(652,1,1),(652,2,3),(652,13,2),(652,15,3),(653,16,2),(654,2,1),(654,6,3),(654,9,2),(654,10,2),(654,11,1),(654,14,1),(655,2,3),(655,4,1),(656,1,1),(656,6,2),(656,8,1),(656,11,3),(656,14,1),(657,6,3),(657,11,3),(657,13,3),(658,12,2),(658,14,2),(658,16,3),(659,11,2),(659,12,3),(659,17,1),(660,6,3),(661,1,3),(661,6,3),(661,7,2),(661,9,3),(661,10,1),(661,11,3),(662,3,1),(662,7,2),(662,13,3),(662,17,1),(663,5,3),(663,8,3),(663,9,1),(663,13,3),(663,16,3),(664,1,1),(664,6,1),(664,11,1),(664,13,3),(664,15,3),(665,1,2),(665,3,3),(665,8,3),(665,9,2),(666,10,2),(667,5,3),(668,7,1),(668,9,3),(668,10,2),(668,11,3),(669,5,2),(669,13,3),(670,3,1),(670,8,3),(670,9,3),(670,10,1),(670,13,2),(670,15,3),(671,6,3),(671,14,2),(672,9,1),(673,1,3),(673,6,2),(673,9,2),(673,12,3),(673,13,3),(673,15,2),(674,9,3),(675,6,3),(675,7,2),(675,10,1),(675,12,2),(675,15,1),(675,17,1),(676,13,1),(677,5,2),(677,14,2),(678,1,1),(678,8,2),(678,11,1),(678,15,2),(679,2,3),(679,3,3),(679,4,2),(679,7,1),(679,11,1),(680,1,1),(680,4,1),(680,10,2),(681,4,3),(681,6,3),(681,8,2),(681,14,1),(682,1,2),(682,4,3),(682,11,2),(682,12,3),(682,13,1),(683,3,2),(683,7,3),(683,11,1),(683,14,1),(683,16,1),(684,2,1),(684,6,3),(684,10,3),(684,13,1),(684,14,1),(685,1,1),(685,11,1),(686,6,1),(686,10,3),(686,12,2),(686,14,2),(686,15,3),(687,8,2),(687,17,1),(688,1,2),(688,2,2),(688,6,2),(688,9,2),(688,12,1),(689,1,2),(689,6,2),(689,12,3),(689,15,3),(690,8,1),(691,9,1),(692,1,3),(692,7,2),(692,8,1),(692,11,2),(692,14,3),(693,1,1),(693,2,2),(693,4,2),(693,7,2),(693,13,3),(693,16,3),(694,6,2),(694,7,2),(694,10,2),(695,3,1),(695,4,3),(696,1,2),(696,3,1),(696,7,2),(696,8,3),(696,9,2),(696,14,3),(697,1,3),(697,3,3),(697,10,1),(698,1,3),(698,2,3),(698,9,3),(698,10,3),(698,14,1),(699,2,1),(699,13,2),(699,17,3),(700,7,3),(700,13,3),(700,14,2),(700,17,1),(701,14,1),(702,5,2),(702,9,1),(702,14,3),(702,15,3),(702,17,3),(703,9,2),(703,16,3),(704,1,1),(704,2,1),(704,4,2),(704,8,3),(704,9,2),(704,12,3),(705,16,3),(706,2,3),(706,5,2),(706,7,2),(706,9,1),(707,15,3),(708,1,3),(709,13,2),(709,16,1),(710,9,3),(710,11,3),(710,12,3),(711,2,3),(711,8,2),(712,7,2),(712,8,2),(713,3,3),(713,5,3),(713,9,2),(713,10,3),(713,15,2),(714,1,1),(714,4,3),(714,9,2),(714,12,3),(714,14,1),(715,11,3),(715,12,2),(715,13,2),(715,17,3),(716,10,1),(716,12,3),(717,1,1),(717,4,1),(717,7,2),(717,11,1),(717,12,2),(717,15,3),(718,12,3),(719,2,3),(719,4,3),(719,8,3),(719,10,2),(719,12,3),(720,2,2),(720,3,2),(720,5,3),(720,8,3),(720,13,3),(720,15,3),(721,12,2),(721,15,3),(721,17,1),(722,16,3),(723,4,1),(723,6,2),(723,12,1),(724,2,1),(724,5,1),(724,15,2),(725,2,3),(725,11,3),(725,14,1),(725,15,1),(726,7,3),(726,9,1),(727,5,3),(727,10,2),(727,13,1),(727,16,2),(728,7,2),(728,16,1),(729,9,3),(729,14,1),(730,12,1),(731,1,3),(731,7,2),(731,10,1),(731,12,3),(732,2,3),(732,5,3),(732,6,1),(732,14,2),(732,17,3),(733,3,3),(733,4,1),(733,5,1),(733,6,2),(733,9,1),(733,12,1),(734,10,2),(735,3,2),(735,4,1),(735,15,2),(736,4,2),(736,6,3),(736,7,2),(736,12,3),(736,15,2),(737,8,1),(737,9,1),(738,1,1),(738,3,2),(738,4,2),(738,5,2),(739,5,1),(739,9,2),(739,11,2),(739,17,3),(740,16,1),(741,4,2),(741,8,2),(742,1,1),(742,2,2),(743,2,1),(743,3,1),(743,8,3),(744,2,2),(744,4,1),(744,9,3),(744,10,1),(744,11,2),(744,13,1),(745,6,3),(746,7,2),(746,9,3),(746,11,2),(747,1,3),(747,5,2),(747,10,3),(747,11,3),(747,14,1),(748,4,2),(748,8,1),(748,14,1),(749,2,1),(749,13,1),(749,14,3),(750,10,3),(751,1,2),(751,2,1),(751,6,3),(751,10,1),(751,12,2),(751,15,1),(752,3,3),(752,9,1),(752,12,2),(752,13,3),(752,17,2),(753,3,3),(753,5,3),(753,8,1),(753,9,2),(753,13,3),(753,14,2),(754,2,3),(754,4,1),(754,14,1),(755,4,3),(755,5,1),(755,11,1),(755,16,1),(756,5,3),(756,6,1),(756,7,3),(756,8,2),(756,12,3),(756,15,3),(757,11,2),(757,12,2),(758,4,2),(758,7,1),(758,14,2),(758,17,2),(759,14,3),(760,6,1),(760,7,2),(760,11,1),(760,14,3),(761,7,3),(761,10,1),(762,6,3),(762,11,2),(763,4,3),(763,8,1),(763,9,2),(763,10,2),(763,11,3),(763,15,3),(764,2,3),(764,6,2),(764,15,1),(764,17,1),(765,1,2),(765,5,2),(765,6,3),(765,9,2),(765,17,2),(766,4,1),(766,6,1),(766,12,3),(767,1,1),(767,2,3),(767,3,2),(767,5,2),(767,14,2),(767,16,1),(768,9,2),(768,15,3),(769,11,3),(769,12,1),(769,14,3),(769,15,2),(769,16,3),(770,1,2),(770,4,2),(770,8,1),(770,12,1),(770,15,3),(770,16,2),(771,4,2),(771,6,3),(771,7,1),(771,9,3),(771,12,1),(771,14,1),(772,3,2),(772,7,2),(772,8,3),(772,9,3),(772,15,1),(773,2,3),(773,3,1),(773,5,1),(773,12,3),(774,6,2),(774,10,2),(775,7,1),(775,12,2),(775,14,3),(775,17,1),(776,1,2),(776,17,3),(777,2,2),(777,9,2),(778,2,3),(778,9,1),(778,11,2),(778,12,1),(778,15,2),(778,16,3),(779,9,2),(780,10,2),(780,12,2),(780,15,3),(781,3,1),(781,6,3),(781,7,2),(781,8,1),(781,11,3),(781,14,1),(782,3,3),(782,5,1),(782,7,3),(782,8,1),(782,11,2),(782,15,2),(783,2,1),(783,11,3),(784,1,1),(784,2,3),(784,4,3),(784,8,1),(785,6,2),(785,7,3),(785,10,3),(785,16,3),(786,2,3),(787,9,2),(788,5,2),(788,7,3),(789,1,3),(789,4,1),(789,6,1),(789,14,1),(790,4,3),(790,7,1),(790,12,2),(790,15,2),(790,16,2),(791,2,3),(791,5,3),(791,13,3),(791,14,2),(792,3,1),(792,5,3),(792,6,2),(792,12,3),(792,14,3),(792,15,1),(793,8,2),(793,10,2),(793,12,1),(793,14,3),(794,16,1),(795,5,1),(795,17,3),(796,1,1),(796,2,2),(796,9,1),(796,10,3),(797,3,3),(797,10,3),(797,11,2),(797,13,2),(797,16,2),(798,3,1),(798,11,2),(798,14,1),(798,16,1),(798,17,1),(799,5,2),(799,12,1),(799,15,1),(800,4,3),(800,5,1),(800,8,3),(800,10,1),(800,11,1),(800,16,3),(801,3,1),(801,5,3),(801,10,2),(801,15,2),(802,2,1),(802,3,3),(802,15,3),(803,9,2),(804,8,1),(804,11,2),(805,3,1),(805,4,3),(806,2,3),(806,3,2),(806,5,2),(806,10,1),(806,13,2),(807,4,2),(807,8,2),(807,9,2),(807,11,2),(808,7,1),(808,15,3),(809,7,1),(809,10,2),(810,5,3),(810,9,1),(810,11,2),(810,16,2),(811,6,3),(812,4,1),(812,6,3),(812,8,3),(812,11,1),(812,15,3),(812,16,2),(813,1,2),(813,2,1),(813,8,3),(813,10,3),(813,15,3),(813,17,3),(814,10,3),(815,11,1),(816,7,3),(816,8,3),(816,9,3),(816,10,2),(816,12,3),(817,9,1),(818,8,2),(818,10,1),(818,13,3),(818,17,3),(819,3,3),(819,8,2),(819,10,1),(819,12,3),(820,2,2),(820,8,2),(820,10,3),(820,11,2),(820,17,1),(821,1,3),(821,4,1),(821,6,1),(821,8,3),(821,10,3),(821,13,2),(822,2,3),(822,8,3),(822,9,1),(822,11,3),(822,12,3),(823,4,3),(824,4,2),(824,7,2),(824,9,3),(824,16,2),(825,11,1),(825,12,3),(826,1,2),(826,2,3),(826,4,1),(826,6,2),(826,10,3),(826,12,1),(827,4,3),(827,11,1),(827,14,1),(828,2,2),(828,3,1),(828,12,3),(828,13,2),(828,14,1),(829,3,2),(830,3,1),(830,7,3),(830,11,3),(831,3,2),(831,8,2),(831,12,2),(831,13,3),(831,17,2),(832,1,3),(832,7,1),(832,9,2),(832,12,1),(833,2,1),(833,5,3),(833,11,1),(833,14,3),(834,6,3),(834,15,2),(834,16,3),(835,5,2),(835,8,2),(835,10,2),(835,17,1),(836,6,2),(836,10,3),(836,17,1),(837,14,1),(838,1,1),(839,5,1),(840,13,2),(840,15,2),(841,4,2),(842,1,1),(842,9,2),(842,12,3),(842,14,2),(842,17,2),(843,9,2),(843,11,2),(843,14,1),(843,15,3),(844,8,3),(844,16,1),(845,10,1),(845,12,3),(845,17,3),(846,4,2),(846,9,3),(846,10,1),(846,16,1),(847,4,1),(847,14,1),(847,16,1),(848,2,2),(848,11,1),(848,16,3),(848,17,1),(849,9,1),(850,8,3),(851,1,2),(851,4,3),(851,5,2),(851,6,1),(851,9,1),(851,12,2),(852,2,3),(852,6,2),(852,9,3),(852,12,1),(853,4,2),(853,11,1),(854,7,2),(854,9,1),(854,11,2),(854,14,1),(855,2,3),(855,11,1),(856,2,1),(856,4,2),(856,7,3),(856,10,2),(856,13,1),(857,4,2),(857,15,1),(858,7,2),(858,9,3),(858,10,2),(858,13,2),(859,1,2),(859,2,1),(859,6,1),(859,12,1),(860,2,1),(860,12,1),(860,16,3),(861,1,1),(861,6,2),(861,7,1),(861,8,2),(861,10,1),(861,11,3),(862,2,2),(862,6,3),(862,10,2),(862,11,3),(862,13,1),(863,11,1),(863,15,3),(863,16,3),(863,17,1),(864,9,3),(864,16,3),(865,4,2),(865,13,3),(865,14,2),(866,4,1),(866,15,2),(867,7,3),(867,11,1),(867,14,3),(867,17,2),(868,4,3),(868,6,1),(868,7,3),(868,15,1),(869,1,2),(869,3,2),(869,9,3),(869,12,3),(869,14,3),(869,15,3),(870,3,2),(870,12,1),(870,16,1),(871,9,1),(871,13,1),(872,1,3),(872,10,3),(873,4,3),(873,6,3),(873,7,1),(873,10,1),(873,16,2),(874,4,2),(874,13,2),(874,16,2),(875,3,2),(875,17,3),(876,2,2),(876,7,2),(876,11,1),(877,8,1),(877,9,2),(877,12,2),(877,15,1),(878,2,2),(878,8,3),(878,9,3),(878,11,1),(878,12,1),(878,17,3),(879,15,3),(880,2,3),(880,4,1),(880,7,2),(880,10,2),(880,11,3),(880,17,2),(881,12,1),(882,1,3),(882,6,1),(882,10,3),(882,12,3),(882,16,2),(882,17,1),(883,4,2),(883,8,1),(883,11,2),(883,13,2),(883,15,3),(884,3,2),(885,1,2),(885,4,1),(886,1,2),(886,2,1),(886,5,2),(886,15,1),(886,17,1),(887,1,2),(887,10,3),(887,12,3),(887,15,2),(888,5,1),(888,7,2),(888,10,2),(889,1,2),(889,2,2),(889,7,2),(889,9,3),(889,11,1),(890,3,1),(890,7,1),(890,8,1),(890,9,3),(890,10,1),(890,17,3),(891,15,1),(892,15,3),(893,2,3),(893,3,3),(893,8,1),(893,16,2),(894,8,2),(894,12,3),(895,7,2),(895,9,2),(895,16,3),(896,3,3),(896,8,1),(896,11,1),(896,17,2),(897,2,1),(897,10,3),(897,12,2),(898,6,2),(898,8,2),(899,4,3),(899,5,2),(899,15,2),(900,1,1),(900,3,1),(900,8,3),(900,10,2),(900,16,3),(900,17,2),(901,7,1),(901,13,2),(901,14,2),(902,1,2),(902,6,3),(902,11,2),(902,12,2),(902,14,1),(902,15,1),(903,1,1),(903,14,2),(903,15,1),(904,2,3),(904,8,2),(904,11,1),(904,14,2),(904,17,2),(905,1,2),(905,6,2),(905,8,1),(905,16,2),(906,5,1),(906,12,3),(906,14,1),(907,8,1),(907,16,3),(908,8,1),(908,14,1),(909,3,3),(909,9,3),(909,11,2),(909,17,3),(910,3,2),(910,4,2),(911,2,3),(911,3,2),(911,5,3),(911,7,3),(911,14,2),(911,16,3),(912,7,2),(913,6,3),(913,7,2),(913,10,1),(913,17,2),(914,7,2),(914,8,2),(915,1,3),(915,8,1),(915,11,2),(915,16,2),(915,17,2),(916,2,3),(916,5,2),(916,11,1),(916,12,2),(916,15,2),(917,2,3),(917,7,2),(917,8,1),(917,10,1),(917,13,1),(917,17,1),(918,1,3),(918,11,2),(919,4,2),(920,8,3),(920,10,1),(920,11,3),(921,7,3),(921,10,3),(921,11,3),(921,13,3),(921,16,3),(921,17,1),(922,6,1),(923,14,2),(924,9,2),(925,17,2),(926,2,2),(926,3,3),(926,11,1),(926,13,2),(926,17,1),(927,17,2),(928,3,1),(929,1,3),(929,2,1),(929,7,2),(929,10,3),(929,15,3),(930,11,1),(931,6,3),(931,7,2),(931,9,1),(931,12,3),(932,6,2),(932,10,3),(932,12,1),(932,15,3),(932,17,2),(933,4,1),(933,13,3),(934,2,3),(934,8,1),(934,13,3),(934,14,3),(935,2,3),(935,5,3),(935,7,2),(935,9,3),(935,12,3),(935,17,3),(936,1,2),(936,2,3),(936,7,2),(936,13,3),(937,3,3),(937,5,1),(937,10,2),(938,7,3),(938,9,1),(938,10,3),(938,14,3),(939,3,1),(939,5,2),(939,10,3),(939,11,1),(939,14,2),(940,4,1),(940,5,2),(940,7,2),(940,8,3),(940,9,3),(940,16,1),(941,11,3),(941,13,1),(942,3,2),(942,5,2),(942,9,2),(942,10,1),(942,17,1),(943,14,1),(943,15,1),(943,16,2),(944,1,2),(944,3,3),(944,4,3),(944,10,3),(944,13,3),(944,16,2),(945,2,1),(945,9,3),(945,10,3),(945,12,1),(945,15,3),(945,17,3),(946,6,3),(946,11,1),(946,12,2),(946,13,1),(947,6,1),(947,8,3),(947,15,1),(947,16,2),(948,16,2),(948,17,3),(949,4,2),(949,9,1),(949,15,3),(950,1,3),(951,3,3),(951,6,1),(951,9,2),(951,13,3),(951,14,1),(951,17,2),(952,2,3),(953,1,1),(953,7,1),(954,4,2),(954,9,1),(955,9,1),(955,17,2),(956,2,3),(956,10,3),(956,12,3),(956,14,2),(956,16,1),(957,4,3),(957,6,1),(957,8,1),(958,3,1),(959,5,3),(959,9,1),(959,12,3),(959,16,1),(960,1,1),(960,7,2),(960,12,2),(960,13,2),(960,14,2),(960,15,1),(961,3,1),(961,14,3),(962,1,3),(962,3,1),(962,4,1),(962,5,2),(962,10,3),(962,13,1),(963,7,3),(964,8,3),(964,9,1),(964,10,1),(964,11,3),(964,13,1),(964,14,1),(965,9,1),(966,2,2),(966,8,1),(966,9,3),(966,17,2),(967,13,3),(967,14,3),(968,9,1),(968,11,2),(968,13,3),(968,16,1),(969,7,2),(970,11,3),(971,4,1),(971,7,2),(971,9,2),(971,12,1),(971,16,3),(972,1,2),(972,2,3),(972,4,2),(972,8,1),(972,17,2),(973,2,2),(973,4,3),(973,7,2),(973,10,3),(973,14,1),(973,15,3),(974,17,2),(975,1,2),(975,7,2),(975,15,1),(975,16,2),(976,4,3),(976,6,1),(977,2,2),(977,7,3),(977,9,1),(977,11,3),(977,12,2),(977,17,2),(978,4,2),(978,8,1),(978,17,2),(979,2,2),(979,15,3),(980,3,3),(980,14,3),(981,3,1),(981,11,3),(981,13,2),(982,5,3),(982,15,2),(982,17,2),(983,7,3),(983,9,3),(983,11,2),(983,14,1),(984,3,2),(984,7,3),(984,9,3),(984,13,1),(985,8,1),(985,11,2),(986,8,2),(986,13,1),(987,3,1),(987,5,2),(987,6,3),(987,12,3),(987,13,2),(987,14,1),(988,3,3),(988,14,1),(989,2,2),(989,3,3),(989,5,2),(989,8,2),(989,13,1),(989,17,1),(990,8,1),(990,9,2),(990,10,3),(990,11,2),(990,12,2),(990,16,2),(991,2,2),(991,7,1),(991,10,2),(991,12,1),(991,14,1),(991,17,3),(992,11,2),(992,13,2),(992,15,3),(993,13,3),(993,16,2),(994,1,3),(994,2,3),(994,3,2),(994,13,3),(994,15,3),(994,16,2),(995,5,1),(995,7,2),(995,15,3),(996,7,1),(996,12,2),(997,1,1),(997,2,1),(997,5,3),(997,10,2),(997,16,1),(998,7,1),(998,8,1),(998,9,3),(998,13,2),(999,2,2),(999,3,1),(999,5,2),(999,7,2),(999,14,2),(999,16,3),(1000,7,3),(1000,9,2),(1000,10,2),(1000,15,2);
/*!40000 ALTER TABLE `Orders_items` ENABLE KEYS */;
UNLOCK TABLES;

--
-- Table structure for table `Pays`
--

DROP TABLE IF EXISTS `Pays`;
/*!40101 SET @saved_cs_client     = @@character_set_client */;
/*!40101 SET character_set_client = utf8 */;
CREATE TABLE `Pays` (
  `id` int(11) NOT NULL,
  `pays` varchar(255) NOT NULL,
  PRIMARY KEY (`id`)
) ENGINE=InnoDB DEFAULT CHARSET=latin1;
/*!40101 SET character_set_client = @saved_cs_client */;

--
-- Dumping data for table `Pays`
--

LOCK TABLES `Pays` WRITE;
/*!40000 ALTER TABLE `Pays` DISABLE KEYS */;
INSERT INTO `Pays` VALUES (1,'France'),(2,'Espagne'),(3,'Allemagne');
/*!40000 ALTER TABLE `Pays` ENABLE KEYS */;
UNLOCK TABLES;

--
-- Table structure for table `Personnel`
--

DROP TABLE IF EXISTS `Personnel`;
/*!40101 SET @saved_cs_client     = @@character_set_client */;
/*!40101 SET character_set_client = utf8 */;
CREATE TABLE `Personnel` (
  `id` int(11) NOT NULL AUTO_INCREMENT,
  `prenom` varchar(255) NOT NULL,
  `nom` varchar(255) NOT NULL,
  `adresse` varchar(255) NOT NULL,
  `experience` float NOT NULL,
  `rib` varchar(255) NOT NULL,
  PRIMARY KEY (`id`)
) ENGINE=InnoDB AUTO_INCREMENT=151 DEFAULT CHARSET=latin1;
/*!40101 SET character_set_client = @saved_cs_client */;

--
-- Dumping data for table `Personnel`
--

LOCK TABLES `Personnel` WRITE;
/*!40000 ALTER TABLE `Personnel` DISABLE KEYS */;
INSERT INTO `Personnel` VALUES (1,'Colette','Delattre','chemin Blanchard 95322 Vincentnec',4,'FR2228217335686585404303966'),(2,'Laurence','Leclercq','3, boulevard Claire Lecoq 53722 Raynaud',3,'FR3347291404896036456322956'),(3,'Sbastien','Loiseau','rue de Besnard 05042 Jacques',4,'FR1506919775877391174833800'),(4,'Sbastien','Rodriguez','62, avenue Christine Le Goff 68160 Louis-sur-Clerc',3,'FR8485797333426599726090835'),(5,'Michelle','Petitjean','40, chemin de Roche 55421 Wagner-la-Fort',3,'FR3279683831697711383312858'),(6,'Alix','Picard','boulevard Lebrun 18231 Saint Josphine',4,'FR2173095198959946265421768'),(7,'Brigitte','Schmitt','9, boulevard Astrid Merle 32071 Labb-sur-Verdier',4,'FR8924051425344851141286359'),(8,'Xavier','Marchand','7, rue Marie 61530 Bourgeois',2,'FR2281023179522157707394343'),(9,'Grgoire','Costa','17, rue Alexandre Marin 61871 Lopez',3,'FR0620570568677904936731439'),(10,'Timothe','Pasquier','209, chemin de Carre 45826 Saint Bernard',4,'FR1753221103334706113870618'),(11,'Clmence','Roger','avenue de Maurice 19077 Hebert-sur-Sauvage',4,'FR7069666730161103784594977'),(12,'Victoire','Charles','61, boulevard de Lelivre 83084 Fouquetdan',4,'FR3756018571463728322482082'),(13,'tienne','Caron','47, rue Mahe 29138 Peron-la-Fort',3,'FR4190792146305760767429095'),(14,'Julien','Carpentier','812, boulevard Launay 91914 Millet',3,'FR6435985955505835919301013'),(15,'Margot','Maury','78, rue Vronique Bailly 40390 Jean-les-Bains',3,'FR3756122300999619250675719'),(16,'Catherine','Descamps','8, chemin Simone Bouchet 23844 Rmy-la-Fort',2,'FR3825365053014832757990551'),(17,'Alice','Diallo','96, boulevard de Chrtien 26408 DelormeVille',4,'FR8117548682801399142899061'),(18,'Aime','Rossi','1, rue de Brun 19234 Buisson',4,'FR8634368733841029700289550'),(19,'Manon','Huet','3, boulevard Pasquier 61319 Blanc-la-Fort',3,'FR2858955370278394735780029'),(20,'Danielle','Simon','44, avenue de Martinez 28728 Fournier-la-Fort',4,'FR7546394116953948646789613'),(21,'Maggie','Auger','6, boulevard Morin 13002 Ferreira',3,'FR7059519228042885835465197'),(22,'douard','Pereira','80, avenue Rmy Joseph 06817 Cousin',3,'FR3902618527780199967153388'),(23,'Matthieu','Durand','boulevard Roux 62363 RodriguezVille',3,'FR8960900558638044410549213'),(24,'Andr','Payet','rue Richard 92922 Martins',1,'FR1060226598746346372313364'),(25,'Valentine','Valle','89, chemin de Potier 84349 Marchal',3,'FR4398621955741910308865542'),(26,'Richard','Blot','14, rue de Imbert 02653 Perezdan',3,'FR1376454884275413523092536'),(27,'ric','Robert','50, avenue Olivie Jean 66225 Leclercq',4,'FR0621966369797784173207643'),(28,'Gilbert','Rousset','6, avenue Henri Godard 69194 Lecoqboeuf',2,'FR4980475723325025513051568'),(29,'Guillaume','Bouvet','81, chemin Faivre 81366 Duhamel-sur-Chrtien',4,'FR5543785824359494797412998'),(30,'lise','Evrard','boulevard Susanne Charles 80350 MarieBourg',4,'FR9541470200205782492002733'),(31,'Denise','Lebrun','25, boulevard Bonnin 48745 Raymond',3,'FR4946605283283384671040952'),(32,'Marcel','Guilbert','373, avenue de Chartier 19853 Rmy',3,'FR6712696005282702009530349'),(33,'Dorothe','Gallet','avenue Petit 95190 Sainte Joseph-sur-Mer',4,'FR1144060166418742276581272'),(34,'Alexandre','Auger','32, rue Marcel Pinto 63830 De Oliveira-les-Bains',3,'FR8995019056992364130219813'),(35,'lisabeth','Gillet','rue de Jourdan 36466 Lenoir',4,'FR3893021873393337476915650'),(36,'Marc','Humbert','66, rue Guibert 51341 Lacombe',4,'FR5075496413980376817351561'),(37,'Suzanne','Seguin','8, boulevard Luc Georges 91297 LoiseauBourg',2,'FR9706783397712153363811567'),(38,'Mathilde','Pons','3, rue Gabrielle Pinto 16156 Petitjean',3,'FR8972687361011977059246028'),(39,'Michel','Laroche','71, rue Claude Alexandre 92186 Georges',2,'FR5139398526613787215125446'),(40,'Arthur','Bonneau','8, boulevard Honor Gomes 52618 Gilles',4,'FR3604999883106004269019221'),(41,'Christophe','Guillet','919, avenue Claude Albert 22804 Aubert',4,'FR8129933000145491285099386'),(42,'Thibaut','Joubert','7, avenue Costa 78151 BesnardVille',3,'FR5256946831466596231378989'),(43,'Alexandrie','Bonnet','9, boulevard Sabine Moreau 27583 Martins',4,'FR9301577169107376620156265'),(44,'Daniel','Camus','rue de Godard 48902 Leducdan',2,'FR2917066775101431064900038'),(45,'Alex','Besson','18, avenue Fabre 43313 HuetVille',4,'FR8858778978028856687407694'),(46,'Louise','Sanchez','59, rue de Laporte 28009 Paul',4,'FR0917089958100731942200831'),(47,'Aim','Perrier','92, rue Jacquot 68696 Carpentier',2,'FR1048610281737184963357301'),(48,'Guillaume','Valle','61, rue Huet 69220 Roux-sur-Mer',2,'FR7113349325357919201156753'),(49,'Josphine','Deschamps','91, rue Michelle Imbert 36670 MathieuBourg',4,'FR5105895037180021624217651'),(50,'Hlne','Delmas','95, rue Lefort 44014 HuetBourg',4,'FR6319297805337579616484354'),(51,'Monique','Seguin','41, boulevard Bousquet 09275 Mathieu',4,'FR6009145718387113866252972'),(52,'Nol','Albert','77, rue Gautier 64497 Saint Jacques',3,'FR6333880606581366130695252'),(53,'Antoine','Allain','8, rue de Masson 51014 Saint Marthe',3,'FR4941087949814637217802006'),(54,'Grard','Pelletier','60, boulevard de Coste 86344 Hebert-sur-Marchal',3,'FR0664100824227972860302856'),(55,'Arnaude','Boulay','boulevard Franois Rousset 43951 Sainte Suzanne-la-Fort',4,'FR2056477426305397289117355'),(56,'Hlne','Petit','260, chemin Vaillant 46594 Sainte lise',4,'FR2176753741264559772870932'),(57,'Philippine','Rmy','61, chemin Lemonnier 72603 Legendre',3,'FR7493658708635548168193721'),(58,'Alexandre','Costa','84, avenue Victoire Goncalves 08775 Saint Ccile',2,'FR0697138497406759106544459'),(59,'Rmy','Delahaye','67, rue Victoire Lelivre 84683 Goncalvesdan',4,'FR7610654775725994887870878'),(60,'Louis','Blot','831, rue David Dias 20492 FouquetVille',3,'FR7319636811597412383240466'),(61,'Jean','Delorme','92, rue Ccile Perrin 42511 Girard',4,'FR9226248442155320712050490'),(62,'Luce','Dufour','239, rue Dupont 60407 Martinez',1,'FR7180359148029643846722553'),(63,'Maurice','Lacombe','46, boulevard de Le Gall 23796 Saint Henri',4,'FR9370085369911199683793888'),(64,'Gabriel','Roy','4, rue Ccile Marchand 76594 Le Goffdan',3,'FR9025989518136532476755188'),(65,'Antoinette','Brunel','54, rue Laporte 01311 Sainte LuceVille',4,'FR4341713974468009229003044'),(66,'mile','Lebon','1, chemin Pinto 52212 Tanguy',1,'FR0355238866882310768148355'),(67,'Nol','Bousquet','78, avenue Torres 86450 Ruiz',3,'FR8846260623732264943407756'),(68,'Laetitia','Sanchez','chemin de Menard 58238 Sainte AnastasieBourg',2,'FR4483882272137262068454782'),(69,'Jean','Aubert','156, avenue Chartier 65389 Barbeboeuf',3,'FR2533592811231392446025907'),(70,'lodie','Goncalves','48, rue de Blanc 91671 Voisin',3,'FR6545614687718862636182848'),(71,'Aim','Dupont','9, rue Bernard Guichard 07172 Brunel',2,'FR1497666604694384833653395'),(72,'Marine','Le Goff','avenue Pages 44604 Bodin',4,'FR8976386079502474442563073'),(73,'Xavier','Carlier','rue de Georges 25578 Samson',2,'FR3151443533680900900821038'),(74,'Maryse','Dupr','chemin Stphane Voisin 20477 LecoqBourg',4,'FR3157954191947399170590743'),(75,'Grgoire','Cousin','avenue de Bruneau 51740 Sainte lisabeth',4,'FR6059960848953850641849926'),(76,'David','Bigot','3, rue de Dupuy 12541 Marty-sur-Valentin',3,'FR4756033853815365347980700'),(77,'Nicole','Mahe','37, avenue Jacob 16736 Guillaume',4,'FR3292369899815801666709062'),(78,'Marthe','Hardy','95, rue Valrie Dijoux 39159 Jacquot',3,'FR8171466153562027050419731'),(79,'Isabelle','Munoz','70, rue Poulain 56575 Guyot',4,'FR2035895864594321317125328'),(80,'Colette','Boutin','606, rue Prvost 80201 Alves-sur-Pereira',4,'FR2209917876810298854857464'),(81,'Maggie','Gilles','41, rue Alexandre Perret 88989 TraoreVille',4,'FR0937893679578542816131782'),(82,'Audrey','Menard','68, chemin Duhamel 42996 Caron-sur-Bernard',3,'FR2120927531345002739513961'),(83,'Denise','Guillon','70, boulevard de Lopes 76500 Blanc',2,'FR4123575219808965901266235'),(84,'Olivier','Hamon','12, chemin Delaunay 40790 Bouchet',3,'FR6077346906201174724081731'),(85,'lodie','Pruvost','22, rue Louis 91831 Moreldan',3,'FR5968860470565763404022228'),(86,'Lorraine','Voisin','70, chemin de Chauvet 10974 Sainte AlexBourg',2,'FR1081522701721253743405107'),(87,'Hugues','Carlier','avenue de Vidal 94025 Lecomte',3,'FR2195819288407652768624204'),(88,'Agns','Gaudin','29, boulevard Pereira 23143 Munoz',4,'FR4678666678839080307696070'),(89,'Lucie','Perret','570, avenue Adlade Le Goff 48305 Fleury-sur-Mer',4,'FR3525870193309963876581808'),(90,'Martine','Faure','73, chemin de Gautier 72051 Lambert-la-Fort',3,'FR8003727516187203689475584'),(91,'Camille','Hubert','5, rue Auguste Blin 12419 Joubert-sur-Mer',3,'FR5959850757536206198560121'),(92,'Ren','Laine','99, chemin Laurent Poirier 38358 Sainte DominiqueVille',4,'FR0636599876237720885129029'),(93,'lisabeth','Techer','rue Charlotte Mathieu 17913 Saint Ocane-les-Bains',4,'FR7704589741015603240898378'),(94,'Alfred','Pasquier','3, avenue de Moreno 22747 GoncalvesVille',3,'FR8177836724705990719658932'),(95,'Ocane','Pons','2, avenue Nicolas 42940 Becker',3,'FR3238520373761102355968661'),(96,'Adrien','Navarro','25, rue de Albert 40514 Sainte Claude',3,'FR2000006039591962881251786'),(97,'Susan','Bertrand','89, avenue Leclercq 07677 Bodin',3,'FR5117362659726646450804316'),(98,'Andre','Perez','39, chemin Deschamps 29288 Lefvrenec',3,'FR7372114715946044529241249'),(99,'Denise','Guillet','7, avenue Laurent Renault 37678 Prvost-sur-Mer',3,'FR5050834548577808359784199'),(100,'Hlne','Evrard','7, chemin de Poulain 33299 Collet-sur-Mer',4,'FR0339376245159444227827761'),(101,'Jrme','Robert','chemin Guillot 30795 Sanchez-sur-Camus',3,'FR0589387573952432403864576'),(102,'Jeanne','Guillon','1, avenue de Foucher 65553 Didier-sur-Marchal',3,'FR3329267344351290317464082'),(103,'Mathilde','Fernandes','chemin de Dias 89711 Berthelot',4,'FR9234797919227629732497834'),(104,'Agathe','Bigot','59, rue de Martel 50457 Buisson',3,'FR8783536594202708481720301'),(105,'Luc','Perrot','6, chemin de Antoine 04266 Gallet',4,'FR1843529977489756086767614'),(106,'Manon','Legendre','5, boulevard de Marin 47935 Faure-sur-Mer',4,'FR0304067717145870764427284'),(107,'Alexandrie','Gautier','23, chemin Lematre 67411 Sainte Thrse',4,'FR4658300609833739456685882'),(108,'Stphanie','Blot','rue Delahaye 47606 Martinez',4,'FR4004579908534163815184285'),(109,'Michelle','Renaud','142, rue Monnier 89496 Martin',4,'FR5940793580431135673782270'),(110,'Nathalie','Turpin','48, avenue Josphine Lacombe 63485 Maillard',2,'FR8745038817454954614968651'),(111,'Guy','Vidal','avenue Constance Barbier 92739 Pereiranec',3,'FR5342520210405851892296850'),(112,'Zacharie','Pichon','37, boulevard Jeanne Masson 27286 FoucherBourg',4,'FR7236549117178886437701976'),(113,'Maryse','Ruiz','8, chemin Giraud 69050 Carpentier',3,'FR4326501149883632690538341'),(114,'Hlne','Lacroix','159, boulevard Catherine Morin 50240 Bousquet',3,'FR6953439897324479762210247'),(115,'Arthur','Roussel','1, boulevard Morvan 20323 Sainte Martinenec',2,'FR9066522633391980711794928'),(116,'Antoine','Faivre','7, avenue Danielle Blanchard 85889 Morel',3,'FR9075776532997712816270586'),(117,'Sylvie','Girard','239, chemin Perez 53390 Bernardnec',2,'FR5736210171451814146290045'),(118,'Hugues','Garcia','737, boulevard de Peltier 80453 Guibert',4,'FR4211648629934295678792839'),(119,'Michle','Rolland','2, chemin Picard 10889 Laroche',3,'FR7135574831980968571523311'),(120,'William','Lambert','rue Josette Lvy 45275 Lvy',4,'FR7063588307514685451110141'),(121,'Zo','Potier','61, boulevard de Leblanc 17373 Moreno-sur-Chauvet',4,'FR7349443683898729523973539'),(122,'Laure','Lagarde','avenue Sanchez 09728 Gillet',3,'FR1677777309293396231733732'),(123,'Eugne','Cohen','65, boulevard Lucie Leduc 13356 Lger',3,'FR7771619794163474921114136'),(124,'Roland','Raynaud','4, avenue Lelivre 35193 Lefebvredan',3,'FR3614873050581636447529914'),(125,'Gilles','Huet','14, avenue de Delattre 40627 LedouxVille',4,'FR4809187800240928345546569'),(126,'Thophile','Lvque','6, rue Marchand 35736 Martineau-sur-David',4,'FR5219381825351659658913069'),(127,'Alphonse','Gaudin','3, rue Ins Lopes 12030 Sainte Virginie-la-Fort',3,'FR9570015368087231416233923'),(128,'Margot','Auger','337, avenue de Maury 70220 Saint tienneboeuf',2,'FR5650311443304503356877409'),(129,'Claudine','Prvost','80, avenue Guillaume Moreau 94341 Grenier',2,'FR8467528494426128299531558'),(130,'Susanne','Gautier','67, rue de Martinez 21894 Launay-sur-Millet',4,'FR2192359713575673689244595'),(131,'Gilbert','Picard','48, rue Fischer 84646 Julien',3,'FR2096116624549845675134048'),(132,'Sophie','Hamon','75, rue de Lebrun 54493 Jean-sur-Letellier',4,'FR3597022014428727685055272'),(133,'Philippe','Lemonnier','rue Dupr 63174 Barre-sur-Mer',3,'FR9783469572680657178943658'),(134,'Pauline','Clment','23, chemin de Teixeira 67996 BenoitBourg',4,'FR3653198075784795134223392'),(135,'Margaud','Chauvin','avenue Jacquot 33019 Maury-les-Bains',3,'FR5023202796459827184059890'),(136,'Louise','Morin','37, rue de Meunier 03065 Robin',3,'FR4655428682589185049213639'),(137,'Louis','Da Silva','42, rue de Pascal 54759 Marty',2,'FR0698419939196690865198340'),(138,'Andre','Le Gall','31, rue Clmence Paul 50334 Jourdanboeuf',3,'FR6394831619892058034284964'),(139,'Lucy','Wagner','85, rue Josette Guyon 76816 Pascalnec',3,'FR6672956015255315010320415'),(140,'Victoire','Bigot','40, chemin de Guilbert 10093 Leducboeuf',4,'FR3367796481225228123598890'),(141,'Philippe','Fontaine','9, rue Chevallier 24003 Prvostnec',3,'FR9862454216453439723458803'),(142,'Anas','Vallet','294, rue de Pruvost 44624 Saint Margotnec',2,'FR6215463726103840987193984'),(143,'Benot','Traore','28, chemin Godard 95922 Dupont',2,'FR8951705865491606803797981'),(144,'Alexandrie','Rodriguez','82, avenue Robin 51445 Saint Anouknec',4,'FR1799705127303762507439965'),(145,'Alfred','Maury','49, boulevard Olivier 03916 Chauvet-la-Fort',4,'FR1258427531727701422693195'),(146,'Franois','Bertin','262, rue de Gonzalez 26728 Marie',4,'FR9091305393097757532784533'),(147,'Catherine','Boyer','avenue Genevive Grard 71334 Payet',1,'FR7494534701310921836156797'),(148,'Victor','Charrier','436, boulevard Roland Pires 60224 Lebreton',1,'FR0769155150798929860847331'),(149,'Paul','tienne','7, rue de Texier 07323 Meyer',3,'FR2041662908687178864226222'),(150,'Thrse','Lambert','81, boulevard Ledoux 31171 Perrier',4,'FR3098938667475539431427401');
/*!40000 ALTER TABLE `Personnel` ENABLE KEYS */;
UNLOCK TABLES;

--
-- Table structure for table `Recettes`
--

DROP TABLE IF EXISTS `Recettes`;
/*!40101 SET @saved_cs_client     = @@character_set_client */;
/*!40101 SET character_set_client = utf8 */;
CREATE TABLE `Recettes` (
  `item_id` int(11) NOT NULL,
  `ing_id` int(11) NOT NULL,
  `unites` double NOT NULL,
  UNIQUE KEY `item_id` (`item_id`,`ing_id`),
  KEY `Recettes_fk1` (`ing_id`),
  CONSTRAINT `Recettes_fk0` FOREIGN KEY (`item_id`) REFERENCES `Items` (`id`) ON DELETE CASCADE,
  CONSTRAINT `Recettes_fk1` FOREIGN KEY (`ing_id`) REFERENCES `Ingredients` (`id`) ON DELETE CASCADE
) ENGINE=InnoDB DEFAULT CHARSET=latin1;
/*!40101 SET character_set_client = @saved_cs_client */;

--
-- Dumping data for table `Recettes`
--

LOCK TABLES `Recettes` WRITE;
/*!40000 ALTER TABLE `Recettes` DISABLE KEYS */;
INSERT INTO `Recettes` VALUES (1,1,1),(1,2,1),(1,3,0.1),(1,4,0.2),(1,5,1),(1,6,1),(1,9,1),(2,1,1),(2,2,2),(2,3,0.1),(2,4,0.2),(2,5,1),(2,6,2),(2,9,1),(3,7,1),(3,8,1),(3,9,1),(4,10,2),(4,11,0.2),(5,3,0.5),(5,6,1),(5,7,1),(5,12,0.3),(5,13,1),(6,14,1),(6,15,1),(7,14,1),(7,16,1);
/*!40000 ALTER TABLE `Recettes` ENABLE KEYS */;
UNLOCK TABLES;

--
-- Table structure for table `Restaurants`
--

DROP TABLE IF EXISTS `Restaurants`;
/*!40101 SET @saved_cs_client     = @@character_set_client */;
/*!40101 SET character_set_client = utf8 */;
CREATE TABLE `Restaurants` (
  `id` int(11) NOT NULL AUTO_INCREMENT,
  `code_postal` char(5) NOT NULL,
  `ville` varchar(12) NOT NULL,
  `pays_id` int(11) NOT NULL,
  `capacite` int(11) NOT NULL,
  `espace_enfant` tinyint(4) NOT NULL,
  `borneCB` tinyint(4) NOT NULL,
  `handicap` tinyint(4) NOT NULL,
  `parking` tinyint(4) NOT NULL,
  PRIMARY KEY (`id`),
  UNIQUE KEY `code_postal` (`code_postal`),
  UNIQUE KEY `ville` (`ville`),
  KEY `Restaurants_fk0` (`pays_id`),
  CONSTRAINT `Restaurants_fk0` FOREIGN KEY (`pays_id`) REFERENCES `Pays` (`id`) ON DELETE CASCADE
) ENGINE=InnoDB AUTO_INCREMENT=13 DEFAULT CHARSET=latin1;
/*!40101 SET character_set_client = @saved_cs_client */;

--
-- Dumping data for table `Restaurants`
--

LOCK TABLES `Restaurants` WRITE;
/*!40000 ALTER TABLE `Restaurants` DISABLE KEYS */;
INSERT INTO `Restaurants` VALUES (1,'64000','Pau',1,52,0,1,1,1),(2,'64100','Bayonne',1,70,0,1,1,0),(3,'64200','Anglet',1,67,0,1,1,1),(4,'64600','Biarritz',1,93,0,0,1,1),(5,'75000','Paris',1,59,0,0,0,1),(6,'69000','Lyon',1,59,1,0,0,1),(7,'13000','Marseille',1,71,0,0,0,1),(8,'08000','Barcelone',2,47,1,0,1,0),(9,'20000','Donostia',2,41,0,0,1,1),(10,'28000','Madrid',2,65,0,0,0,1),(11,'10115','Berlin',3,76,1,0,0,0),(12,'80331','Munich',3,70,1,1,0,0);
/*!40000 ALTER TABLE `Restaurants` ENABLE KEYS */;
UNLOCK TABLES;

--
-- Table structure for table `Stocks`
--

DROP TABLE IF EXISTS `Stocks`;
/*!40101 SET @saved_cs_client     = @@character_set_client */;
/*!40101 SET character_set_client = utf8 */;
CREATE TABLE `Stocks` (
  `ing_id` int(11) NOT NULL,
  `resto_id` int(11) NOT NULL,
  `unites` int(11) DEFAULT NULL,
  UNIQUE KEY `ing_id` (`ing_id`,`resto_id`),
  KEY `Stocks_fk1` (`resto_id`),
  CONSTRAINT `Stocks_fk0` FOREIGN KEY (`ing_id`) REFERENCES `Ingredients` (`id`) ON DELETE CASCADE,
  CONSTRAINT `Stocks_fk1` FOREIGN KEY (`resto_id`) REFERENCES `Restaurants` (`id`) ON DELETE CASCADE
) ENGINE=InnoDB DEFAULT CHARSET=latin1;
/*!40101 SET character_set_client = @saved_cs_client */;

--
-- Dumping data for table `Stocks`
--

LOCK TABLES `Stocks` WRITE;
/*!40000 ALTER TABLE `Stocks` DISABLE KEYS */;
INSERT INTO `Stocks` VALUES (1,1,877),(1,2,1618),(1,3,1779),(1,4,850),(1,5,1176),(1,6,1469),(1,7,609),(1,8,91),(1,9,761),(1,10,997),(1,11,318),(1,12,1187),(2,1,1405),(2,2,576),(2,3,1554),(2,4,182),(2,5,1477),(2,6,1626),(2,7,1404),(2,8,1910),(2,9,59),(2,10,1385),(2,11,786),(2,12,400),(3,1,788),(3,2,280),(3,3,126),(3,4,351),(3,5,616),(3,6,1574),(3,7,422),(3,8,1509),(3,9,1832),(3,10,1503),(3,11,427),(3,12,359),(4,1,523),(4,2,682),(4,3,598),(4,4,779),(4,5,437),(4,6,1426),(4,7,1844),(4,8,1170),(4,9,1285),(4,10,1725),(4,11,1050),(4,12,222),(5,1,953),(5,2,179),(5,3,300),(5,4,639),(5,5,1801),(5,6,376),(5,7,1438),(5,8,42),(5,9,1016),(5,10,454),(5,11,1196),(5,12,1571),(6,1,407),(6,2,986),(6,3,348),(6,4,867),(6,5,1641),(6,6,1430),(6,7,1444),(6,8,1181),(6,9,776),(6,10,1903),(6,11,1355),(6,12,1367),(7,1,1261),(7,2,1525),(7,3,1290),(7,4,1076),(7,5,1834),(7,6,153),(7,7,1907),(7,8,183),(7,9,1694),(7,10,267),(7,11,0),(7,12,0),(8,1,1345),(8,2,853),(8,3,1296),(8,4,528),(8,5,11),(8,6,1815),(8,7,23),(8,8,1460),(8,9,706),(8,10,1082),(8,11,0),(8,12,0),(9,1,1434),(9,2,159),(9,3,1411),(9,4,1547),(9,5,1720),(9,6,354),(9,7,1354),(9,8,1556),(9,9,1299),(9,10,100),(9,11,1267),(9,12,858),(10,1,1036),(10,2,418),(10,3,3),(10,4,1508),(10,5,205),(10,6,222),(10,7,874),(10,8,0),(10,9,0),(10,10,0),(10,11,329),(10,12,1111),(11,1,1699),(11,2,127),(11,3,1922),(11,4,856),(11,5,331),(11,6,1074),(11,7,852),(11,8,0),(11,9,0),(11,10,0),(11,11,1858),(11,12,972),(12,1,1669),(12,2,53),(12,3,445),(12,4,1014),(12,5,1238),(12,6,376),(12,7,1571),(12,8,101),(12,9,469),(12,10,1111),(12,11,0),(12,12,0),(13,1,494),(13,2,1836),(13,3,253),(13,4,994),(13,5,74),(13,6,1783),(13,7,984),(13,8,10),(13,9,1933),(13,10,1156),(13,11,0),(13,12,0),(14,1,1311),(14,2,686),(14,3,1419),(14,4,274),(14,5,100),(14,6,1905),(14,7,1355),(14,8,1433),(14,9,1087),(14,10,1154),(14,11,960),(14,12,924),(15,1,1010),(15,2,1059),(15,3,124),(15,4,1300),(15,5,299),(15,6,1471),(15,7,1811),(15,8,0),(15,9,0),(15,10,0),(15,11,1977),(15,12,656),(16,1,602),(16,2,1492),(16,3,1184),(16,4,1742),(16,5,1901),(16,6,1640),(16,7,1021),(16,8,498),(16,9,1709),(16,10,1073),(16,11,990),(16,12,657);
/*!40000 ALTER TABLE `Stocks` ENABLE KEYS */;
UNLOCK TABLES;

--
-- Dumping routines for database 'JunkFood_2021'
--
/*!40103 SET TIME_ZONE=@OLD_TIME_ZONE */;

/*!40101 SET SQL_MODE=@OLD_SQL_MODE */;
/*!40014 SET FOREIGN_KEY_CHECKS=@OLD_FOREIGN_KEY_CHECKS */;
/*!40014 SET UNIQUE_CHECKS=@OLD_UNIQUE_CHECKS */;
/*!40101 SET CHARACTER_SET_CLIENT=@OLD_CHARACTER_SET_CLIENT */;
/*!40101 SET CHARACTER_SET_RESULTS=@OLD_CHARACTER_SET_RESULTS */;
/*!40101 SET COLLATION_CONNECTION=@OLD_COLLATION_CONNECTION */;
/*!40111 SET SQL_NOTES=@OLD_SQL_NOTES */;

-- Dump completed on 2021-12-08 14:24:43
