-- MariaDB dump 10.17  Distrib 10.4.13-MariaDB, for debian-linux-gnu (x86_64)
--
-- Host: localhost    Database: JunkFood_2021
-- ------------------------------------------------------
-- Server version	10.4.13-MariaDB-1:10.4.13+maria~bionic-log

/*!40101 SET @OLD_CHARACTER_SET_CLIENT=@@CHARACTER_SET_CLIENT */;
/*!40101 SET @OLD_CHARACTER_SET_RESULTS=@@CHARACTER_SET_RESULTS */;
/*!40101 SET @OLD_COLLATION_CONNECTION=@@COLLATION_CONNECTION */;
/*!40101 SET NAMES utf8mb4 */;
/*!40103 SET @OLD_TIME_ZONE=@@TIME_ZONE */;
/*!40103 SET TIME_ZONE='+00:00' */;
/*!40014 SET @OLD_UNIQUE_CHECKS=@@UNIQUE_CHECKS, UNIQUE_CHECKS=0 */;
/*!40014 SET @OLD_FOREIGN_KEY_CHECKS=@@FOREIGN_KEY_CHECKS, FOREIGN_KEY_CHECKS=0 */;
/*!40101 SET @OLD_SQL_MODE=@@SQL_MODE, SQL_MODE='NO_AUTO_VALUE_ON_ZERO' */;
/*!40111 SET @OLD_SQL_NOTES=@@SQL_NOTES, SQL_NOTES=0 */;

--
-- Table structure for table `Cartes`
--

DROP TABLE IF EXISTS `Cartes`;
/*!40101 SET @saved_cs_client     = @@character_set_client */;
/*!40101 SET character_set_client = utf8 */;
CREATE TABLE `Cartes` (
  `pays_id` int(11) NOT NULL,
  `item_id` int(11) DEFAULT NULL,
  UNIQUE KEY `pays_id` (`pays_id`,`item_id`),
  KEY `Cartes_fk1` (`item_id`),
  CONSTRAINT `Cartes_fk0` FOREIGN KEY (`pays_id`) REFERENCES `Pays` (`id`) ON DELETE CASCADE,
  CONSTRAINT `Cartes_fk1` FOREIGN KEY (`item_id`) REFERENCES `Items` (`id`) ON DELETE CASCADE
) ENGINE=InnoDB DEFAULT CHARSET=latin1;
/*!40101 SET character_set_client = @saved_cs_client */;

--
-- Dumping data for table `Cartes`
--

LOCK TABLES `Cartes` WRITE;
/*!40000 ALTER TABLE `Cartes` DISABLE KEYS */;
INSERT INTO `Cartes` VALUES (1,1),(1,2),(1,3),(1,4),(1,5),(1,6),(1,7),(1,8),(1,9),(1,10),(1,11),(1,12),(1,13),(1,14),(1,15),(1,16),(1,17),(2,2),(2,3),(2,5),(2,7),(2,8),(2,9),(2,10),(2,11),(2,12),(2,13),(2,14),(2,16),(2,17),(3,1),(3,2),(3,4),(3,6),(3,7),(3,8),(3,9),(3,10),(3,11),(3,12),(3,13),(3,14),(3,15);
/*!40000 ALTER TABLE `Cartes` ENABLE KEYS */;
UNLOCK TABLES;

--
-- Table structure for table `History`
--

DROP TABLE IF EXISTS `History`;
/*!40101 SET @saved_cs_client     = @@character_set_client */;
/*!40101 SET character_set_client = utf8 */;
CREATE TABLE `History` (
  `annee` year(4) NOT NULL,
  `ind_id` int(11) NOT NULL,
  `resto_id` int(11) NOT NULL,
  `poste` enum('directeur','manager','employe') NOT NULL,
  `domaine` enum('cuisine','caisse') DEFAULT NULL,
  `superieur` int(11) DEFAULT NULL,
  `note` int(11) DEFAULT NULL,
  `salaire` decimal(10,0) NOT NULL,
  PRIMARY KEY (`ind_id`,`annee`),
  KEY `History_fk1` (`resto_id`),
  KEY `History_fk2` (`superieur`),
  CONSTRAINT `History_fk0` FOREIGN KEY (`ind_id`) REFERENCES `Personnel` (`id`) ON DELETE CASCADE,
  CONSTRAINT `History_fk1` FOREIGN KEY (`resto_id`) REFERENCES `Restaurants` (`id`) ON DELETE CASCADE,
  CONSTRAINT `History_fk2` FOREIGN KEY (`superieur`) REFERENCES `Personnel` (`id`) ON DELETE CASCADE
) ENGINE=InnoDB DEFAULT CHARSET=latin1;
/*!40101 SET character_set_client = @saved_cs_client */;

--
-- Dumping data for table `History`
--

LOCK TABLES `History` WRITE;
/*!40000 ALTER TABLE `History` DISABLE KEYS */;
INSERT INTO `History` VALUES (2018,1,2,'employe','caisse',117,4,2146),(2019,1,9,'employe','caisse',45,8,2859),(2020,1,2,'employe','cuisine',97,1,2265),(2018,2,8,'employe','cuisine',24,2,1813),(2019,2,6,'employe','cuisine',94,10,3177),(2020,2,7,'employe','cuisine',77,1,1873),(2021,2,4,'manager','caisse',46,7,2624),(2019,3,6,'directeur','cuisine',NULL,10,3031),(2020,3,12,'employe','caisse',92,2,1527),(2021,3,7,'employe','cuisine',26,4,3329),(2018,4,9,'manager','cuisine',25,7,1811),(2019,4,8,'directeur','cuisine',NULL,4,2657),(2020,4,8,'directeur','cuisine',NULL,0,1387),(2021,4,2,'employe','cuisine',25,4,3275),(2018,5,10,'employe','cuisine',52,10,2233),(2019,5,11,'employe','caisse',33,5,2854),(2020,5,8,'employe','caisse',16,6,2636),(2021,5,8,'employe','cuisine',18,4,1212),(2018,6,10,'employe','cuisine',52,8,3124),(2019,6,11,'employe','cuisine',33,6,3475),(2020,6,2,'employe','cuisine',97,5,2306),(2021,6,7,'employe','caisse',26,8,2797),(2018,7,12,'employe','cuisine',32,2,2230),(2019,7,10,'employe','caisse',89,9,1736),(2020,7,11,'employe','caisse',54,6,3398),(2021,7,9,'employe','caisse',87,10,3069),(2019,8,5,'employe','cuisine',81,1,2010),(2020,8,10,'directeur','caisse',NULL,6,1336),(2021,8,5,'employe','caisse',104,8,1543),(2018,9,3,'employe','caisse',129,1,2707),(2019,9,11,'employe','caisse',33,2,2790),(2020,9,11,'employe','cuisine',54,2,1380),(2021,9,2,'employe','cuisine',25,6,1541),(2019,10,6,'employe','cuisine',94,0,2945),(2021,10,12,'employe','caisse',133,3,2810),(2018,11,8,'employe','cuisine',24,9,2702),(2019,11,1,'employe','caisse',147,2,1316),(2020,11,5,'employe','cuisine',149,2,2571),(2018,12,3,'employe','cuisine',129,10,3492),(2021,12,9,'employe','cuisine',87,9,2963),(2018,13,7,'employe','caisse',126,8,2101),(2019,13,9,'employe','caisse',45,5,3374),(2020,13,5,'manager','cuisine',122,2,1304),(2021,13,11,'employe','cuisine',31,3,3245),(2018,14,2,'employe','cuisine',117,2,1437),(2019,14,10,'employe','cuisine',89,6,1493),(2020,14,6,'employe','caisse',25,7,2199),(2021,14,9,'employe','cuisine',87,2,1508),(2019,15,7,'employe','caisse',129,9,1590),(2020,15,4,'employe','cuisine',33,10,2810),(2018,16,5,'employe','caisse',96,4,2619),(2020,16,8,'manager','cuisine',29,7,2476),(2021,16,3,'employe','cuisine',143,5,1515),(2018,17,12,'employe','cuisine',32,7,2942),(2019,17,7,'directeur','cuisine',NULL,8,3350),(2020,17,3,'directeur','cuisine',NULL,9,1473),(2018,18,7,'employe','caisse',126,0,3210),(2019,18,9,'employe','caisse',45,7,2343),(2020,18,1,'employe','caisse',59,6,1891),(2021,18,8,'manager','caisse',4,1,1578),(2019,19,2,'employe','caisse',56,5,1657),(2020,19,12,'directeur','cuisine',NULL,4,1707),(2018,20,1,'employe','cuisine',84,4,2556),(2019,20,3,'employe','cuisine',130,0,3155),(2021,20,7,'employe','cuisine',45,3,3279),(2018,21,3,'employe','cuisine',129,10,3012),(2020,21,7,'employe','cuisine',77,3,1586),(2018,22,11,'employe','caisse',71,8,3439),(2019,22,2,'employe','cuisine',56,7,2070),(2020,22,10,'employe','caisse',36,3,2215),(2021,22,3,'employe','cuisine',143,7,1394),(2019,23,6,'employe','caisse',94,4,2354),(2020,23,6,'employe','cuisine',25,7,1781),(2021,23,7,'directeur','caisse',NULL,1,2564),(2018,24,8,'manager','cuisine',4,0,1281),(2020,24,10,'employe','caisse',36,5,3352),(2021,24,5,'employe','caisse',104,1,1820),(2018,25,9,'directeur','cuisine',NULL,4,3299),(2019,25,4,'employe','cuisine',144,9,1745),(2020,25,6,'manager','cuisine',60,8,1760),(2021,25,2,'manager','caisse',58,10,2470),(2018,26,9,'employe','cuisine',4,10,3001),(2020,26,3,'employe','caisse',123,5,3047),(2021,26,7,'manager','cuisine',129,10,1735),(2018,27,3,'employe','caisse',129,6,2294),(2019,27,5,'employe','caisse',98,2,1426),(2020,27,5,'employe','caisse',13,8,2413),(2018,28,3,'employe','cuisine',129,7,3081),(2019,28,4,'manager','caisse',46,6,1847),(2020,28,6,'employe','cuisine',25,4,2023),(2021,28,6,'directeur','caisse',NULL,6,2434),(2018,29,8,'directeur','cuisine',NULL,4,1261),(2019,29,2,'employe','cuisine',56,3,2442),(2020,29,1,'directeur','caisse',NULL,7,3366),(2021,29,6,'employe','cuisine',100,10,2458),(2018,30,1,'employe','cuisine',84,10,2288),(2019,30,7,'employe','cuisine',129,10,3202),(2020,30,9,'employe','cuisine',44,7,2074),(2021,30,10,'directeur','cuisine',NULL,0,1678),(2018,31,2,'employe','cuisine',117,9,1784),(2019,31,9,'directeur','caisse',NULL,4,2552),(2020,31,11,'employe','caisse',54,4,1789),(2021,31,11,'manager','caisse',111,10,2767),(2018,32,12,'manager','caisse',37,4,2934),(2020,32,7,'employe','cuisine',77,6,1880),(2018,33,8,'employe','cuisine',24,7,3382),(2019,33,11,'manager','caisse',124,0,2347),(2020,33,4,'manager','cuisine',142,7,2738),(2021,33,7,'employe','caisse',45,1,2068),(2018,34,5,'employe','caisse',135,1,1940),(2020,34,8,'employe','cuisine',53,7,2199),(2021,34,4,'employe','caisse',2,2,3033),(2018,35,10,'employe','caisse',52,4,2692),(2019,35,12,'manager','caisse',37,0,1944),(2021,35,11,'employe','caisse',31,3,2025),(2018,36,4,'employe','cuisine',61,0,1520),(2019,36,5,'directeur','caisse',NULL,7,1832),(2020,36,10,'manager','cuisine',127,7,1340),(2021,36,7,'employe','cuisine',45,6,1850),(2019,37,7,'employe','cuisine',129,1,2307),(2020,37,3,'employe','cuisine',123,8,2200),(2021,37,12,'directeur','caisse',NULL,10,2574),(2019,38,5,'employe','caisse',98,10,3180),(2020,38,3,'employe','cuisine',123,5,3276),(2021,38,11,'employe','caisse',31,8,3482),(2020,39,5,'employe','caisse',13,3,1516),(2021,39,1,'employe','caisse',48,1,2564),(2018,40,12,'employe','cuisine',32,3,1646),(2020,40,8,'employe','cuisine',16,0,2496),(2018,41,11,'directeur','caisse',NULL,8,2179),(2019,41,9,'employe','caisse',45,3,3020),(2020,41,4,'employe','caisse',33,9,1424),(2021,41,8,'employe','caisse',18,2,1761),(2018,42,12,'employe','caisse',32,10,1486),(2019,42,10,'manager','caisse',30,2,2835),(2020,42,11,'employe','cuisine',54,4,1488),(2021,42,2,'employe','caisse',25,1,3489),(2018,43,12,'directeur','caisse',NULL,4,2034),(2019,43,11,'employe','caisse',33,3,3499),(2021,43,8,'employe','cuisine',18,0,3350),(2020,44,9,'manager','cuisine',133,1,3100),(2021,44,11,'employe','cuisine',31,7,1343),(2019,45,9,'manager','cuisine',31,6,2366),(2020,45,5,'employe','cuisine',13,3,3222),(2021,45,7,'manager','cuisine',127,4,1629),(2018,46,4,'directeur','cuisine',NULL,0,2740),(2019,46,2,'employe','cuisine',56,10,1856),(2020,46,4,'employe','cuisine',33,7,2884),(2021,46,5,'employe','caisse',104,9,1249),(2019,47,8,'employe','caisse',61,6,2700),(2020,47,1,'employe','caisse',59,1,2294),(2018,48,4,'employe','caisse',61,6,1865),(2020,48,4,'employe','cuisine',33,5,1555),(2021,48,1,'manager','caisse',134,2,2552),(2021,49,12,'employe','cuisine',133,4,3402),(2018,50,12,'employe','caisse',32,8,2690),(2019,50,8,'employe','caisse',61,1,1355),(2020,50,10,'employe','cuisine',36,10,1901),(2021,50,10,'employe','caisse',82,10,2564),(2018,51,9,'employe','caisse',140,9,2705),(2019,51,7,'employe','caisse',129,10,3108),(2020,51,3,'employe','caisse',123,0,1317),(2021,51,10,'employe','caisse',82,1,2400),(2018,52,10,'manager','cuisine',8,9,1225),(2019,52,2,'employe','caisse',56,8,1942),(2020,52,5,'employe','caisse',13,0,2233),(2018,53,4,'employe','caisse',61,9,2217),(2019,53,4,'employe','caisse',144,9,2103),(2020,53,8,'manager','cuisine',4,1,3349),(2021,53,8,'employe','caisse',18,3,1848),(2018,54,8,'employe','cuisine',24,10,3310),(2019,54,5,'employe','caisse',98,2,3284),(2020,54,11,'manager','cuisine',124,2,2290),(2021,54,1,'employe','caisse',48,3,3099),(2018,55,9,'employe','caisse',4,1,2657),(2019,55,8,'employe','cuisine',61,1,2491),(2019,56,2,'manager','cuisine',58,5,1855),(2021,56,6,'employe','cuisine',100,7,2593),(2018,57,5,'directeur','cuisine',NULL,7,1291),(2019,57,10,'employe','caisse',42,6,1857),(2020,57,12,'employe','caisse',92,2,1761),(2021,57,5,'employe','cuisine',104,8,2564),(2018,58,2,'directeur','caisse',NULL,1,2662),(2019,58,4,'employe','cuisine',144,6,1697),(2020,58,5,'employe','cuisine',149,9,1459),(2021,58,2,'employe','cuisine',25,0,1778),(2018,59,5,'employe','cuisine',96,2,3384),(2019,59,6,'employe','cuisine',94,3,1695),(2020,59,1,'manager','caisse',76,8,1943),(2021,59,4,'employe','caisse',2,1,2431),(2018,60,10,'employe','cuisine',52,8,2609),(2020,60,6,'directeur','caisse',NULL,2,2036),(2021,60,7,'employe','caisse',26,1,1826),(2018,61,4,'manager','caisse',46,9,2431),(2019,61,8,'manager','cuisine',29,0,2810),(2020,61,1,'employe','caisse',59,4,1687),(2018,62,10,'employe','caisse',52,7,2600),(2019,62,6,'employe','cuisine',77,9,1666),(2020,62,6,'employe','cuisine',25,4,2028),(2021,62,11,'employe','caisse',31,2,1692),(2018,63,6,'manager','caisse',60,9,3414),(2020,63,3,'employe','cuisine',123,8,2844),(2021,63,3,'employe','caisse',143,5,1545),(2018,64,9,'employe','caisse',4,7,1260),(2019,64,9,'employe','caisse',45,5,1571),(2020,64,7,'employe','caisse',77,6,2132),(2018,65,4,'employe','cuisine',61,4,3380),(2019,65,3,'employe','caisse',130,9,2823),(2021,65,2,'employe','caisse',25,1,1259),(2018,66,8,'employe','caisse',24,4,2296),(2020,66,11,'employe','cuisine',54,0,1905),(2018,67,7,'employe','cuisine',126,4,1452),(2019,67,4,'employe','caisse',28,8,1794),(2020,67,8,'employe','cuisine',16,9,2930),(2021,67,1,'employe','cuisine',48,8,3194),(2018,68,3,'directeur','cuisine',NULL,4,3104),(2019,68,4,'employe','cuisine',144,2,3495),(2021,68,9,'employe','cuisine',87,2,1532),(2018,69,5,'employe','caisse',135,5,1767),(2019,69,1,'employe','caisse',147,9,1702),(2021,69,10,'employe','caisse',82,2,3319),(2018,70,9,'employe','cuisine',140,4,3250),(2019,70,2,'employe','cuisine',56,8,2690),(2020,70,1,'employe','caisse',59,10,2975),(2021,70,3,'employe','cuisine',143,10,2142),(2018,71,11,'manager','caisse',124,1,2808),(2020,71,7,'employe','caisse',77,3,3392),(2021,71,3,'employe','cuisine',143,10,3237),(2020,72,2,'employe','caisse',97,3,1517),(2018,73,11,'employe','caisse',71,4,2070),(2019,73,5,'employe','caisse',98,10,1389),(2020,73,8,'employe','cuisine',53,9,2385),(2021,73,4,'employe','cuisine',2,4,3476),(2018,74,5,'employe','caisse',96,9,2717),(2019,74,6,'employe','caisse',94,5,1850),(2021,74,7,'employe','caisse',26,2,2599),(2018,75,7,'employe','cuisine',126,9,2167),(2019,75,3,'employe','cuisine',130,8,3236),(2020,75,7,'employe','cuisine',77,5,3268),(2021,75,3,'employe','cuisine',108,2,1539),(2018,76,1,'directeur','cuisine',NULL,0,1372),(2020,76,2,'employe','cuisine',97,10,3412),(2021,76,7,'employe','cuisine',26,3,3345),(2018,77,7,'employe','cuisine',126,8,3020),(2019,77,6,'manager','cuisine',28,6,2415),(2020,77,7,'manager','caisse',23,9,1658),(2021,77,3,'directeur','cuisine',NULL,8,3139),(2018,78,9,'employe','caisse',4,10,3260),(2019,78,7,'employe','cuisine',129,3,3118),(2020,78,4,'employe','cuisine',33,6,2986),(2021,78,3,'employe','cuisine',108,0,3036),(2019,79,1,'employe','cuisine',147,8,2594),(2021,79,4,'employe','caisse',2,5,3048),(2018,80,5,'employe','cuisine',135,9,1550),(2019,80,2,'directeur','caisse',NULL,5,1491),(2020,80,2,'directeur','cuisine',NULL,2,3303),(2021,80,4,'employe','caisse',2,6,2475),(2018,81,1,'employe','caisse',84,5,2645),(2019,81,5,'manager','cuisine',122,0,3015),(2021,81,10,'employe','caisse',82,8,2004),(2018,82,1,'employe','cuisine',84,9,2755),(2019,82,4,'employe','cuisine',144,8,1460),(2020,82,3,'employe','cuisine',123,3,1407),(2021,82,10,'manager','cuisine',127,0,2000),(2018,83,6,'employe','cuisine',63,10,1317),(2019,83,9,'employe','caisse',45,6,2843),(2020,83,12,'employe','cuisine',92,2,1952),(2021,83,5,'directeur','cuisine',NULL,2,2592),(2018,84,1,'manager','cuisine',137,4,2585),(2019,84,12,'directeur','cuisine',NULL,9,2070),(2020,84,9,'employe','cuisine',44,10,1479),(2021,84,9,'employe','cuisine',87,0,2721),(2018,85,9,'employe','caisse',4,2,3464),(2019,85,5,'employe','cuisine',98,4,1554),(2020,85,9,'employe','caisse',44,0,1409),(2018,86,5,'employe','cuisine',135,9,1802),(2019,86,3,'employe','cuisine',130,7,2229),(2020,86,1,'employe','caisse',59,5,2425),(2021,86,8,'directeur','cuisine',NULL,9,2361),(2018,87,4,'employe','caisse',61,7,2522),(2019,87,2,'employe','caisse',56,10,2857),(2020,87,12,'employe','caisse',92,8,1884),(2021,87,9,'manager','cuisine',131,8,2910),(2019,88,6,'employe','cuisine',77,3,2302),(2020,88,6,'employe','cuisine',25,6,1480),(2021,88,11,'employe','caisse',31,4,1284),(2018,89,12,'employe','cuisine',32,7,3108),(2019,89,10,'manager','cuisine',122,9,2520),(2021,89,1,'employe','cuisine',48,1,1275),(2018,90,8,'employe','caisse',24,4,1408),(2019,90,11,'employe','cuisine',33,10,2304),(2020,90,9,'employe','cuisine',44,1,1342),(2021,90,4,'employe','caisse',2,2,1560),(2018,91,12,'employe','cuisine',32,0,3140),(2019,91,4,'employe','cuisine',144,10,2457),(2020,91,1,'employe','cuisine',59,4,1420),(2021,91,4,'employe','caisse',2,10,2985),(2018,92,10,'employe','cuisine',52,3,2661),(2019,92,10,'employe','cuisine',42,3,2391),(2020,92,12,'manager','caisse',19,10,2767),(2021,92,5,'employe','cuisine',104,7,1387),(2018,93,11,'employe','cuisine',71,7,1581),(2020,93,11,'directeur','cuisine',NULL,1,1261),(2021,93,4,'employe','caisse',2,7,1982),(2018,94,11,'employe','cuisine',71,6,2773),(2019,94,6,'manager','cuisine',28,7,1393),(2020,94,8,'employe','cuisine',16,3,3218),(2021,94,1,'employe','cuisine',48,8,2931),(2018,95,5,'employe','caisse',135,5,1784),(2019,95,4,'directeur','caisse',NULL,2,1968),(2020,95,8,'employe','caisse',16,4,3476),(2021,95,8,'employe','caisse',18,3,3091),(2018,96,5,'manager','caisse',122,2,1635),(2019,96,10,'employe','cuisine',42,1,3091),(2018,97,12,'employe','cuisine',32,9,2540),(2019,97,5,'employe','cuisine',98,5,2172),(2020,97,2,'manager','caisse',80,5,3481),(2021,97,3,'employe','caisse',108,3,1503),(2019,98,5,'manager','cuisine',36,5,1647),(2020,98,5,'employe','cuisine',149,8,3190),(2021,98,2,'employe','cuisine',25,0,2636),(2018,99,6,'employe','cuisine',63,10,1996),(2019,99,10,'employe','cuisine',89,6,1214),(2020,99,3,'employe','cuisine',123,2,2953),(2021,99,1,'employe','cuisine',48,10,3455),(2018,100,10,'employe','caisse',52,5,2034),(2021,100,6,'manager','caisse',28,7,3277),(2019,101,6,'employe','caisse',77,9,2908),(2021,101,1,'employe','caisse',48,0,2217),(2018,102,10,'employe','caisse',52,3,2857),(2019,102,7,'employe','caisse',129,8,3189),(2020,102,4,'employe','caisse',33,5,1284),(2019,103,4,'employe','cuisine',144,7,3303),(2020,103,2,'employe','caisse',97,8,2977),(2021,103,4,'employe','caisse',2,4,2013),(2018,104,12,'employe','cuisine',32,8,3294),(2019,104,6,'employe','caisse',77,4,1393),(2021,104,5,'manager','caisse',57,2,2290),(2018,105,7,'employe','cuisine',126,4,2931),(2020,105,3,'employe','cuisine',123,7,2446),(2021,105,3,'employe','cuisine',108,5,2819),(2018,106,9,'employe','cuisine',4,4,2324),(2019,106,5,'employe','caisse',98,6,2109),(2020,106,6,'employe','cuisine',25,1,1798),(2021,106,7,'employe','cuisine',45,7,2254),(2018,107,11,'employe','cuisine',71,9,3401),(2019,107,8,'employe','cuisine',61,8,1946),(2020,107,2,'employe','cuisine',97,4,2222),(2021,107,6,'employe','caisse',100,6,3365),(2019,108,3,'employe','caisse',130,1,3017),(2020,108,9,'employe','cuisine',44,5,2933),(2021,108,3,'manager','cuisine',150,5,2499),(2018,109,8,'employe','cuisine',24,7,1254),(2020,109,5,'employe','cuisine',149,7,1847),(2021,109,5,'employe','cuisine',104,3,2854),(2019,110,11,'employe','cuisine',33,1,1931),(2021,110,12,'employe','caisse',133,4,2846),(2018,111,3,'employe','caisse',129,7,2936),(2019,111,11,'directeur','caisse',NULL,9,1856),(2021,111,9,'employe','cuisine',87,8,3411),(2018,112,5,'employe','cuisine',96,4,3307),(2019,112,3,'employe','caisse',130,9,2258),(2020,112,8,'employe','cuisine',53,5,2447),(2021,112,4,'directeur','cuisine',NULL,7,1697),(2018,113,12,'employe','caisse',32,6,3129),(2019,113,1,'employe','cuisine',147,1,1480),(2020,113,11,'employe','cuisine',54,0,2634),(2021,113,1,'employe','caisse',48,9,3444),(2018,114,6,'directeur','cuisine',NULL,9,2221),(2020,114,1,'employe','cuisine',59,4,2946),(2018,115,7,'employe','cuisine',126,1,1542),(2021,115,2,'directeur','cuisine',NULL,7,1955),(2018,116,5,'employe','caisse',96,9,2511),(2021,116,9,'employe','caisse',87,7,1951),(2018,117,2,'manager','caisse',58,5,1729),(2019,117,2,'employe','caisse',56,1,2322),(2021,117,4,'employe','cuisine',2,1,2048),(2019,118,10,'employe','caisse',42,7,3192),(2020,119,5,'employe','caisse',13,9,2444),(2018,120,5,'employe','caisse',135,6,1515),(2019,120,4,'employe','cuisine',144,0,3301),(2021,120,2,'employe','cuisine',25,2,2973),(2018,121,11,'employe','caisse',71,8,3422),(2019,121,10,'employe','caisse',89,9,2044),(2020,121,2,'employe','caisse',97,9,3060),(2021,121,11,'employe','caisse',31,8,3135),(2018,122,10,'directeur','caisse',NULL,1,3217),(2019,122,4,'employe','cuisine',28,9,2444),(2020,122,5,'directeur','cuisine',NULL,7,2823),(2021,122,9,'employe','cuisine',87,7,2196),(2019,123,10,'employe','caisse',89,2,2844),(2020,123,3,'manager','cuisine',150,4,2530),(2021,123,2,'employe','caisse',25,5,1602),(2019,124,5,'employe','caisse',98,6,2792),(2020,124,8,'employe','cuisine',16,3,3153),(2021,124,11,'directeur','caisse',NULL,8,2488),(2018,125,7,'employe','caisse',126,5,3271),(2019,125,3,'employe','caisse',130,1,2369),(2020,125,7,'employe','caisse',77,9,3115),(2021,125,12,'employe','cuisine',133,10,2040),(2018,126,7,'manager','cuisine',17,6,3142),(2019,126,6,'employe','cuisine',77,1,2109),(2021,126,9,'employe','cuisine',87,6,1283),(2018,127,7,'directeur','caisse',NULL,9,2891),(2019,127,10,'directeur','cuisine',NULL,2,3223),(2021,127,7,'employe','cuisine',45,0,3212),(2018,128,11,'employe','cuisine',71,2,1337),(2019,128,5,'employe','cuisine',81,5,2056),(2020,128,2,'employe','cuisine',97,10,2673),(2021,128,6,'employe','caisse',100,10,1307),(2018,129,3,'manager','cuisine',150,8,2368),(2019,129,7,'manager','caisse',23,2,1467),(2020,129,7,'directeur','caisse',NULL,4,2797),(2021,129,2,'employe','caisse',25,1,2389),(2018,130,5,'employe','cuisine',96,0,2716),(2019,130,3,'manager','cuisine',68,1,3020),(2020,130,11,'employe','caisse',54,5,3237),(2021,130,9,'employe','caisse',87,10,1272),(2018,131,4,'employe','cuisine',61,9,2605),(2019,131,3,'employe','cuisine',130,2,1484),(2020,131,6,'employe','caisse',25,4,2532),(2021,131,9,'directeur','cuisine',NULL,3,2838),(2018,132,9,'employe','cuisine',140,0,1658),(2019,132,6,'employe','caisse',94,6,1588),(2020,132,8,'employe','caisse',16,6,3293),(2021,132,7,'employe','caisse',45,7,1970),(2018,133,5,'employe','caisse',135,7,1972),(2019,133,9,'employe','caisse',45,0,2735),(2020,133,9,'directeur','caisse',NULL,6,1696),(2021,133,12,'manager','cuisine',19,6,2890),(2018,134,1,'employe','caisse',84,8,2262),(2019,134,11,'employe','cuisine',33,9,2358),(2020,134,3,'employe','cuisine',123,3,1573),(2021,134,1,'directeur','caisse',NULL,1,1959),(2018,135,5,'manager','cuisine',122,9,3291),(2019,135,10,'employe','cuisine',89,3,1712),(2020,135,9,'employe','cuisine',44,2,2163),(2018,136,6,'employe','cuisine',63,3,3181),(2019,136,12,'employe','caisse',35,2,1623),(2020,136,5,'employe','cuisine',149,1,3003),(2018,137,9,'employe','caisse',140,4,3305),(2019,137,1,'directeur','caisse',NULL,8,1971),(2020,137,4,'employe','cuisine',33,3,2713),(2021,137,6,'employe','cuisine',100,3,2917),(2018,138,3,'employe','caisse',129,9,2358),(2018,139,3,'employe','cuisine',129,8,1228),(2019,139,7,'employe','caisse',129,6,3489),(2020,139,7,'employe','cuisine',77,1,3054),(2021,139,5,'employe','caisse',104,6,3187),(2018,140,9,'manager','caisse',31,4,2755),(2020,140,5,'employe','cuisine',149,7,3123),(2021,140,2,'employe','cuisine',25,3,2587),(2018,141,6,'employe','cuisine',63,1,1717),(2019,141,8,'employe','cuisine',61,3,1979),(2020,141,5,'employe','cuisine',13,9,2768),(2018,142,5,'employe','cuisine',96,7,3075),(2020,142,4,'directeur','cuisine',NULL,10,1767),(2021,142,3,'employe','caisse',143,2,1440),(2019,143,9,'employe','cuisine',45,5,1677),(2021,143,3,'manager','caisse',77,4,2696),(2018,144,4,'employe','caisse',61,9,2440),(2019,144,4,'manager','cuisine',95,2,2017),(2020,144,3,'employe','cuisine',123,1,2610),(2021,144,1,'employe','caisse',48,8,2076),(2019,145,3,'employe','caisse',130,2,2331),(2020,145,8,'employe','caisse',53,3,1505),(2021,145,6,'employe','caisse',100,9,2433),(2019,146,4,'employe','caisse',28,4,1878),(2020,146,8,'employe','cuisine',53,10,2071),(2021,146,3,'employe','caisse',143,1,2969),(2019,147,1,'manager','cuisine',137,1,1756),(2020,147,8,'employe','caisse',16,9,1397),(2018,148,5,'employe','caisse',96,0,2108),(2020,148,11,'employe','caisse',54,4,1971),(2018,149,6,'employe','cuisine',63,7,2059),(2019,149,9,'employe','caisse',45,2,1542),(2020,149,5,'manager','caisse',36,6,3093),(2018,150,2,'employe','caisse',117,6,2629),(2019,150,3,'directeur','caisse',NULL,1,1231),(2020,150,7,'employe','caisse',77,9,1202);
/*!40000 ALTER TABLE `History` ENABLE KEYS */;
UNLOCK TABLES;

--
-- Table structure for table `Ingredients`
--

DROP TABLE IF EXISTS `Ingredients`;
/*!40101 SET @saved_cs_client     = @@character_set_client */;
/*!40101 SET character_set_client = utf8 */;
CREATE TABLE `Ingredients` (
  `id` int(11) NOT NULL AUTO_INCREMENT,
  `nom` varchar(255) NOT NULL,
  `prix` double NOT NULL,
  PRIMARY KEY (`id`)
) ENGINE=InnoDB AUTO_INCREMENT=17 DEFAULT CHARSET=latin1;
/*!40101 SET character_set_client = @saved_cs_client */;

--
-- Dumping data for table `Ingredients`
--

LOCK TABLES `Ingredients` WRITE;
/*!40000 ALTER TABLE `Ingredients` DISABLE KEYS */;
INSERT INTO `Ingredients` VALUES (1,'pain',0.5),(2,'steak',1.1),(3,'salade',0.8),(4,'tomate',0.3),(5,'cornichons',0.2),(6,'fromage',0.4),(7,'poulet',1),(8,'panure',0.3),(9,'sauce',0.1),(10,'patates',0.1),(11,'huile',3),(12,'vinaigrette',1.5),(13,'croutons',0.1),(14,'glace',0.9),(15,'caramel',0.5),(16,'coulis',0.6);
/*!40000 ALTER TABLE `Ingredients` ENABLE KEYS */;
UNLOCK TABLES;

--
-- Table structure for table `Items`
--

DROP TABLE IF EXISTS `Items`;
/*!40101 SET @saved_cs_client     = @@character_set_client */;
/*!40101 SET character_set_client = utf8 */;
CREATE TABLE `Items` (
  `id` int(11) NOT NULL AUTO_INCREMENT,
  `nom` varchar(255) NOT NULL,
  `type_item` enum('plat','boisson','dessert','menu') NOT NULL,
  `taille_boisson` enum('S','M','L') DEFAULT NULL,
  `prix` double NOT NULL,
  PRIMARY KEY (`id`)
) ENGINE=InnoDB AUTO_INCREMENT=18 DEFAULT CHARSET=latin1;
/*!40101 SET character_set_client = @saved_cs_client */;

--
-- Dumping data for table `Items`
--

LOCK TABLES `Items` WRITE;
/*!40000 ALTER TABLE `Items` DISABLE KEYS */;
INSERT INTO `Items` VALUES (1,'Cheeseburger','plat',NULL,5),(2,'Double cheese','plat',NULL,6.5),(3,'Nuggets','plat',NULL,5.5),(4,'Frites','plat',NULL,3),(5,'Salade Ceasar','plat',NULL,7),(6,'Sunday Caramel','dessert',NULL,4),(7,'Sunday Fraise','dessert',NULL,4),(8,'Coca','boisson','S',1.5),(9,'Coca','boisson','M',2.5),(10,'Coca','boisson','L',3),(11,'Icetea','boisson','S',1.5),(12,'Icetea','boisson','M',2.5),(13,'Icetea','boisson','L',3),(14,'Menu Double','menu',NULL,8.5),(15,'Menu Nuggets','menu',NULL,7.5),(16,'Menu Frites','menu',NULL,5),(17,'Menu Salade','menu',NULL,9);
/*!40000 ALTER TABLE `Items` ENABLE KEYS */;
UNLOCK TABLES;

--
-- Table structure for table `Menus`
--

DROP TABLE IF EXISTS `Menus`;
/*!40101 SET @saved_cs_client     = @@character_set_client */;
/*!40101 SET character_set_client = utf8 */;
CREATE TABLE `Menus` (
  `id` int(11) NOT NULL,
  `plat` int(11) NOT NULL,
  `dessert` int(11) NOT NULL,
  `boisson` int(11) NOT NULL,
  PRIMARY KEY (`id`),
  KEY `Menus_fk0` (`plat`),
  KEY `Menus_fk1` (`dessert`),
  KEY `Menus_fk2` (`boisson`),
  CONSTRAINT `Menus_fk0` FOREIGN KEY (`plat`) REFERENCES `Items` (`id`) ON DELETE CASCADE,
  CONSTRAINT `Menus_fk1` FOREIGN KEY (`dessert`) REFERENCES `Items` (`id`) ON DELETE CASCADE,
  CONSTRAINT `Menus_fk2` FOREIGN KEY (`boisson`) REFERENCES `Items` (`id`) ON DELETE CASCADE
) ENGINE=InnoDB DEFAULT CHARSET=latin1;
/*!40101 SET character_set_client = @saved_cs_client */;

--
-- Dumping data for table `Menus`
--

LOCK TABLES `Menus` WRITE;
/*!40000 ALTER TABLE `Menus` DISABLE KEYS */;
INSERT INTO `Menus` VALUES (14,2,10,6),(15,3,13,6),(16,4,8,7),(17,5,12,7);
/*!40000 ALTER TABLE `Menus` ENABLE KEYS */;
UNLOCK TABLES;

--
-- Table structure for table `Orders`
--

DROP TABLE IF EXISTS `Orders`;
/*!40101 SET @saved_cs_client     = @@character_set_client */;
/*!40101 SET character_set_client = utf8 */;
CREATE TABLE `Orders` (
  `id` int(11) NOT NULL AUTO_INCREMENT,
  `vendeur_id` int(11) NOT NULL,
  `resto_id` int(11) NOT NULL,
  `date_heure` datetime DEFAULT NULL,
  `paiement` char(6) NOT NULL,
  `somme` double NOT NULL,
  PRIMARY KEY (`id`),
  KEY `Orders_fk1` (`resto_id`),
  CONSTRAINT `Orders_fk1` FOREIGN KEY (`resto_id`) REFERENCES `Restaurants` (`id`) ON DELETE CASCADE
) ENGINE=InnoDB AUTO_INCREMENT=1001 DEFAULT CHARSET=latin1;
/*!40101 SET character_set_client = @saved_cs_client */;

--
-- Dumping data for table `Orders`
--

LOCK TABLES `Orders` WRITE;
/*!40000 ALTER TABLE `Orders` DISABLE KEYS */;
INSERT INTO `Orders` VALUES (1,130,3,'2019-02-12 05:29:00','Espece',19.5),(2,28,1,'2019-05-04 01:39:00','Espece',17.5),(3,116,9,'2019-08-11 12:25:00','CB',33.5),(4,0,8,'2019-09-04 20:05:00','CB',16.5),(5,129,8,'2019-03-02 12:36:00','Espece',62),(6,62,3,'2019-05-12 04:15:00','CB',50.5),(7,0,9,'2019-02-12 07:38:00','CB',45),(8,74,1,'2019-03-05 20:18:00','Espece',10.5),(9,23,5,'2019-02-01 21:55:00','CB',24.5),(10,0,9,'2019-02-03 01:59:00','CB',31.5),(11,100,12,'2019-11-10 06:42:00','CB',13.5),(12,0,9,'2019-01-09 16:19:00','CB',59),(13,0,8,'2019-12-03 20:54:00','CB',26),(14,0,7,'2019-07-09 08:38:00','CB',9),(15,100,2,'2019-02-03 06:10:00','Espece',33),(16,69,9,'2019-03-04 01:19:00','CB',81),(17,0,4,'2019-12-10 02:32:00','CB',3),(18,0,9,'2019-12-12 09:56:00','CB',34.5),(19,8,1,'2019-07-02 11:12:00','CB',10.5),(20,46,4,'2019-01-01 18:21:00','CB',7.5),(21,0,4,'2019-05-05 05:50:00','CB',40.5),(22,25,2,'2019-01-07 05:00:00','CB',17),(23,101,6,'2019-08-07 15:17:00','CB',39.5),(24,0,8,'2019-11-06 12:43:00','CB',8.5),(25,24,6,'2019-05-12 15:17:00','Espece',14),(26,0,7,'2019-09-10 21:05:00','CB',17),(27,23,8,'2019-07-10 05:24:00','CB',53),(28,0,9,'2019-01-02 19:58:00','CB',31),(29,81,10,'2019-12-07 07:43:00','CB',4.5),(30,142,3,'2019-09-11 16:52:00','CB',15),(31,65,12,'2019-11-03 16:18:00','Espece',9),(32,97,9,'2019-02-10 18:12:00','CB',42),(33,91,12,'2019-09-04 18:25:00','CB',11.5),(34,62,8,'2019-07-07 06:01:00','CB',23),(35,37,4,'2019-08-04 23:44:00','Espece',6),(36,48,10,'2019-03-01 09:45:00','Espece',19.5),(37,142,4,'2019-05-05 04:32:00','CB',76.5),(38,60,1,'2019-09-07 03:35:00','CB',17),(39,18,11,'2019-04-02 02:33:00','CB',5.5),(40,37,11,'2019-02-01 23:45:00','CB',5),(41,0,7,'2019-11-12 12:01:00','CB',29),(42,0,4,'2019-05-08 18:16:00','CB',10.5),(43,6,5,'2019-11-06 20:55:00','CB',32.5),(44,144,7,'2019-04-06 00:54:00','Espece',67),(45,145,8,'2019-09-12 00:24:00','Espece',22.5),(46,144,8,'2019-09-02 03:23:00','Espece',65),(47,69,2,'2019-04-02 15:50:00','Espece',32),(48,23,8,'2019-09-06 17:21:00','Espece',25.5),(49,97,10,'2019-06-05 04:24:00','CB',30),(50,143,6,'2019-01-09 20:44:00','Espece',3),(51,42,3,'2019-11-12 02:53:00','CB',51),(52,18,11,'2019-10-07 19:56:00','Espece',14),(53,54,1,'2019-07-05 01:54:00','Espece',21),(54,93,4,'2019-12-04 19:39:00','Espece',50),(55,81,10,'2019-11-06 11:34:00','CB',22.5),(56,80,8,'2019-03-08 20:52:00','CB',19.5),(57,0,8,'2019-07-12 16:33:00','CB',8),(58,0,5,'2019-11-04 12:28:00','CB',10),(59,134,4,'2019-03-05 12:38:00','CB',51.5),(60,0,12,'2019-07-11 04:38:00','CB',19),(61,93,4,'2019-01-02 00:43:00','CB',49.5),(62,48,4,'2019-07-07 01:32:00','CB',81),(63,0,4,'2019-03-07 17:04:00','CB',10.5),(64,0,5,'2019-05-01 12:17:00','CB',33.5),(65,128,4,'2019-05-03 21:11:00','Espece',57.5),(66,62,11,'2019-10-05 12:00:00','Espece',2.5),(67,95,5,'2019-11-03 07:38:00','CB',59.5),(68,139,11,'2019-01-05 07:45:00','Espece',49),(69,7,8,'2019-02-06 19:52:00','Espece',39),(70,6,5,'2019-03-10 14:42:00','CB',6.5),(71,65,2,'2019-06-11 10:56:00','Espece',54.5),(72,23,4,'2019-03-03 14:58:00','Espece',39.5),(73,142,3,'2019-04-01 19:31:00','CB',5),(74,80,8,'2019-08-03 16:34:00','CB',8.5),(75,80,5,'2019-12-04 21:43:00','Espece',12.5),(76,93,11,'2019-11-01 06:17:00','CB',37),(77,121,1,'2019-10-05 02:26:00','CB',20),(78,37,5,'2019-03-10 13:17:00','CB',35),(79,0,12,'2019-04-07 02:28:00','CB',54),(80,143,11,'2019-07-03 13:47:00','Espece',12),(81,0,4,'2019-01-03 06:02:00','CB',8),(82,113,6,'2019-08-09 09:57:00','CB',29.5),(83,97,5,'2019-01-06 12:08:00','CB',7.5),(84,129,9,'2019-10-11 04:26:00','Espece',27),(85,129,5,'2019-12-05 09:04:00','CB',25),(86,0,9,'2019-01-05 02:34:00','CB',37.5),(87,0,5,'2019-11-05 22:05:00','CB',19.5),(88,50,9,'2019-09-10 10:28:00','CB',16.5),(89,35,6,'2019-10-04 16:30:00','Espece',51.5),(90,42,8,'2019-05-08 03:38:00','Espece',49.5),(91,42,3,'2019-04-02 23:52:00','CB',18.5),(92,0,8,'2019-10-07 11:22:00','CB',15.5),(93,132,10,'2019-06-03 11:35:00','Espece',19.5),(94,34,7,'2019-05-12 04:28:00','Espece',18),(95,31,5,'2019-11-02 07:24:00','CB',1.5),(96,0,8,'2019-06-10 05:50:00','CB',36),(97,33,10,'2019-12-11 19:15:00','CB',14),(98,0,4,'2019-06-11 14:35:00','CB',8),(99,0,5,'2019-10-01 01:33:00','CB',15),(100,8,4,'2019-12-03 02:20:00','Espece',24),(101,0,5,'2019-09-05 14:22:00','CB',12),(102,90,11,'2019-10-09 23:13:00','Espece',41),(103,81,10,'2019-06-10 08:12:00','Espece',33),(104,8,10,'2019-03-01 07:50:00','CB',5),(105,0,7,'2019-11-12 19:20:00','CB',36.5),(106,123,5,'2019-10-06 02:58:00','Espece',12.5),(107,34,7,'2019-02-03 11:33:00','CB',13),(108,60,12,'2019-06-06 14:45:00','Espece',17),(109,18,2,'2019-02-09 05:44:00','Espece',5),(110,0,7,'2019-12-02 17:41:00','CB',33),(111,80,6,'2019-02-11 05:03:00','Espece',10.5),(112,91,3,'2019-04-12 17:23:00','Espece',23.5),(113,0,4,'2019-07-07 09:58:00','CB',16),(114,18,12,'2019-09-02 07:11:00','CB',42.5),(115,0,12,'2019-11-06 23:58:00','CB',23.5),(116,142,8,'2019-10-08 03:36:00','Espece',36),(117,34,10,'2019-07-05 15:35:00','Espece',36),(118,134,8,'2019-09-02 06:24:00','Espece',38),(119,8,10,'2019-03-10 10:40:00','Espece',41),(120,35,1,'2019-11-05 05:57:00','Espece',4),(121,0,5,'2019-07-07 03:18:00','CB',77),(122,63,1,'2019-10-06 03:41:00','CB',38.5),(123,46,8,'2019-11-09 07:07:00','Espece',42.5),(124,124,6,'2019-10-02 07:10:00','CB',82.5),(125,0,8,'2019-05-11 11:08:00','CB',66),(126,113,2,'2019-09-11 05:52:00','Espece',61.5),(127,143,11,'2019-07-09 00:57:00','CB',42.5),(128,48,4,'2019-08-04 11:01:00','CB',60),(129,0,7,'2019-05-04 16:17:00','CB',40.5),(130,88,8,'2019-01-01 15:04:00','CB',22),(131,50,8,'2019-01-07 19:07:00','Espece',51),(132,69,1,'2019-09-01 01:54:00','CB',10),(133,18,4,'2019-02-10 21:26:00','CB',28.5),(134,79,8,'2019-07-12 02:28:00','Espece',17),(135,0,5,'2019-12-10 12:36:00','CB',62.5),(136,59,12,'2019-03-03 03:21:00','Espece',32.5),(137,113,11,'2019-01-03 12:24:00','Espece',25.5),(138,18,7,'2019-06-06 03:38:00','CB',28),(139,132,3,'2019-06-03 00:23:00','Espece',10),(140,128,12,'2019-11-08 08:16:00','CB',36.5),(141,79,2,'2019-03-02 07:20:00','Espece',29.5),(142,79,7,'2019-02-03 16:37:00','Espece',13.5),(143,37,9,'2019-11-09 08:30:00','Espece',24),(144,0,9,'2019-10-06 10:19:00','CB',21),(145,0,4,'2019-03-11 18:25:00','CB',19.5),(146,24,11,'2019-07-11 09:48:00','Espece',48.5),(147,0,7,'2019-10-11 10:37:00','CB',30),(148,69,6,'2019-08-05 14:02:00','CB',41.5),(149,33,2,'2019-08-06 01:53:00','Espece',39),(150,93,12,'2019-08-08 18:49:00','CB',25.5),(151,59,2,'2019-11-08 03:56:00','Espece',21),(152,24,10,'2019-01-10 01:42:00','Espece',26),(153,0,4,'2019-07-09 03:01:00','CB',14),(154,28,2,'2019-11-04 06:33:00','Espece',38),(155,34,6,'2019-09-01 10:57:00','CB',37.5),(156,144,3,'2019-08-03 00:54:00','CB',5),(157,143,7,'2019-10-03 09:50:00','CB',25.5),(158,121,4,'2019-09-09 11:46:00','CB',31),(159,25,11,'2019-10-01 07:50:00','Espece',50.5),(160,0,7,'2019-11-05 21:50:00','CB',30),(161,0,12,'2019-11-01 06:05:00','CB',41.5),(162,35,4,'2019-11-12 17:47:00','Espece',17.5),(163,0,12,'2019-06-12 11:58:00','CB',43.5),(164,113,10,'2019-02-02 19:19:00','CB',52.5),(165,50,10,'2019-08-12 16:51:00','CB',32),(166,121,9,'2019-09-10 13:01:00','CB',5),(167,134,10,'2019-04-11 00:05:00','Espece',17),(168,10,10,'2019-12-06 03:38:00','CB',58.5),(169,65,10,'2019-02-11 17:55:00','CB',6.5),(170,51,1,'2019-05-12 12:27:00','Espece',28.5),(171,0,5,'2019-09-04 07:19:00','CB',4.5),(172,142,4,'2019-08-08 16:34:00','CB',6),(173,18,2,'2019-05-08 00:05:00','CB',23),(174,41,9,'2019-08-11 01:49:00','CB',23),(175,100,5,'2019-04-11 04:56:00','Espece',5.5),(176,48,3,'2019-03-12 07:38:00','Espece',61.5),(177,91,3,'2019-05-08 20:56:00','Espece',41.5),(178,129,3,'2019-06-06 10:01:00','Espece',16.5),(179,104,3,'2019-08-07 20:49:00','CB',67),(180,100,10,'2019-05-12 13:03:00','CB',16.5),(181,128,11,'2019-07-04 23:23:00','Espece',70.5),(182,54,12,'2019-10-11 23:14:00','Espece',27),(183,130,2,'2019-01-10 02:14:00','Espece',5),(184,0,7,'2019-06-02 23:02:00','CB',19.5),(185,142,12,'2019-07-01 07:28:00','CB',43.5),(186,0,4,'2019-08-05 16:29:00','CB',9),(187,100,3,'2019-11-03 17:37:00','Espece',46.5),(188,0,5,'2019-10-09 00:42:00','CB',35),(189,10,11,'2019-05-11 02:19:00','Espece',27.5),(190,0,9,'2019-02-01 15:05:00','CB',13.5),(191,25,6,'2019-10-10 07:35:00','Espece',25.5),(192,128,5,'2019-09-11 16:03:00','Espece',44),(193,37,9,'2019-11-04 14:01:00','Espece',73),(194,139,4,'2019-08-08 22:51:00','CB',19.5),(195,116,2,'2019-10-10 20:47:00','CB',68.5),(196,128,6,'2019-09-10 18:16:00','CB',2.5),(197,0,8,'2019-01-11 08:56:00','CB',9),(198,69,4,'2019-10-09 21:25:00','Espece',9),(199,42,3,'2019-02-08 21:19:00','Espece',22.5),(200,121,8,'2019-05-02 12:41:00','Espece',63),(201,23,12,'2019-11-06 09:10:00','Espece',15),(202,79,6,'2019-04-12 20:16:00','Espece',63.5),(203,50,2,'2019-04-12 07:07:00','Espece',34),(204,146,7,'2019-09-11 13:13:00','CB',15),(205,143,10,'2019-01-09 13:42:00','Espece',3),(206,0,9,'2019-02-01 22:57:00','CB',57),(207,0,4,'2019-02-04 22:16:00','CB',56.5),(208,39,1,'2019-11-08 13:33:00','CB',48),(209,132,6,'2019-04-02 03:16:00','Espece',9.5),(210,39,5,'2019-07-07 20:22:00','Espece',19),(211,65,9,'2019-10-07 19:13:00','Espece',19.5),(212,88,7,'2019-02-08 11:50:00','CB',45),(213,139,3,'2019-02-10 03:40:00','CB',25.5),(214,91,6,'2019-04-11 19:58:00','Espece',12.5),(215,38,5,'2019-12-11 18:34:00','CB',41),(216,104,3,'2019-04-10 13:55:00','Espece',25),(217,0,7,'2019-10-06 09:23:00','CB',33),(218,128,12,'2019-11-07 00:39:00','CB',22.5),(219,23,12,'2019-12-07 23:46:00','CB',22.5),(220,0,5,'2019-10-10 04:59:00','CB',35),(221,39,1,'2019-04-01 17:26:00','CB',32),(222,0,4,'2019-09-11 21:33:00','CB',54.5),(223,2,5,'2019-11-10 10:57:00','Espece',12),(224,129,1,'2019-11-02 04:20:00','CB',43),(225,0,12,'2019-04-12 09:24:00','CB',42.5),(226,0,4,'2019-02-09 23:25:00','CB',16.5),(227,129,5,'2019-05-01 21:36:00','CB',11),(228,142,11,'2019-09-04 14:45:00','CB',6.5),(229,42,12,'2019-07-01 17:44:00','CB',9),(230,143,10,'2019-08-05 19:54:00','Espece',76.5),(231,10,3,'2019-09-05 12:37:00','Espece',59.5),(232,124,3,'2019-12-05 07:44:00','Espece',72.5),(233,0,8,'2019-03-10 19:23:00','CB',17),(234,107,4,'2019-03-11 09:48:00','CB',27),(235,8,11,'2019-09-09 00:16:00','CB',15),(236,50,1,'2019-06-05 10:48:00','Espece',57.5),(237,39,12,'2019-03-04 21:54:00','CB',30.5),(238,145,12,'2019-03-08 19:18:00','CB',37),(239,0,5,'2019-08-11 11:58:00','CB',55),(240,134,9,'2019-07-11 19:41:00','Espece',29.5),(241,18,1,'2019-10-01 20:57:00','Espece',31),(242,116,6,'2019-08-05 15:30:00','CB',36),(243,0,7,'2019-01-02 02:55:00','CB',19.5),(244,37,1,'2019-12-03 13:36:00','Espece',16),(245,10,2,'2019-11-11 19:23:00','Espece',63.5),(246,0,7,'2019-12-05 01:29:00','CB',42),(247,0,9,'2019-03-10 10:23:00','CB',34.5),(248,0,7,'2019-06-10 03:21:00','CB',26),(249,0,7,'2019-01-04 15:42:00','CB',34.5),(250,59,4,'2019-04-03 13:16:00','Espece',21.5),(251,10,6,'2019-01-10 18:51:00','CB',41.5),(252,95,11,'2019-08-09 09:41:00','CB',46.5),(253,93,1,'2019-02-06 12:21:00','CB',4.5),(254,0,7,'2019-08-12 05:03:00','CB',40.5),(255,63,3,'2019-09-04 17:30:00','Espece',79),(256,134,6,'2019-08-09 18:33:00','Espece',31.5),(257,8,9,'2019-10-01 14:32:00','Espece',35.5),(258,53,11,'2019-12-08 15:21:00','CB',7.5),(259,103,1,'2019-07-11 05:59:00','CB',35),(260,144,4,'2019-10-05 16:35:00','CB',12),(261,0,8,'2019-10-10 22:24:00','CB',55.5),(262,24,1,'2019-01-12 17:48:00','CB',39),(263,24,7,'2019-05-06 08:19:00','Espece',28),(264,0,5,'2019-05-01 22:10:00','CB',46.5),(265,8,4,'2019-03-01 10:42:00','CB',17.5),(266,0,4,'2019-06-02 09:43:00','CB',3),(267,34,11,'2019-11-06 09:03:00','CB',28.5),(268,100,9,'2019-09-04 03:05:00','CB',39),(269,31,9,'2019-05-06 18:39:00','CB',29.5),(270,35,1,'2019-06-12 13:14:00','Espece',29),(271,28,4,'2019-03-11 19:14:00','CB',8),(272,130,4,'2019-03-07 08:39:00','CB',38),(273,23,6,'2019-02-01 21:03:00','Espece',15),(274,144,9,'2019-12-04 17:07:00','CB',4.5),(275,0,5,'2019-11-10 12:53:00','CB',11),(276,74,5,'2019-03-04 05:40:00','CB',4.5),(277,139,5,'2019-03-06 08:42:00','CB',5),(278,6,3,'2019-10-08 08:39:00','Espece',27),(279,0,7,'2019-05-11 03:37:00','CB',7.5),(280,48,11,'2019-03-03 10:41:00','Espece',43),(281,42,6,'2019-07-08 03:09:00','CB',40),(282,134,9,'2019-02-01 19:18:00','Espece',38.5),(283,50,12,'2019-02-01 00:54:00','Espece',38.5),(284,69,9,'2019-03-02 19:02:00','CB',19.5),(285,18,11,'2019-04-03 23:58:00','CB',34.5),(286,0,9,'2019-11-04 05:12:00','CB',18.5),(287,7,12,'2019-04-06 01:50:00','Espece',54),(288,0,5,'2019-08-11 10:49:00','CB',15.5),(289,0,12,'2019-09-06 08:30:00','CB',9),(290,0,12,'2019-12-12 02:55:00','CB',38),(291,18,2,'2019-12-04 15:20:00','CB',5.5),(292,0,7,'2019-03-04 04:35:00','CB',21),(293,0,5,'2019-07-02 16:40:00','CB',53.5),(294,18,10,'2019-03-08 17:31:00','CB',46),(295,142,10,'2019-05-12 14:17:00','Espece',5),(296,91,7,'2019-06-12 23:51:00','Espece',27.5),(297,31,9,'2019-11-09 15:54:00','Espece',58.5),(298,50,3,'2019-07-12 14:35:00','CB',4),(299,0,4,'2019-03-11 22:56:00','CB',23.5),(300,38,2,'2019-03-07 06:57:00','Espece',36.5),(301,0,5,'2019-03-12 00:40:00','CB',30.5),(302,0,7,'2019-06-08 18:16:00','CB',25),(303,35,8,'2019-06-03 01:18:00','CB',47.5),(304,0,5,'2019-02-02 16:59:00','CB',50),(305,88,12,'2019-11-07 16:58:00','Espece',41),(306,25,12,'2019-10-03 19:00:00','CB',39),(307,80,10,'2019-03-06 18:22:00','CB',42),(308,103,4,'2019-12-05 14:20:00','Espece',8),(309,50,3,'2019-08-10 21:18:00','CB',78.5),(310,74,9,'2019-12-03 03:21:00','CB',46.5),(311,81,8,'2019-01-11 19:04:00','CB',8),(312,0,12,'2019-09-10 15:13:00','CB',33),(313,100,6,'2019-08-01 11:58:00','CB',56),(314,113,5,'2019-11-12 00:28:00','Espece',54),(315,0,7,'2019-11-12 15:30:00','CB',20.5),(316,0,8,'2019-03-07 01:33:00','CB',61),(317,41,3,'2019-06-04 23:29:00','CB',7.5),(318,0,9,'2019-08-03 03:40:00','CB',15),(319,31,6,'2019-01-10 21:06:00','CB',7.5),(320,60,7,'2019-10-07 21:34:00','CB',26.5),(321,33,11,'2019-06-04 17:41:00','Espece',51),(322,6,11,'2019-09-02 02:04:00','Espece',26.5),(323,53,4,'2019-05-08 13:52:00','CB',32),(324,113,9,'2019-11-07 23:34:00','CB',25),(325,35,5,'2019-05-06 21:10:00','CB',44),(326,74,4,'2019-05-09 09:22:00','Espece',23),(327,130,5,'2019-08-06 09:07:00','CB',39.5),(328,143,5,'2019-03-08 12:53:00','CB',65),(329,0,4,'2019-12-12 07:35:00','CB',29),(330,46,6,'2019-03-04 22:29:00','Espece',67.5),(331,121,10,'2019-02-05 21:46:00','CB',38),(332,97,9,'2019-03-10 15:26:00','Espece',8),(333,103,3,'2019-12-09 19:36:00','CB',9.5),(334,48,8,'2019-03-03 22:34:00','CB',71),(335,10,11,'2019-12-09 13:42:00','Espece',26),(336,54,5,'2019-06-05 14:57:00','Espece',47),(337,65,5,'2019-03-12 21:40:00','Espece',39),(338,0,12,'2019-02-01 14:01:00','CB',31),(339,132,5,'2019-12-10 18:50:00','CB',29.5),(340,128,7,'2019-08-11 07:55:00','CB',21),(341,8,8,'2019-04-06 16:46:00','CB',10),(342,48,4,'2019-01-10 18:46:00','Espece',22.5),(343,50,12,'2019-11-07 06:10:00','CB',68),(344,0,5,'2019-09-08 08:53:00','CB',7),(345,34,9,'2019-07-03 20:21:00','Espece',19.5),(346,103,9,'2019-12-12 22:23:00','CB',6),(347,90,10,'2019-06-04 15:34:00','CB',13),(348,62,6,'2019-04-07 15:46:00','Espece',43.5),(349,74,9,'2019-03-09 03:53:00','Espece',53),(350,35,6,'2019-12-10 17:24:00','CB',18),(351,62,2,'2019-01-11 16:50:00','CB',2.5),(352,63,12,'2019-09-06 02:09:00','CB',6),(353,0,7,'2019-06-06 02:57:00','CB',19.5),(354,0,7,'2019-06-11 02:13:00','CB',48.5),(355,62,6,'2019-04-11 21:31:00','Espece',4.5),(356,0,9,'2019-07-07 11:30:00','CB',40.5),(357,139,1,'2019-12-05 06:44:00','CB',35.5),(358,0,9,'2019-01-07 09:45:00','CB',13),(359,0,8,'2019-09-03 00:57:00','CB',44),(360,54,7,'2019-09-11 06:22:00','CB',43.5),(361,41,9,'2019-09-03 04:33:00','CB',32.5),(362,31,8,'2019-02-11 02:38:00','CB',5),(363,79,4,'2019-10-07 19:41:00','CB',47.5),(364,51,6,'2019-02-10 00:39:00','Espece',53),(365,81,3,'2019-08-01 18:17:00','CB',48.5),(366,146,9,'2019-12-09 18:56:00','CB',29),(367,0,9,'2019-01-07 21:21:00','CB',17.5),(368,33,12,'2019-04-10 22:32:00','CB',17),(369,6,3,'2019-10-04 10:55:00','Espece',71.5),(370,23,10,'2019-07-08 21:51:00','Espece',42),(371,0,9,'2019-08-01 10:50:00','CB',31.5),(372,60,1,'2019-03-09 06:05:00','Espece',35.5),(373,100,6,'2019-10-12 13:15:00','Espece',15.5),(374,0,8,'2019-07-10 15:53:00','CB',53),(375,110,7,'2019-06-12 00:40:00','Espece',23),(376,88,3,'2019-06-03 00:19:00','CB',1.5),(377,23,11,'2019-02-05 13:00:00','Espece',42),(378,144,6,'2019-05-08 15:39:00','Espece',22.5),(379,0,9,'2019-04-08 06:47:00','CB',54),(380,95,3,'2019-01-10 22:40:00','CB',19),(381,0,12,'2019-08-05 02:25:00','CB',28),(382,0,7,'2019-09-03 01:13:00','CB',42.5),(383,0,4,'2019-05-01 04:21:00','CB',22.5),(384,2,6,'2019-09-11 00:32:00','CB',32),(385,34,9,'2019-06-07 03:35:00','CB',68.5),(386,146,5,'2019-11-02 15:34:00','CB',80),(387,51,5,'2019-05-12 08:32:00','Espece',48.5),(388,39,1,'2019-08-06 21:58:00','Espece',32.5),(389,90,12,'2019-04-08 00:31:00','CB',44.5),(390,0,8,'2019-10-12 04:26:00','CB',20.5),(391,34,10,'2019-02-09 13:47:00','CB',25),(392,41,4,'2019-08-11 22:34:00','CB',23.5),(393,48,3,'2019-04-10 08:19:00','CB',24.5),(394,110,5,'2019-08-10 01:17:00','Espece',56),(395,107,7,'2019-11-10 16:05:00','CB',15),(396,0,5,'2019-07-02 15:19:00','CB',40.5),(397,24,8,'2019-05-05 00:35:00','Espece',40),(398,51,2,'2019-07-01 02:27:00','Espece',66),(399,0,5,'2019-01-03 23:48:00','CB',47.5),(400,93,10,'2019-06-07 21:43:00','Espece',13.5),(401,104,7,'2019-01-09 07:56:00','CB',47.5),(402,7,9,'2019-12-07 12:18:00','CB',39.5),(403,145,7,'2019-02-03 10:14:00','Espece',18),(404,38,10,'2019-05-10 11:11:00','Espece',43.5),(405,0,8,'2019-10-02 05:04:00','CB',3),(406,8,11,'2019-07-08 19:55:00','CB',14.5),(407,38,12,'2019-06-04 09:26:00','CB',10),(408,128,1,'2019-08-02 12:50:00','Espece',41),(409,90,9,'2019-02-06 14:22:00','Espece',28.5),(410,2,9,'2019-11-07 13:28:00','CB',63),(411,59,1,'2019-06-07 15:29:00','Espece',66),(412,74,4,'2019-02-03 12:23:00','CB',5),(413,0,4,'2019-10-02 16:18:00','CB',24.5),(414,145,7,'2019-10-07 20:38:00','CB',31.5),(415,46,9,'2019-03-04 19:36:00','Espece',15),(416,110,3,'2019-09-05 23:15:00','CB',50),(417,65,10,'2019-04-08 09:43:00','CB',70),(418,0,12,'2019-03-03 08:16:00','CB',12),(419,2,10,'2019-12-11 17:09:00','CB',25),(420,0,4,'2019-08-01 05:03:00','CB',68),(421,90,5,'2019-04-07 09:01:00','Espece',41.5),(422,0,9,'2019-10-09 06:57:00','CB',54),(423,79,8,'2019-11-12 12:30:00','Espece',2.5),(424,37,3,'2019-02-02 11:10:00','CB',30),(425,41,1,'2019-04-08 08:54:00','CB',6),(426,124,4,'2019-01-10 22:45:00','CB',36),(427,93,10,'2019-12-12 18:14:00','Espece',46.5),(428,0,8,'2019-07-06 01:39:00','CB',17),(429,2,12,'2019-09-03 19:04:00','Espece',12.5),(430,100,1,'2019-06-07 15:24:00','Espece',11),(431,38,11,'2019-06-09 18:48:00','Espece',32.5),(432,104,3,'2019-07-01 22:28:00','Espece',28.5),(433,0,4,'2019-04-05 19:17:00','CB',43),(434,0,4,'2019-08-01 22:56:00','CB',27),(435,142,4,'2019-01-09 02:10:00','CB',45),(436,35,7,'2019-02-04 03:40:00','Espece',58.5),(437,128,7,'2019-07-03 00:00:00','Espece',36),(438,8,2,'2019-10-07 13:42:00','Espece',65),(439,24,6,'2019-03-06 04:23:00','Espece',53.5),(440,129,9,'2019-01-10 00:21:00','Espece',62),(441,0,9,'2019-09-02 04:47:00','CB',35.5),(442,53,6,'2019-05-03 14:57:00','CB',45.5),(443,0,5,'2019-06-06 05:29:00','CB',25.5),(444,0,9,'2019-03-10 20:03:00','CB',13),(445,142,4,'2019-03-06 15:14:00','CB',47),(446,90,2,'2019-08-05 19:01:00','Espece',56.5),(447,0,7,'2019-06-02 14:25:00','CB',5),(448,0,5,'2019-11-05 08:57:00','CB',66),(449,139,12,'2019-05-08 06:19:00','CB',24),(450,0,8,'2019-11-03 04:14:00','CB',76.5),(451,0,5,'2019-08-01 03:21:00','CB',37),(452,121,7,'2019-05-08 01:06:00','CB',17),(453,113,10,'2019-11-01 16:20:00','CB',53),(454,145,3,'2019-03-08 12:54:00','CB',18),(455,103,7,'2019-03-12 21:08:00','CB',24),(456,144,5,'2019-07-01 22:41:00','Espece',63.5),(457,8,11,'2019-08-10 17:39:00','Espece',36),(458,0,4,'2019-01-07 06:29:00','CB',63.5),(459,143,7,'2019-04-07 13:21:00','Espece',48),(460,0,7,'2019-02-11 18:43:00','CB',25),(461,65,5,'2019-02-12 03:31:00','CB',18),(462,142,10,'2019-09-05 09:21:00','CB',40),(463,6,8,'2019-12-10 07:35:00','CB',58.5),(464,143,4,'2019-09-08 17:33:00','CB',70),(465,0,9,'2019-09-08 15:59:00','CB',52.5),(466,65,10,'2019-05-05 17:59:00','CB',7),(467,79,3,'2019-07-01 12:35:00','CB',36),(468,0,8,'2019-04-08 19:59:00','CB',12),(469,0,7,'2019-08-09 22:55:00','CB',37),(470,18,5,'2019-12-07 11:44:00','Espece',1.5),(471,134,6,'2019-11-06 09:27:00','Espece',47.5),(472,50,2,'2019-03-04 18:47:00','Espece',10),(473,28,5,'2019-08-02 18:07:00','CB',5),(474,34,9,'2019-11-11 14:46:00','CB',31.5),(475,0,9,'2019-11-08 05:01:00','CB',49),(476,0,5,'2019-04-09 15:45:00','CB',50),(477,88,10,'2019-01-11 23:31:00','CB',26.5),(478,0,12,'2019-12-02 06:30:00','CB',60.5),(479,23,12,'2019-10-10 01:29:00','CB',19.5),(480,34,4,'2019-02-03 13:08:00','Espece',7),(481,0,9,'2019-03-04 17:03:00','CB',57),(482,80,1,'2019-04-01 09:07:00','CB',14),(483,54,1,'2019-12-10 16:19:00','CB',4),(484,0,4,'2019-10-11 21:05:00','CB',44),(485,0,7,'2019-02-08 08:08:00','CB',66),(486,24,5,'2019-04-02 14:24:00','CB',53),(487,90,11,'2019-03-02 12:41:00','CB',27.5),(488,51,11,'2019-10-11 06:37:00','CB',2.5),(489,0,12,'2019-01-11 03:36:00','CB',30),(490,116,12,'2019-11-02 22:14:00','CB',40.5),(491,46,4,'2019-08-11 00:27:00','CB',65.5),(492,124,10,'2019-07-05 16:21:00','CB',38),(493,0,9,'2019-05-05 19:59:00','CB',3),(494,62,8,'2019-03-02 07:34:00','Espece',39),(495,59,10,'2019-06-07 17:02:00','Espece',3),(496,91,10,'2019-10-04 00:42:00','CB',46.5),(497,35,7,'2019-12-05 17:36:00','Espece',44),(498,81,2,'2019-10-03 03:23:00','Espece',35),(499,107,2,'2019-01-11 00:44:00','CB',11),(500,104,12,'2019-02-08 13:20:00','Espece',29.5),(501,0,4,'2019-01-04 11:56:00','CB',37),(502,132,12,'2019-12-01 05:48:00','Espece',17),(503,53,9,'2019-12-03 23:00:00','Espece',37.5),(504,7,9,'2019-08-01 22:07:00','CB',27),(505,65,11,'2019-02-07 09:16:00','CB',52),(506,103,5,'2019-11-07 05:43:00','Espece',40.5),(507,132,8,'2019-06-11 09:41:00','CB',37.5),(508,74,9,'2019-06-06 07:34:00','CB',55.5),(509,0,8,'2019-10-05 00:47:00','CB',37),(510,139,1,'2019-12-02 16:11:00','Espece',24.5),(511,0,8,'2019-01-09 01:31:00','CB',31),(512,116,8,'2019-06-11 19:46:00','CB',22),(513,95,10,'2019-05-07 13:41:00','CB',32.5),(514,0,8,'2019-11-03 00:46:00','CB',13),(515,123,7,'2019-04-12 20:00:00','Espece',36.5),(516,62,2,'2019-04-05 01:02:00','Espece',38),(517,121,12,'2019-04-10 21:44:00','Espece',51.5),(518,48,6,'2019-03-04 01:20:00','Espece',24),(519,62,11,'2019-09-06 10:04:00','CB',62),(520,0,9,'2019-10-10 15:19:00','CB',8.5),(521,0,7,'2019-04-09 12:24:00','CB',48.5),(522,101,2,'2019-03-06 15:56:00','Espece',59),(523,143,5,'2019-10-04 07:30:00','Espece',25.5),(524,134,9,'2019-02-06 03:00:00','Espece',35.5),(525,42,10,'2019-03-08 00:17:00','Espece',68.5),(526,38,12,'2019-02-04 12:20:00','CB',25),(527,0,5,'2019-10-03 09:35:00','CB',10),(528,139,10,'2019-07-06 21:27:00','CB',29),(529,93,8,'2019-10-04 10:37:00','Espece',36),(530,100,1,'2019-03-04 05:57:00','CB',17),(531,53,9,'2019-12-12 21:28:00','CB',15.5),(532,90,11,'2019-12-11 22:21:00','CB',37.5),(533,2,8,'2019-07-11 15:19:00','CB',35),(534,0,4,'2019-05-08 20:58:00','CB',34.5),(535,31,9,'2019-03-10 06:57:00','CB',8.5),(536,62,6,'2019-02-11 05:16:00','Espece',10.5),(537,128,8,'2019-07-11 20:17:00','CB',27),(538,53,9,'2019-12-04 21:37:00','Espece',42.5),(539,0,9,'2019-11-04 13:55:00','CB',18),(540,107,7,'2019-11-06 05:04:00','CB',18.5),(541,90,2,'2019-07-08 16:11:00','CB',10.5),(542,38,5,'2019-05-07 15:56:00','CB',69.5),(543,0,4,'2019-05-05 20:13:00','CB',22),(544,104,9,'2019-04-01 15:01:00','CB',19.5),(545,80,1,'2019-12-04 11:54:00','CB',43),(546,46,1,'2019-11-10 16:08:00','Espece',7.5),(547,0,9,'2019-05-03 00:12:00','CB',49),(548,116,11,'2019-08-10 07:33:00','Espece',25.5),(549,121,9,'2019-11-08 02:14:00','CB',23.5),(550,25,4,'2019-06-11 20:06:00','Espece',43.5),(551,0,9,'2019-02-10 18:17:00','CB',26),(552,95,4,'2019-04-10 08:48:00','Espece',19),(553,145,7,'2019-04-01 06:53:00','CB',30),(554,101,6,'2019-04-04 09:26:00','CB',65),(555,25,2,'2019-01-12 11:08:00','Espece',25.5),(556,25,3,'2019-11-04 13:35:00','CB',55.5),(557,53,1,'2019-05-02 16:45:00','Espece',9),(558,51,12,'2019-08-08 11:30:00','Espece',48.5),(559,33,4,'2019-03-06 03:31:00','CB',31),(560,0,12,'2019-09-07 16:46:00','CB',10.5),(561,130,7,'2019-10-03 09:09:00','CB',9),(562,0,7,'2019-06-08 06:05:00','CB',11),(563,33,6,'2019-11-10 06:40:00','Espece',11),(564,60,10,'2019-10-03 22:31:00','Espece',40),(565,100,9,'2019-11-12 05:22:00','Espece',44.5),(566,0,12,'2019-03-08 05:50:00','CB',27.5),(567,60,5,'2019-09-02 07:34:00','Espece',26),(568,18,5,'2019-03-06 21:17:00','CB',31),(569,51,12,'2019-05-10 20:40:00','CB',5),(570,97,1,'2019-10-05 15:46:00','CB',1.5),(571,53,1,'2019-08-08 22:56:00','Espece',31),(572,38,3,'2019-07-05 14:40:00','CB',45.5),(573,46,5,'2019-04-04 06:20:00','Espece',40),(574,103,8,'2019-01-06 15:53:00','Espece',14.5),(575,2,5,'2019-01-01 06:35:00','Espece',22),(576,110,5,'2019-03-06 00:58:00','CB',15),(577,37,7,'2019-09-01 04:24:00','CB',51.5),(578,18,12,'2019-12-01 09:24:00','CB',38.5),(579,103,1,'2019-08-04 04:57:00','CB',33),(580,41,10,'2019-03-02 21:02:00','Espece',18),(581,128,11,'2019-11-07 10:13:00','CB',55),(582,110,9,'2019-06-07 23:24:00','CB',65),(583,101,12,'2019-04-05 00:48:00','CB',9),(584,80,7,'2019-08-08 17:12:00','CB',3),(585,51,3,'2019-12-02 09:18:00','Espece',11),(586,41,6,'2019-12-01 19:25:00','Espece',3),(587,33,7,'2019-02-07 18:46:00','CB',11.5),(588,0,8,'2019-09-06 01:45:00','CB',9),(589,128,2,'2019-12-09 06:37:00','Espece',30.5),(590,18,1,'2019-01-03 05:51:00','CB',2.5),(591,0,9,'2019-04-10 17:21:00','CB',27),(592,59,7,'2019-08-08 05:24:00','Espece',54.5),(593,38,10,'2019-07-05 16:28:00','CB',24),(594,69,12,'2019-03-06 21:57:00','CB',39),(595,0,12,'2019-06-03 19:07:00','CB',35),(596,142,3,'2019-08-08 00:45:00','CB',1.5),(597,38,7,'2019-01-09 19:36:00','Espece',47),(598,91,10,'2019-09-02 14:51:00','Espece',30),(599,18,1,'2019-01-09 05:05:00','Espece',25.5),(600,41,9,'2019-08-08 02:12:00','CB',56.5),(601,0,5,'2019-10-06 07:16:00','CB',31),(602,2,5,'2019-07-06 20:42:00','Espece',17),(603,97,12,'2019-04-06 09:33:00','CB',15),(604,10,11,'2019-10-01 06:50:00','CB',12),(605,116,6,'2019-02-06 02:04:00','CB',33.5),(606,38,6,'2019-10-12 02:33:00','Espece',46),(607,95,3,'2019-06-02 15:08:00','Espece',25.5),(608,101,5,'2019-09-08 02:17:00','CB',5),(609,28,1,'2019-03-10 20:41:00','CB',60),(610,95,2,'2019-10-07 03:01:00','CB',31),(611,0,9,'2019-06-07 06:12:00','CB',33.5),(612,79,4,'2019-09-02 14:37:00','Espece',7.5),(613,104,3,'2019-12-06 21:40:00','Espece',13),(614,59,1,'2019-10-02 01:17:00','Espece',78),(615,48,12,'2019-01-01 14:58:00','Espece',13.5),(616,0,8,'2019-06-07 00:57:00','CB',37),(617,104,7,'2019-08-09 06:55:00','Espece',53.5),(618,0,9,'2019-12-04 02:13:00','CB',3),(619,35,5,'2019-06-12 17:08:00','Espece',11),(620,0,9,'2019-10-04 05:43:00','CB',19),(621,130,12,'2019-01-07 11:07:00','CB',28.5),(622,134,12,'2019-03-04 00:25:00','CB',6.5),(623,35,7,'2019-10-09 23:28:00','Espece',33),(624,103,7,'2019-06-09 10:04:00','CB',62),(625,128,8,'2019-12-08 13:45:00','CB',1.5),(626,129,3,'2019-01-10 15:50:00','Espece',16),(627,0,8,'2019-03-11 00:59:00','CB',28.5),(628,146,3,'2019-06-05 17:06:00','CB',5),(629,0,7,'2019-06-09 03:50:00','CB',28.5),(630,0,12,'2019-11-07 11:36:00','CB',8.5),(631,0,4,'2019-12-04 06:52:00','CB',15),(632,90,5,'2019-12-03 20:38:00','CB',26),(633,31,10,'2019-07-04 23:59:00','CB',41.5),(634,0,4,'2019-01-03 13:29:00','CB',8.5),(635,116,4,'2019-09-07 10:56:00','CB',60),(636,23,7,'2019-08-04 09:21:00','CB',54),(637,101,8,'2019-03-08 00:03:00','Espece',49.5),(638,116,8,'2019-08-05 21:09:00','Espece',17),(639,65,10,'2019-01-09 20:19:00','CB',29.5),(640,0,8,'2019-11-01 19:08:00','CB',17),(641,51,2,'2019-11-11 13:51:00','Espece',12.5),(642,90,6,'2019-10-02 03:42:00','Espece',48.5),(643,97,10,'2019-07-04 06:53:00','CB',16),(644,97,12,'2019-04-09 14:35:00','Espece',3),(645,0,9,'2019-11-09 09:35:00','CB',16),(646,74,9,'2019-12-03 04:34:00','CB',39),(647,91,3,'2019-06-07 00:01:00','Espece',9),(648,129,12,'2019-04-07 18:40:00','CB',54.5),(649,65,4,'2019-01-04 10:57:00','CB',47.5),(650,139,5,'2019-06-06 04:24:00','Espece',39.5),(651,51,2,'2019-07-09 15:22:00','Espece',31.5),(652,46,1,'2019-08-03 01:28:00','CB',7.5),(653,134,11,'2019-02-01 13:57:00','Espece',22),(654,25,1,'2019-03-08 15:24:00','Espece',10.5),(655,65,1,'2019-12-04 15:21:00','CB',33),(656,110,8,'2019-06-04 00:20:00','CB',49),(657,97,6,'2019-10-02 14:40:00','Espece',2.5),(658,110,11,'2019-02-11 22:55:00','CB',6),(659,0,5,'2019-09-03 00:05:00','CB',67),(660,0,7,'2019-08-09 19:22:00','CB',32),(661,123,12,'2019-12-02 23:23:00','Espece',67),(662,2,10,'2019-04-02 01:58:00','Espece',35.5),(663,34,1,'2019-05-11 01:41:00','CB',22),(664,79,12,'2019-02-08 10:54:00','CB',46),(665,113,11,'2019-12-05 01:59:00','Espece',49),(666,33,2,'2019-09-10 16:42:00','Espece',41),(667,145,7,'2019-05-03 09:09:00','CB',34.5),(668,0,12,'2019-05-02 02:08:00','CB',36.5),(669,63,2,'2019-11-10 02:49:00','CB',56),(670,93,9,'2019-05-06 03:50:00','CB',20.5),(671,103,5,'2019-08-09 10:19:00','Espece',13),(672,39,1,'2019-12-03 03:10:00','Espece',44.5),(673,0,8,'2019-07-11 06:23:00','CB',18),(674,50,2,'2019-10-08 06:33:00','Espece',29.5),(675,41,7,'2019-07-01 16:17:00','Espece',12.5),(676,35,12,'2019-03-06 05:08:00','Espece',7.5),(677,110,3,'2019-03-12 20:22:00','Espece',44),(678,104,9,'2019-09-04 04:53:00','CB',29),(679,25,4,'2019-01-08 14:29:00','CB',53),(680,97,1,'2019-08-03 13:28:00','CB',41),(681,63,12,'2019-10-03 01:36:00','Espece',55),(682,129,1,'2019-03-05 12:49:00','CB',42),(683,128,6,'2019-08-07 21:40:00','Espece',4.5),(684,28,9,'2019-02-06 20:34:00','CB',54),(685,7,12,'2019-06-04 22:14:00','CB',22.5),(686,0,9,'2019-04-03 20:46:00','CB',40),(687,0,9,'2019-04-09 20:23:00','CB',51.5),(688,38,12,'2019-07-01 14:59:00','Espece',7),(689,132,6,'2019-05-08 09:51:00','CB',11),(690,142,12,'2019-12-12 04:53:00','CB',53),(691,0,8,'2019-08-12 09:15:00','CB',60),(692,50,11,'2019-08-01 01:15:00','CB',75.5),(693,91,1,'2019-12-11 11:05:00','CB',44),(694,0,7,'2019-11-03 21:46:00','CB',3),(695,0,4,'2019-09-12 09:46:00','CB',61.5),(696,0,8,'2019-03-12 16:12:00','CB',23),(697,0,9,'2019-07-08 05:54:00','CB',33.5),(698,34,12,'2019-12-12 07:58:00','CB',14.5),(699,91,8,'2019-12-08 06:31:00','CB',44.5),(700,0,8,'2019-08-12 09:13:00','CB',60.5),(701,121,10,'2019-06-03 12:51:00','Espece',65),(702,80,7,'2019-03-03 10:27:00','CB',64.5),(703,144,9,'2019-09-07 12:29:00','CB',13),(704,128,6,'2019-03-08 05:38:00','CB',30.5),(705,145,7,'2019-10-06 10:33:00','Espece',3),(706,91,11,'2019-03-03 18:50:00','Espece',5),(707,0,12,'2019-09-10 20:17:00','CB',36),(708,18,2,'2019-01-07 20:19:00','Espece',28.5),(709,113,5,'2019-11-01 16:58:00','CB',41),(710,116,8,'2019-11-08 23:13:00','CB',7.5),(711,65,2,'2019-11-12 23:46:00','CB',19.5),(712,110,12,'2019-07-09 14:33:00','CB',45),(713,0,8,'2019-08-02 03:22:00','CB',38),(714,91,3,'2019-12-10 10:35:00','CB',22.5),(715,91,11,'2019-07-12 12:58:00','CB',28),(716,38,7,'2019-11-03 15:02:00','Espece',47),(717,146,1,'2019-09-10 16:22:00','Espece',45),(718,42,4,'2019-12-11 17:32:00','CB',30.5),(719,95,1,'2019-03-07 05:16:00','Espece',41.5),(720,90,7,'2019-05-10 09:42:00','Espece',34),(721,35,10,'2019-11-12 05:37:00','CB',40),(722,81,4,'2019-12-09 09:27:00','Espece',27.5),(723,124,7,'2019-01-10 14:32:00','Espece',29.5),(724,142,5,'2019-05-06 01:16:00','Espece',48.5),(725,107,12,'2019-08-04 22:56:00','Espece',28.5),(726,63,7,'2019-04-02 15:22:00','Espece',63.5),(727,2,6,'2019-10-02 07:10:00','Espece',36.5),(728,139,4,'2019-06-02 07:12:00','CB',23),(729,93,8,'2019-10-09 12:03:00','Espece',23),(730,139,4,'2019-09-06 01:57:00','CB',22),(731,0,7,'2019-10-03 04:40:00','CB',20),(732,2,3,'2019-11-06 02:06:00','Espece',5),(733,0,9,'2019-11-02 16:59:00','CB',33),(734,18,7,'2019-06-11 01:50:00','Espece',55.5),(735,34,5,'2019-12-02 14:36:00','Espece',53),(736,33,2,'2019-10-07 18:07:00','CB',56.5),(737,123,1,'2019-02-02 05:33:00','Espece',34.5),(738,104,12,'2019-01-11 03:26:00','CB',27),(739,104,6,'2019-07-06 21:54:00','Espece',1.5),(740,38,11,'2019-05-05 15:58:00','Espece',29),(741,95,11,'2019-07-07 22:57:00','CB',26.5),(742,35,4,'2019-08-11 16:34:00','CB',3),(743,8,11,'2019-04-02 11:59:00','CB',12.5),(744,37,12,'2019-07-04 23:21:00','Espece',30),(745,65,2,'2019-03-05 04:35:00','CB',50),(746,24,4,'2019-08-08 11:48:00','CB',9),(747,0,4,'2019-02-04 07:20:00','CB',57),(748,42,7,'2019-09-06 07:22:00','Espece',2.5),(749,46,10,'2019-09-12 02:55:00','Espece',65),(750,35,2,'2019-09-02 23:35:00','Espece',77.5),(751,143,8,'2019-04-11 08:13:00','CB',1.5),(752,145,6,'2019-12-07 10:35:00','CB',62.5),(753,80,8,'2019-04-01 11:49:00','CB',39),(754,93,6,'2019-04-12 05:32:00','Espece',27),(755,104,11,'2019-09-05 07:05:00','Espece',28),(756,144,1,'2019-05-11 03:52:00','CB',68),(757,2,11,'2019-12-03 18:26:00','Espece',4),(758,65,6,'2019-11-02 22:13:00','Espece',37),(759,50,12,'2019-07-02 19:46:00','Espece',12),(760,0,8,'2019-11-12 20:43:00','CB',41),(761,103,8,'2019-05-03 04:19:00','Espece',58),(762,130,5,'2019-06-10 18:11:00','Espece',71.5),(763,38,4,'2019-06-01 21:54:00','Espece',47.5),(764,0,7,'2019-02-12 13:40:00','CB',21),(765,124,11,'2019-10-05 17:32:00','CB',16.5),(766,0,8,'2019-11-09 01:50:00','CB',41.5),(767,143,9,'2019-06-03 02:50:00','Espece',36.5),(768,145,6,'2019-05-03 02:36:00','Espece',54),(769,0,9,'2019-08-09 10:43:00','CB',30.5),(770,65,12,'2019-01-07 05:16:00','Espece',20.5),(771,79,12,'2019-04-01 05:13:00','Espece',45),(772,93,5,'2019-02-01 20:35:00','CB',27),(773,130,10,'2019-05-08 07:04:00','Espece',18),(774,38,6,'2019-06-04 00:30:00','CB',5),(775,42,11,'2019-01-01 22:14:00','Espece',64),(776,0,9,'2019-03-04 14:23:00','CB',9.5),(777,0,9,'2019-03-06 09:13:00','CB',21.5),(778,0,4,'2019-01-09 08:03:00','CB',37),(779,0,4,'2019-08-12 18:14:00','CB',56.5),(780,48,2,'2019-11-07 05:47:00','Espece',15),(781,79,6,'2019-03-09 15:25:00','Espece',54.5),(782,60,8,'2019-04-12 02:10:00','CB',44.5),(783,104,1,'2019-06-02 08:54:00','CB',14),(784,8,5,'2019-02-08 03:20:00','Espece',40.5),(785,0,8,'2019-09-12 03:37:00','CB',4.5),(786,0,4,'2019-03-01 07:58:00','CB',10),(787,0,4,'2019-05-08 05:01:00','CB',72.5),(788,65,4,'2019-01-01 19:01:00','CB',36.5),(789,0,5,'2019-09-12 19:22:00','CB',38),(790,53,2,'2019-06-09 00:29:00','CB',6.5),(791,0,8,'2019-08-06 22:28:00','CB',33),(792,60,5,'2019-03-09 10:30:00','Espece',58),(793,121,1,'2019-01-09 19:11:00','CB',22.5),(794,0,12,'2019-03-12 09:16:00','CB',13.5),(795,124,1,'2019-06-10 11:10:00','CB',21),(796,93,3,'2019-02-08 01:48:00','Espece',27.5),(797,146,11,'2019-03-04 12:44:00','Espece',2.5),(798,0,12,'2019-04-11 18:31:00','CB',21),(799,95,9,'2019-07-05 12:24:00','Espece',36),(800,60,4,'2019-03-03 23:23:00','CB',42),(801,62,10,'2019-09-06 11:51:00','CB',50),(802,63,11,'2019-03-09 15:31:00','CB',40),(803,95,12,'2019-01-03 10:46:00','CB',34.5),(804,0,12,'2019-05-12 21:02:00','CB',25.5),(805,128,5,'2019-02-03 18:13:00','Espece',22.5),(806,0,8,'2019-04-01 16:31:00','CB',52.5),(807,129,2,'2019-04-12 22:26:00','CB',6),(808,104,10,'2019-05-02 13:03:00','CB',78),(809,81,12,'2019-03-11 07:59:00','CB',15),(810,42,1,'2019-06-11 14:02:00','CB',67.5),(811,38,4,'2019-06-06 09:24:00','CB',27),(812,110,2,'2019-06-12 14:56:00','Espece',48),(813,60,2,'2019-06-05 11:59:00','CB',3),(814,103,7,'2019-01-01 07:51:00','Espece',38.5),(815,0,12,'2019-09-12 11:31:00','CB',43),(816,130,9,'2019-10-06 08:46:00','Espece',37),(817,143,11,'2019-02-09 03:13:00','CB',6),(818,134,9,'2019-09-03 13:18:00','Espece',4),(819,0,5,'2019-12-05 10:45:00','CB',33.5),(820,91,6,'2019-07-12 23:28:00','CB',47),(821,7,6,'2019-09-06 12:56:00','CB',18),(822,103,6,'2019-08-03 11:53:00','Espece',24),(823,143,7,'2019-06-04 12:52:00','CB',4.5),(824,124,2,'2019-07-03 06:39:00','Espece',25.5),(825,46,10,'2019-06-08 23:16:00','CB',50),(826,95,2,'2019-02-03 03:27:00','CB',9),(827,123,6,'2019-02-08 03:11:00','Espece',27.5),(828,144,4,'2019-01-03 21:43:00','CB',19.5),(829,0,9,'2019-10-05 14:52:00','CB',4),(830,54,8,'2019-08-01 19:59:00','CB',14.5),(831,110,2,'2019-10-07 08:03:00','Espece',13.5),(832,62,1,'2019-07-01 04:36:00','Espece',24.5),(833,145,11,'2019-06-05 06:32:00','Espece',15),(834,128,4,'2019-03-08 19:41:00','Espece',55.5),(835,134,1,'2019-08-03 13:22:00','CB',38),(836,104,8,'2019-11-05 15:05:00','CB',36.5),(837,37,7,'2019-12-11 20:22:00','CB',60.5),(838,104,9,'2019-07-06 18:26:00','CB',46),(839,139,10,'2019-04-03 10:34:00','Espece',12),(840,18,8,'2019-09-09 04:23:00','Espece',27),(841,0,4,'2019-01-02 22:53:00','CB',61),(842,0,8,'2019-07-08 00:06:00','CB',18),(843,143,11,'2019-04-06 19:17:00','Espece',54.5),(844,0,8,'2019-02-12 18:59:00','CB',6.5),(845,34,12,'2019-09-07 01:58:00','Espece',7.5),(846,113,2,'2019-03-06 20:06:00','CB',9),(847,91,10,'2019-07-11 15:37:00','Espece',14),(848,0,7,'2019-01-09 02:12:00','CB',34),(849,46,9,'2019-11-05 02:46:00','Espece',14.5),(850,23,8,'2019-11-06 10:30:00','CB',56),(851,54,12,'2019-10-02 23:22:00','Espece',6),(852,63,3,'2019-09-10 12:38:00','Espece',42.5),(853,0,9,'2019-08-11 16:24:00','CB',41.5),(854,0,12,'2019-09-11 18:35:00','CB',13),(855,0,9,'2019-05-10 18:06:00','CB',39.5),(856,0,5,'2019-12-07 08:15:00','CB',39.5),(857,0,4,'2019-05-02 15:52:00','CB',9),(858,142,11,'2019-03-09 20:07:00','Espece',21),(859,0,7,'2019-06-07 18:51:00','CB',41.5),(860,54,7,'2019-08-07 02:26:00','Espece',31.5),(861,128,1,'2019-04-08 23:47:00','Espece',38),(862,0,4,'2019-08-10 15:47:00','CB',46.5),(863,0,4,'2019-07-09 13:18:00','CB',10),(864,124,2,'2019-05-02 12:57:00','CB',29),(865,130,6,'2019-10-03 15:33:00','Espece',29),(866,38,12,'2019-02-08 07:15:00','CB',42.5),(867,37,4,'2019-05-07 21:06:00','Espece',75),(868,0,7,'2019-08-01 03:18:00','CB',68),(869,142,9,'2019-10-05 12:42:00','Espece',30),(870,48,1,'2019-03-07 05:33:00','Espece',8.5),(871,0,9,'2019-11-08 15:46:00','CB',34),(872,128,12,'2019-10-04 12:17:00','CB',35.5),(873,0,12,'2019-01-06 23:08:00','CB',72.5),(874,0,8,'2019-02-05 08:08:00','CB',21),(875,116,1,'2019-05-03 06:54:00','CB',4),(876,0,5,'2019-02-09 16:02:00','CB',51.5),(877,0,4,'2019-12-11 20:20:00','CB',21),(878,25,8,'2019-04-12 03:09:00','Espece',35.5),(879,34,3,'2019-11-07 15:03:00','CB',26),(880,0,12,'2019-05-04 04:33:00','CB',3),(881,0,7,'2019-05-03 20:06:00','CB',17),(882,91,4,'2019-10-01 07:54:00','Espece',67.5),(883,48,3,'2019-09-04 19:04:00','CB',47),(884,123,12,'2019-04-02 21:42:00','Espece',49.5),(885,146,5,'2019-09-07 15:28:00','Espece',4.5),(886,0,12,'2019-02-11 07:25:00','CB',36),(887,62,1,'2019-03-03 09:27:00','CB',63),(888,123,2,'2019-05-04 00:33:00','CB',40.5),(889,25,1,'2019-10-01 10:54:00','CB',22),(890,0,12,'2019-02-05 13:29:00','CB',28),(891,53,2,'2019-02-09 23:57:00','CB',15),(892,59,11,'2019-09-07 03:29:00','Espece',6),(893,88,9,'2019-06-09 16:07:00','CB',22),(894,48,5,'2019-06-05 22:13:00','CB',37.5),(895,123,7,'2019-01-10 12:35:00','Espece',38),(896,41,8,'2019-01-07 22:36:00','Espece',11.5),(897,132,7,'2019-01-11 09:46:00','Espece',26),(898,124,6,'2019-09-01 00:30:00','CB',47.5),(899,128,6,'2019-12-02 02:17:00','Espece',38.5),(900,0,5,'2019-01-09 20:51:00','CB',39),(901,146,11,'2019-11-02 03:52:00','Espece',7.5),(902,93,8,'2019-03-11 01:06:00','Espece',13),(903,143,5,'2019-04-04 14:14:00','Espece',27),(904,34,1,'2019-11-05 09:54:00','Espece',2.5),(905,24,5,'2019-12-02 19:54:00','CB',38),(906,2,12,'2019-10-04 17:15:00','CB',27),(907,110,3,'2019-07-07 18:15:00','Espece',65.5),(908,0,5,'2019-12-01 11:02:00','CB',54.5),(909,37,10,'2019-06-12 23:14:00','Espece',68),(910,91,5,'2019-10-05 14:02:00','Espece',17),(911,79,11,'2019-01-09 20:28:00','Espece',9),(912,0,9,'2019-05-06 18:27:00','CB',47),(913,74,9,'2019-10-11 13:43:00','Espece',45),(914,121,11,'2019-11-10 00:28:00','CB',37.5),(915,37,7,'2019-08-10 16:38:00','CB',28),(916,34,5,'2019-11-05 08:10:00','Espece',31),(917,93,10,'2019-09-10 09:22:00','CB',28),(918,124,10,'2019-05-08 13:05:00','CB',27),(919,80,2,'2019-08-01 16:53:00','Espece',22),(920,0,5,'2019-03-06 08:07:00','CB',34.5),(921,42,4,'2019-07-07 21:30:00','CB',38),(922,132,2,'2019-05-08 07:05:00','Espece',10),(923,74,6,'2019-12-03 08:46:00','Espece',8.5),(924,130,3,'2019-11-07 12:03:00','Espece',29),(925,0,4,'2019-01-01 12:58:00','CB',27),(926,42,9,'2019-08-06 06:03:00','Espece',43),(927,145,1,'2019-03-01 11:27:00','CB',6),(928,81,3,'2019-09-09 12:37:00','Espece',31),(929,116,10,'2019-12-05 09:34:00','CB',66),(930,25,2,'2019-05-02 13:01:00','CB',47),(931,0,7,'2019-11-11 01:12:00','CB',33.5),(932,62,3,'2019-02-04 11:22:00','CB',27),(933,0,9,'2019-09-10 13:30:00','CB',37),(934,0,7,'2019-12-07 20:42:00','CB',71),(935,42,6,'2019-05-06 10:11:00','CB',45),(936,91,2,'2019-04-12 13:00:00','Espece',16.5),(937,33,12,'2019-07-06 17:50:00','CB',34.5),(938,129,7,'2019-12-08 21:02:00','CB',28),(939,31,3,'2019-05-10 08:40:00','Espece',34),(940,0,4,'2019-06-02 02:26:00','CB',27.5),(941,0,4,'2019-08-09 03:22:00','CB',40),(942,59,1,'2019-06-08 03:21:00','CB',43.5),(943,0,8,'2019-02-01 23:36:00','CB',16.5),(944,107,6,'2019-05-09 09:35:00','Espece',43.5),(945,38,1,'2019-12-07 06:44:00','Espece',5),(946,144,2,'2019-11-01 07:17:00','CB',72),(947,54,2,'2019-11-05 02:18:00','CB',15),(948,132,2,'2019-11-12 01:06:00','Espece',82.5),(949,42,8,'2019-05-11 14:01:00','CB',14),(950,104,11,'2019-06-01 10:54:00','Espece',22.5),(951,0,5,'2019-10-07 17:38:00','CB',44),(952,41,4,'2019-01-11 21:32:00','CB',39),(953,7,10,'2019-05-03 09:09:00','Espece',6.5),(954,104,10,'2019-10-04 05:43:00','CB',24.5),(955,59,11,'2019-05-06 23:39:00','Espece',55.5),(956,129,3,'2019-08-10 01:32:00','Espece',3),(957,23,6,'2019-11-01 20:12:00','CB',37.5),(958,144,11,'2019-02-11 14:20:00','CB',45),(959,0,12,'2019-10-04 22:52:00','CB',21.5),(960,80,1,'2019-09-02 12:03:00','Espece',32),(961,95,9,'2019-07-02 21:00:00','Espece',61.5),(962,39,4,'2019-07-06 10:22:00','Espece',21.5),(963,124,9,'2019-05-09 18:32:00','Espece',21.5),(964,10,8,'2019-10-08 04:42:00','CB',1.5),(965,107,3,'2019-11-06 18:31:00','Espece',25),(966,103,6,'2019-02-07 14:47:00','CB',16),(967,79,4,'2019-07-01 17:01:00','CB',58.5),(968,121,3,'2019-02-09 08:38:00','Espece',5.5),(969,101,5,'2019-10-12 15:09:00','CB',16.5),(970,0,5,'2019-11-08 18:45:00','CB',33.5),(971,35,12,'2019-03-09 16:39:00','CB',12),(972,60,7,'2019-01-09 03:34:00','Espece',51.5),(973,0,8,'2019-10-03 17:09:00','CB',36.5),(974,0,12,'2019-02-02 19:25:00','CB',2.5),(975,6,1,'2019-12-10 06:27:00','CB',39),(976,0,12,'2019-04-04 09:00:00','CB',8.5),(977,90,1,'2019-08-11 01:11:00','Espece',30.5),(978,18,11,'2019-10-03 07:16:00','CB',53.5),(979,0,7,'2019-10-01 14:56:00','CB',15),(980,0,12,'2019-06-09 07:36:00','CB',17.5),(981,90,10,'2019-03-06 15:07:00','CB',3),(982,7,1,'2019-06-08 10:05:00','Espece',3),(983,35,1,'2019-05-11 03:00:00','CB',20),(984,128,9,'2019-11-12 23:47:00','Espece',19.5),(985,100,5,'2019-05-03 10:51:00','Espece',68),(986,0,9,'2019-02-07 17:00:00','CB',25.5),(987,103,8,'2019-10-11 00:17:00','Espece',17),(988,121,5,'2019-06-05 15:59:00','Espece',30),(989,41,11,'2019-01-01 23:05:00','Espece',34.5),(990,123,8,'2019-06-11 15:49:00','Espece',52.5),(991,2,4,'2019-04-04 22:03:00','CB',6),(992,0,12,'2019-03-12 02:28:00','CB',13),(993,18,11,'2019-04-01 17:11:00','CB',23),(994,0,5,'2019-07-03 18:23:00','CB',9.5),(995,142,11,'2019-09-02 17:21:00','Espece',12.5),(996,8,7,'2019-10-12 00:17:00','CB',32),(997,2,4,'2019-08-12 22:23:00','Espece',14),(998,31,6,'2019-10-04 12:37:00','Espece',7.5),(999,0,12,'2019-06-03 06:56:00','CB',6.5),(1000,50,11,'2019-03-11 19:56:00','CB',18.5);
/*!40000 ALTER TABLE `Orders` ENABLE KEYS */;
UNLOCK TABLES;

--
-- Table structure for table `Orders_items`
--

DROP TABLE IF EXISTS `Orders_items`;
/*!40101 SET @saved_cs_client     = @@character_set_client */;
/*!40101 SET character_set_client = utf8 */;
CREATE TABLE `Orders_items` (
  `order_id` int(11) NOT NULL,
  `item_id` int(11) NOT NULL,
  `quantite` int(11) NOT NULL,
  UNIQUE KEY `order_id` (`order_id`,`item_id`),
  KEY `Orders_items_fk1` (`item_id`),
  CONSTRAINT `Orders_items_fk0` FOREIGN KEY (`order_id`) REFERENCES `Orders` (`id`) ON DELETE CASCADE,
  CONSTRAINT `Orders_items_fk1` FOREIGN KEY (`item_id`) REFERENCES `Items` (`id`) ON DELETE CASCADE
) ENGINE=InnoDB DEFAULT CHARSET=latin1;
/*!40101 SET character_set_client = @saved_cs_client */;

--
-- Dumping data for table `Orders_items`
--

LOCK TABLES `Orders_items` WRITE;
/*!40000 ALTER TABLE `Orders_items` DISABLE KEYS */;
INSERT INTO `Orders_items` VALUES (1,3,3),(1,11,2),(2,9,3),(2,16,2),(3,2,2),(3,5,2),(3,8,1),(3,12,2),(4,3,3),(5,2,3),(5,9,2),(5,10,1),(5,11,3),(5,13,1),(5,17,3),(6,3,3),(6,4,3),(6,5,1),(6,7,2),(6,16,2),(7,2,3),(7,5,3),(7,11,3),(8,4,3),(8,11,1),(9,10,2),(9,12,2),(9,13,2),(9,15,1),(10,3,1),(10,11,3),(10,12,2),(10,13,1),(10,14,1),(10,16,1),(11,4,2),(11,12,3),(12,7,2),(12,8,3),(12,13,2),(12,14,3),(12,16,3),(13,2,3),(13,8,1),(13,9,2),(14,4,3),(15,5,1),(15,6,3),(15,7,2),(15,10,1),(15,11,2),(16,2,3),(16,5,2),(16,7,1),(16,10,3),(16,14,3),(16,17,1),(17,10,1),(18,8,2),(18,9,2),(18,11,1),(18,12,3),(18,14,1),(18,17,1),(19,3,1),(19,12,2),(20,8,1),(20,10,2),(21,14,3),(21,16,3),(22,14,2),(23,4,3),(23,12,2),(23,14,3),(24,14,1),(25,3,1),(25,9,1),(25,10,2),(26,2,1),(26,10,2),(26,11,3),(27,2,1),(27,12,1),(27,14,2),(27,17,3),(28,2,2),(28,10,1),(28,16,3),(29,8,3),(30,5,1),(30,11,2),(30,16,1),(31,4,3),(32,10,3),(32,13,3),(32,16,3),(32,17,1),(33,6,1),(33,8,1),(33,11,2),(33,13,1),(34,7,3),(34,13,2),(34,16,1),(35,13,2),(36,3,1),(36,5,1),(36,11,3),(36,12,1),(37,1,1),(37,2,1),(37,3,2),(37,5,3),(37,9,3),(37,14,3),(38,3,2),(38,8,3),(38,11,1),(39,12,1),(39,13,1),(40,9,2),(41,2,2),(41,3,2),(41,12,2),(42,10,3),(42,11,1),(43,3,1),(43,17,3),(44,1,1),(44,3,1),(44,6,3),(44,12,2),(44,14,2),(44,15,3),(45,3,2),(45,13,1),(45,14,1),(46,2,3),(46,8,1),(46,11,3),(46,14,3),(46,16,1),(46,17,1),(47,1,3),(47,14,2),(48,3,2),(48,8,3),(48,16,2),(49,5,3),(49,17,1),(50,4,1),(51,1,2),(51,4,1),(51,8,2),(51,14,2),(51,17,2),(52,9,2),(52,10,3),(53,3,3),(53,11,3),(54,5,1),(54,9,1),(54,10,2),(54,12,3),(54,14,2),(54,16,2),(55,2,3),(55,13,1),(56,2,3),(57,7,2),(58,4,1),(58,5,1),(59,2,1),(59,8,3),(59,10,2),(59,13,3),(59,14,3),(60,2,2),(60,10,2),(61,3,2),(61,7,2),(61,12,2),(61,15,1),(61,17,2),(62,2,2),(62,3,3),(62,5,3),(62,9,2),(62,15,1),(62,17,2),(63,6,1),(63,8,1),(63,12,2),(64,3,3),(64,11,2),(64,12,2),(64,17,1),(65,4,1),(65,5,2),(65,15,3),(65,17,2),(66,12,1),(67,1,1),(67,6,3),(67,8,2),(67,14,3),(67,16,1),(67,17,1),(68,4,3),(68,6,3),(68,7,3),(68,8,3),(68,12,1),(68,13,3),(69,8,1),(69,9,3),(69,11,3),(69,14,3),(70,2,1),(71,1,2),(71,3,2),(71,5,2),(71,12,3),(71,13,1),(71,17,1),(72,1,3),(72,2,1),(72,9,3),(72,11,1),(72,17,1),(73,1,1),(74,14,1),(75,3,2),(75,8,1),(76,4,3),(76,6,3),(76,8,3),(76,10,2),(76,11,2),(76,12,1),(77,9,2),(77,16,3),(78,6,2),(78,17,3),(79,4,1),(79,6,3),(79,7,1),(79,11,2),(79,14,2),(79,15,2),(80,7,3),(81,6,2),(82,1,2),(82,3,1),(82,6,2),(82,10,2),(83,15,1),(84,5,2),(84,7,2),(84,12,2),(85,1,1),(85,4,1),(85,14,2),(86,9,2),(86,13,3),(86,14,1),(86,16,3),(87,4,2),(87,5,1),(87,11,1),(87,12,2),(88,10,3),(88,12,3),(89,7,3),(89,8,3),(89,13,3),(89,14,2),(89,17,1),(90,3,3),(90,5,2),(90,8,2),(90,10,1),(90,11,3),(90,14,1),(91,7,2),(91,9,3),(91,10,1),(92,2,1),(92,10,3),(93,2,2),(93,7,1),(93,12,1),(94,17,2),(95,8,1),(96,10,3),(96,11,1),(96,12,3),(96,13,1),(96,16,3),(97,9,2),(97,10,3),(98,6,2),(99,6,1),(99,7,2),(99,11,2),(100,5,3),(100,13,1),(101,4,3),(101,10,1),(102,1,1),(102,8,2),(102,12,3),(102,13,1),(102,15,3),(103,5,2),(103,11,2),(103,13,2),(103,16,2),(104,9,2),(105,13,3),(105,15,3),(105,16,1),(106,7,1),(106,14,1),(107,7,1),(107,13,3),(108,2,1),(108,4,1),(108,12,3),(109,1,1),(110,10,2),(110,17,3),(111,4,2),(111,11,3),(112,2,2),(112,3,1),(112,12,2),(113,6,1),(113,8,3),(113,12,1),(113,16,1),(114,6,2),(114,8,2),(114,10,2),(114,14,3),(115,7,2),(115,8,1),(115,12,2),(115,13,3),(116,2,2),(116,12,2),(116,13,1),(116,16,3),(117,8,3),(117,12,3),(117,13,3),(117,16,3),(118,3,3),(118,7,1),(118,10,3),(118,14,1),(119,2,3),(119,7,2),(119,8,3),(119,13,3),(120,6,1),(121,1,2),(121,2,3),(121,7,2),(121,9,3),(121,12,2),(121,17,3),(122,1,3),(122,3,1),(122,17,2),(123,5,3),(123,8,2),(123,9,2),(123,12,2),(123,14,1),(124,1,3),(124,3,1),(124,5,2),(124,13,2),(124,15,2),(124,17,3),(125,2,3),(125,5,3),(125,14,3),(126,4,2),(126,15,3),(126,16,3),(126,17,2),(127,1,3),(127,2,3),(127,6,1),(127,7,1),(128,3,2),(128,5,3),(128,7,2),(128,15,2),(128,16,1),(129,2,2),(129,6,1),(129,14,1),(129,16,3),(130,3,1),(130,11,2),(130,12,3),(130,13,2),(131,3,1),(131,5,3),(131,7,1),(131,9,1),(131,10,3),(131,17,1),(132,7,1),(132,13,2),(133,7,3),(133,8,3),(133,10,1),(133,17,1),(134,10,1),(134,11,1),(134,12,3),(134,16,1),(135,1,1),(135,3,2),(135,4,1),(135,8,2),(135,15,3),(135,17,2),(136,6,1),(136,8,1),(136,9,1),(136,14,2),(136,15,1),(137,8,1),(137,9,3),(137,10,3),(137,12,3),(138,1,2),(138,5,1),(138,7,2),(138,8,2),(139,1,1),(139,16,1),(140,6,2),(140,7,3),(140,11,2),(140,12,3),(140,13,2),(141,1,1),(141,5,2),(141,12,1),(141,13,1),(141,16,1),(142,10,2),(142,12,3),(143,3,3),(143,9,3),(144,10,2),(144,16,3),(145,2,1),(145,8,1),(145,10,1),(145,12,1),(145,13,2),(146,1,2),(146,2,3),(146,4,2),(146,7,1),(146,8,3),(146,11,3),(147,4,3),(147,5,3),(148,2,1),(148,8,3),(148,9,3),(148,11,2),(148,15,2),(148,16,1),(149,6,1),(149,9,1),(149,10,2),(149,15,1),(149,16,2),(149,17,1),(150,7,1),(150,8,2),(150,10,1),(150,11,1),(150,12,2),(150,13,3),(151,1,3),(151,13,2),(152,9,2),(152,11,1),(152,12,1),(152,14,2),(153,1,1),(153,10,3),(154,4,3),(154,5,1),(154,7,1),(154,10,1),(154,15,2),(155,9,2),(155,10,2),(155,14,1),(155,17,2),(156,9,2),(157,14,3),(158,1,1),(158,13,3),(158,14,2),(159,4,2),(159,6,1),(159,14,3),(159,15,2),(160,6,2),(160,12,2),(160,14,2),(161,2,3),(161,6,1),(161,10,3),(161,13,3),(162,1,2),(162,8,1),(162,10,2),(163,1,1),(163,4,2),(163,7,2),(163,12,3),(163,14,2),(164,8,1),(164,9,1),(164,14,3),(164,16,1),(164,17,2),(165,2,2),(165,3,3),(165,12,1),(166,12,2),(167,8,3),(167,9,2),(167,12,3),(168,2,1),(168,8,2),(168,9,1),(168,10,1),(168,14,3),(168,17,2),(169,2,1),(170,10,2),(170,15,3),(171,11,3),(172,4,2),(173,7,1),(173,10,2),(173,13,1),(173,16,2),(174,7,2),(174,8,1),(174,10,3),(174,11,3),(175,3,1),(176,2,1),(176,3,3),(176,4,3),(176,6,3),(176,13,3),(176,14,1),(177,1,2),(177,11,3),(177,17,3),(178,4,3),(178,9,3),(179,2,2),(179,5,3),(179,10,3),(179,13,3),(179,15,2),(180,3,2),(180,10,1),(180,12,1),(181,1,2),(181,2,3),(181,4,1),(181,6,2),(181,11,3),(181,14,3),(182,6,3),(182,8,3),(182,10,2),(182,11,3),(183,12,2),(184,6,2),(184,9,1),(184,13,3),(185,2,3),(185,6,1),(185,8,2),(185,10,2),(185,12,1),(185,14,1),(186,10,2),(186,13,1),(187,1,2),(187,2,1),(187,8,2),(187,17,3),(188,1,3),(188,3,2),(188,7,1),(188,9,2),(189,4,2),(189,8,3),(189,14,2),(190,7,3),(190,11,1),(191,14,3),(192,1,2),(192,10,1),(192,12,2),(192,14,2),(192,17,1),(193,2,1),(193,7,2),(193,8,2),(193,10,1),(193,14,3),(193,17,3),(194,8,3),(194,16,3),(195,1,3),(195,2,3),(195,4,3),(195,12,1),(195,15,3),(196,9,1),(197,13,3),(198,13,3),(199,6,2),(199,8,1),(199,13,1),(199,16,2),(200,3,2),(200,8,2),(200,9,3),(200,14,1),(200,16,3),(200,17,2),(201,15,2),(202,1,1),(202,8,1),(202,9,3),(202,12,3),(202,15,2),(202,17,3),(203,1,3),(203,3,3),(203,9,1),(204,15,2),(205,13,1),(206,3,3),(206,7,3),(206,8,1),(206,13,3),(206,17,2),(207,1,2),(207,3,3),(207,6,2),(207,8,2),(207,16,2),(207,17,1),(208,2,1),(208,5,1),(208,14,3),(208,17,1),(209,3,1),(209,7,1),(210,5,1),(210,7,2),(210,11,1),(210,12,1),(211,2,3),(212,6,2),(212,9,1),(212,13,3),(212,14,3),(213,14,3),(214,6,1),(214,14,1),(215,8,3),(215,10,2),(215,12,2),(215,14,3),(216,5,3),(216,6,1),(217,11,2),(217,12,3),(217,15,3),(218,15,3),(219,2,1),(219,4,1),(219,6,1),(219,10,3),(220,4,2),(220,7,3),(220,14,2),(221,4,3),(221,7,2),(221,9,3),(221,15,1),(222,1,2),(222,7,2),(222,9,2),(222,10,2),(222,14,3),(223,11,3),(223,15,1),(224,4,2),(224,6,2),(224,7,3),(224,13,1),(224,16,1),(224,17,1),(225,1,2),(225,7,2),(225,9,3),(225,14,2),(226,10,3),(226,15,1),(227,3,2),(228,2,1),(229,13,3),(230,2,1),(230,3,2),(230,5,2),(230,14,2),(230,16,2),(230,17,2),(231,2,1),(231,6,3),(231,7,2),(231,12,3),(231,14,3),(232,3,2),(232,4,3),(232,10,1),(232,15,3),(232,17,3),(233,7,1),(233,8,2),(233,12,2),(233,16,1),(234,17,3),(235,1,3),(236,5,2),(236,7,2),(236,8,1),(236,12,3),(236,14,1),(236,17,2),(237,9,3),(237,13,2),(237,14,2),(238,1,2),(238,8,1),(238,9,3),(238,10,2),(238,11,2),(238,13,3),(239,1,2),(239,5,3),(239,7,1),(239,9,2),(239,16,3),(240,3,1),(240,8,2),(240,9,3),(240,10,1),(240,11,1),(240,17,1),(241,1,3),(241,3,1),(241,11,1),(241,13,3),(242,4,1),(242,8,3),(242,11,3),(242,16,3),(242,17,1),(243,6,3),(243,9,3),(244,6,1),(244,9,3),(244,11,3),(245,3,3),(245,5,3),(245,9,1),(245,14,1),(245,16,3),(246,2,3),(246,5,1),(246,7,1),(246,8,1),(246,12,2),(246,16,1),(247,2,3),(247,7,1),(247,9,1),(247,14,1),(248,3,2),(248,16,3),(249,11,1),(249,12,3),(249,14,3),(250,2,2),(250,7,1),(250,8,3),(251,1,1),(251,3,1),(251,4,2),(251,9,2),(251,11,2),(251,14,2),(252,1,2),(252,2,1),(252,6,3),(252,7,3),(252,8,3),(252,11,1),(253,8,3),(254,3,1),(254,4,3),(254,7,3),(254,10,3),(254,12,2),(255,1,1),(255,3,3),(255,8,3),(255,14,3),(255,15,3),(255,16,1),(256,2,1),(256,3,2),(256,10,1),(256,12,2),(256,13,2),(257,14,1),(257,17,3),(258,12,3),(259,2,1),(259,5,3),(259,12,3),(260,4,2),(260,10,2),(261,5,1),(261,7,2),(261,9,3),(261,10,2),(261,17,3),(262,3,3),(262,15,3),(263,2,2),(263,4,1),(263,6,1),(263,7,2),(264,6,1),(264,10,3),(264,12,3),(264,14,2),(264,17,1),(265,6,2),(265,9,2),(265,11,3),(266,8,2),(267,10,2),(267,15,3),(268,2,1),(268,3,2),(268,5,2),(268,8,1),(268,13,2),(269,2,3),(269,5,1),(269,13,1),(270,2,2),(270,8,1),(270,13,2),(270,14,1),(271,6,2),(272,2,1),(272,8,1),(272,10,1),(272,17,3),(273,9,2),(273,16,2),(274,11,3),(275,10,2),(275,16,1),(276,8,3),(277,16,1),(278,4,2),(278,7,2),(278,11,3),(278,14,1),(279,12,3),(280,1,3),(280,8,2),(280,12,1),(280,15,3),(281,14,1),(281,15,1),(281,16,3),(281,17,1),(282,3,2),(282,11,1),(282,14,2),(282,17,1),(283,2,3),(283,4,1),(283,6,1),(283,11,2),(283,13,3),(284,3,2),(284,14,1),(285,6,2),(285,8,1),(285,11,1),(285,14,1),(285,15,2),(286,5,2),(286,11,3),(287,1,2),(287,2,1),(287,8,1),(287,12,3),(287,13,2),(287,15,3),(288,2,2),(288,9,1),(289,4,3),(290,4,2),(290,12,3),(290,14,2),(290,15,1),(291,3,1),(292,6,1),(292,8,2),(292,9,2),(292,10,2),(292,11,2),(293,1,3),(293,3,3),(293,6,1),(293,17,2),(294,2,3),(294,7,1),(294,11,3),(294,17,2),(295,16,1),(296,7,2),(296,11,3),(296,16,3),(297,3,2),(297,7,1),(297,11,1),(297,16,3),(297,17,3),(298,7,1),(299,5,3),(299,12,1),(300,1,1),(300,2,3),(300,5,1),(300,16,1),(301,3,1),(301,4,2),(301,6,1),(301,15,2),(302,9,3),(302,12,1),(302,16,3),(303,7,1),(303,8,3),(303,10,1),(303,11,3),(303,13,2),(303,14,3),(304,1,3),(304,7,2),(304,17,3),(305,2,1),(305,4,1),(305,6,1),(305,9,2),(305,15,3),(306,1,3),(306,11,3),(306,12,1),(306,14,2),(307,3,1),(307,7,3),(307,8,1),(307,9,2),(307,13,1),(307,16,3),(308,6,2),(309,2,1),(309,3,3),(309,10,2),(309,13,3),(309,14,3),(309,15,2),(310,3,3),(310,5,1),(310,10,3),(310,12,2),(310,17,1),(311,7,2),(312,9,2),(312,10,1),(312,12,1),(312,15,3),(313,1,2),(313,6,1),(313,8,3),(313,11,2),(313,15,1),(313,17,3),(314,2,2),(314,3,3),(314,5,2),(314,8,3),(314,10,2),(315,3,3),(315,6,1),(316,3,2),(316,9,2),(316,10,1),(316,12,3),(316,14,3),(316,17,1),(317,12,3),(318,5,1),(318,11,2),(318,12,2),(319,11,3),(319,13,1),(320,5,1),(320,12,1),(320,14,2),(321,1,2),(321,7,2),(321,8,2),(321,10,1),(321,11,1),(321,14,3),(322,7,2),(322,10,2),(322,12,2),(322,15,1),(323,1,2),(323,3,1),(323,5,2),(323,12,1),(324,2,1),(324,7,1),(324,11,3),(324,16,2),(325,1,1),(325,6,3),(325,7,2),(325,9,3),(325,13,1),(325,14,1),(326,3,2),(326,11,1),(326,13,1),(326,15,1),(327,2,1),(327,13,2),(327,17,3),(328,3,3),(328,6,2),(328,9,2),(328,12,1),(328,13,2),(328,17,3),(329,4,3),(329,5,1),(329,6,1),(329,10,1),(329,13,2),(330,9,2),(330,13,3),(330,14,2),(330,15,3),(330,16,1),(330,17,1),(331,2,2),(331,3,2),(331,9,2),(331,17,1),(332,7,2),(333,2,1),(333,11,2),(334,2,2),(334,5,3),(334,12,2),(334,14,2),(334,16,3),(335,4,3),(335,14,2),(336,2,3),(336,3,2),(336,4,2),(336,8,2),(336,12,3),(337,3,2),(337,6,2),(337,8,2),(337,10,1),(337,13,3),(337,16,1),(338,2,1),(338,4,2),(338,6,2),(338,12,3),(338,13,1),(339,1,3),(339,3,1),(339,13,3),(340,6,3),(340,17,1),(341,16,2),(342,3,1),(342,7,3),(342,12,2),(343,1,3),(343,6,3),(343,7,2),(343,10,3),(343,11,1),(343,15,3),(344,5,1),(345,2,3),(346,13,2),(347,2,2),(348,14,3),(348,17,2),(349,2,2),(349,8,1),(349,10,3),(349,11,1),(349,12,1),(349,14,3),(350,2,1),(350,8,1),(350,9,2),(350,16,1),(351,12,1),(352,10,2),(353,2,2),(353,11,1),(353,16,1),(354,2,1),(354,3,2),(354,4,3),(354,11,3),(354,15,1),(354,16,2),(355,10,1),(355,11,1),(356,3,1),(356,7,2),(356,17,3),(357,2,2),(357,6,3),(357,8,1),(357,10,3),(358,8,2),(358,16,2),(359,5,1),(359,9,3),(359,12,1),(359,17,3),(360,3,1),(360,4,1),(360,5,2),(360,8,1),(360,11,3),(360,15,2),(361,2,2),(361,3,3),(361,13,1),(362,16,1),(363,1,3),(363,2,3),(363,8,1),(363,11,2),(363,14,1),(364,2,1),(364,4,2),(364,9,2),(364,14,1),(364,17,3),(365,2,2),(365,3,2),(365,7,2),(365,8,2),(365,10,3),(365,11,3),(366,9,3),(366,10,3),(366,12,3),(366,16,1),(367,2,2),(367,8,3),(368,14,2),(369,3,2),(369,5,3),(369,11,3),(369,12,1),(369,15,3),(369,16,2),(370,9,3),(370,13,3),(370,14,3),(371,3,2),(371,12,1),(371,17,2),(372,6,1),(372,15,3),(372,17,1),(373,1,2),(373,6,1),(373,8,1),(374,3,2),(374,7,3),(374,11,2),(374,17,3),(375,4,1),(375,9,2),(375,15,2),(376,11,1),(377,1,2),(377,8,1),(377,9,2),(377,14,3),(378,2,3),(378,11,2),(379,3,2),(379,8,3),(379,11,2),(379,14,3),(379,16,2),(380,16,2),(380,17,1),(381,4,2),(381,8,1),(381,10,2),(381,13,2),(381,14,1),(382,6,1),(382,11,1),(382,13,1),(382,15,2),(382,16,2),(382,17,1),(383,3,3),(383,13,2),(384,9,2),(384,17,3),(385,2,2),(385,8,2),(385,11,1),(385,12,3),(385,14,3),(385,17,2),(386,1,3),(386,7,2),(386,15,2),(386,16,3),(386,17,3),(387,1,3),(387,2,3),(387,3,2),(387,8,2),(388,1,3),(388,6,2),(388,8,3),(388,12,2),(389,2,3),(389,9,1),(389,10,2),(389,12,3),(389,13,3),(390,2,2),(390,9,3),(391,7,3),(391,9,2),(391,11,2),(391,12,2),(392,3,1),(392,11,2),(392,16,3),(393,2,1),(393,6,2),(393,16,2),(394,3,3),(394,4,2),(394,5,2),(394,7,2),(394,9,1),(394,10,3),(395,15,2),(396,1,2),(396,5,2),(396,8,1),(396,9,2),(396,16,2),(397,11,2),(397,12,2),(397,13,2),(397,14,2),(397,17,1),(398,6,3),(398,7,1),(398,14,2),(398,15,2),(398,17,2),(399,4,1),(399,7,1),(399,8,2),(399,12,3),(399,13,1),(399,17,3),(400,9,1),(400,13,2),(400,16,1),(401,1,2),(401,2,1),(401,7,1),(401,11,2),(401,16,3),(401,17,1),(402,3,2),(402,7,3),(402,11,1),(402,16,3),(403,5,2),(403,7,1),(404,3,1),(404,11,2),(404,12,2),(404,13,1),(404,17,3),(405,11,2),(406,7,1),(406,8,3),(406,10,2),(407,4,2),(407,7,1),(408,6,3),(408,11,1),(408,12,2),(408,15,3),(409,5,2),(409,11,3),(409,12,2),(409,16,1),(410,3,2),(410,9,1),(410,10,1),(410,11,3),(410,16,3),(410,17,3),(411,5,3),(411,7,2),(411,10,3),(411,11,2),(411,15,2),(411,16,2),(412,1,1),(413,9,3),(413,14,2),(414,11,3),(414,17,3),(415,16,3),(416,2,1),(416,9,1),(416,11,2),(416,13,2),(416,14,2),(416,15,2),(417,2,3),(417,5,3),(417,7,1),(417,8,1),(417,10,3),(417,16,3),(418,7,3),(419,7,1),(419,8,2),(419,17,2),(420,2,3),(420,5,3),(420,6,1),(420,9,3),(420,13,2),(420,16,2),(421,1,1),(421,3,2),(421,7,3),(421,10,2),(421,15,1),(422,2,1),(422,7,3),(422,8,2),(422,11,2),(422,12,1),(422,17,3),(423,12,1),(424,3,3),(424,6,1),(424,8,3),(424,9,2),(425,13,2),(426,2,3),(426,5,2),(426,9,1),(427,3,2),(427,5,3),(427,11,1),(427,13,1),(427,16,2),(428,5,1),(428,8,3),(428,9,1),(428,10,1),(429,8,3),(429,12,2),(429,13,1),(430,3,2),(431,1,2),(431,9,3),(431,11,1),(431,12,2),(431,14,1),(432,10,1),(432,14,3),(433,4,1),(433,6,2),(433,7,2),(433,13,2),(433,17,2),(434,17,3),(435,5,3),(435,8,1),(435,10,3),(435,11,3),(435,17,1),(436,3,3),(436,6,3),(436,8,2),(436,9,2),(436,14,2),(436,16,1),(437,3,3),(437,10,2),(437,11,2),(437,12,3),(437,13,1),(438,1,3),(438,3,3),(438,7,2),(438,8,2),(438,11,3),(438,17,2),(439,4,2),(439,7,1),(439,13,2),(439,15,3),(439,16,3),(440,2,3),(440,11,2),(440,12,3),(440,14,2),(440,16,3),(441,3,1),(441,5,3),(441,8,1),(441,12,3),(442,4,3),(442,6,2),(442,8,3),(442,13,3),(442,15,2),(443,2,2),(443,4,1),(443,7,2),(443,8,1),(444,13,1),(444,16,2),(445,2,1),(445,5,2),(445,6,1),(445,10,3),(445,12,3),(445,13,2),(446,3,1),(446,9,3),(446,12,1),(446,13,3),(446,16,1),(446,17,3),(447,12,2),(448,2,3),(448,4,1),(448,10,3),(448,12,3),(448,17,3),(449,4,1),(449,6,1),(449,14,2),(450,7,3),(450,9,3),(450,11,3),(450,14,3),(450,17,3),(451,1,3),(451,4,1),(451,5,1),(451,7,3),(452,5,2),(452,11,2),(453,3,3),(453,5,1),(453,8,3),(453,9,1),(453,11,3),(453,17,2),(454,6,3),(454,13,2),(455,5,3),(455,13,1),(456,9,2),(456,13,3),(456,15,3),(456,17,3),(457,12,3),(457,13,2),(457,15,3),(458,1,3),(458,3,2),(458,4,1),(458,5,2),(458,9,1),(458,17,2),(459,2,2),(459,5,2),(459,10,1),(459,17,2),(460,5,1),(460,7,3),(460,10,2),(461,8,2),(461,10,2),(461,13,3),(462,3,3),(462,8,2),(462,9,1),(462,17,2),(463,3,3),(463,10,2),(463,11,1),(463,12,3),(463,17,3),(464,3,1),(464,5,3),(464,7,3),(464,15,3),(464,17,1),(465,5,3),(465,9,2),(465,11,2),(465,12,3),(465,13,2),(465,16,2),(466,5,1),(467,8,2),(467,12,3),(467,14,3),(468,7,3),(469,7,1),(469,11,1),(469,13,2),(469,14,3),(470,8,1),(471,2,2),(471,15,1),(471,17,3),(472,1,2),(473,9,2),(474,8,1),(474,10,2),(474,16,3),(474,17,1),(475,2,1),(475,3,1),(475,5,2),(475,9,2),(475,13,1),(475,16,3),(476,1,3),(476,2,3),(476,6,2),(476,12,3),(477,2,2),(477,3,2),(477,12,1),(478,6,3),(478,7,3),(478,8,3),(478,10,2),(478,13,3),(478,14,2),(479,4,1),(479,6,3),(479,10,1),(479,11,1),(480,5,1),(481,2,1),(481,5,3),(481,9,2),(481,12,3),(481,14,2),(482,5,2),(483,7,1),(484,1,2),(484,5,1),(484,7,3),(484,15,2),(485,3,1),(485,10,3),(485,13,2),(485,14,1),(485,16,2),(485,17,3),(486,1,3),(486,2,3),(486,3,2),(486,15,1),(487,1,1),(487,4,3),(487,8,1),(487,10,3),(487,11,2),(488,9,1),(489,1,3),(489,9,3),(489,15,1),(490,1,1),(490,7,3),(490,9,1),(490,13,2),(490,15,2),(491,1,1),(491,10,3),(491,11,3),(491,12,2),(491,16,3),(491,17,3),(492,9,1),(492,11,2),(492,13,3),(492,14,1),(492,16,3),(493,8,2),(494,3,2),(494,8,1),(494,9,1),(494,10,3),(494,16,3),(495,8,2),(496,7,3),(496,8,3),(496,9,3),(496,12,3),(496,16,3),(497,7,2),(497,9,3),(497,11,2),(497,14,3),(498,3,2),(498,4,1),(498,10,3),(498,11,1),(498,12,3),(498,13,1),(499,3,2),(500,2,2),(500,4,2),(500,8,2),(500,15,1),(501,1,3),(501,5,2),(501,6,1),(501,7,1),(502,1,1),(502,7,3),(503,3,3),(503,11,2),(503,17,2),(504,9,1),(504,11,2),(504,13,1),(504,14,1),(504,16,2),(505,1,3),(505,10,3),(505,11,3),(505,12,1),(505,13,2),(505,15,2),(506,3,3),(506,6,1),(506,8,3),(506,11,2),(506,12,3),(506,16,1),(507,9,3),(507,10,1),(507,17,3),(508,2,1),(508,12,1),(508,13,1),(508,14,3),(508,17,2),(509,3,1),(509,10,2),(509,11,2),(509,12,3),(509,16,3),(510,2,1),(510,7,3),(510,8,2),(510,10,1),(511,2,2),(511,7,3),(511,13,2),(512,2,2),(512,9,3),(512,11,1),(513,2,2),(513,5,1),(513,9,2),(513,11,1),(513,13,2),(514,8,2),(514,16,2),(515,1,1),(515,2,3),(515,7,2),(515,11,1),(515,12,1),(516,5,1),(516,7,1),(516,9,3),(516,11,3),(516,16,3),(517,1,2),(517,2,2),(517,4,1),(517,6,3),(517,12,2),(517,14,1),(518,2,1),(518,12,3),(518,16,2),(519,2,3),(519,6,2),(519,8,2),(519,10,3),(519,12,3),(519,15,2),(520,14,1),(521,7,2),(521,8,3),(521,10,1),(521,14,3),(521,15,1),(522,4,3),(522,5,3),(522,7,2),(522,8,2),(522,17,2),(523,14,3),(524,3,3),(524,8,1),(524,10,3),(524,12,1),(524,13,2),(525,3,2),(525,7,2),(525,8,2),(525,12,1),(525,14,2),(525,17,3),(526,6,2),(526,7,3),(526,9,2),(527,1,2),(528,5,1),(528,7,2),(528,12,2),(528,13,3),(529,2,3),(529,3,3),(530,3,2),(530,8,1),(530,11,3),(531,7,2),(531,12,3),(532,4,3),(532,6,3),(532,9,3),(532,10,3),(533,2,2),(533,3,2),(533,9,2),(533,10,2),(534,1,1),(534,3,1),(534,4,1),(534,6,3),(534,17,1),(535,14,1),(536,8,2),(536,9,3),(537,2,1),(537,7,2),(537,9,3),(537,12,2),(538,2,3),(538,7,2),(538,10,2),(538,13,3),(539,17,2),(540,2,1),(540,7,3),(541,8,1),(541,13,3),(542,2,3),(542,5,2),(542,6,3),(542,15,2),(542,17,1),(543,11,3),(543,12,1),(543,16,3),(544,3,3),(544,10,1),(545,1,2),(545,5,3),(545,11,2),(545,13,3),(546,9,3),(547,2,1),(547,5,2),(547,10,3),(547,11,3),(547,12,2),(547,16,2),(548,1,2),(548,2,1),(548,7,1),(548,12,2),(549,5,2),(549,8,2),(549,11,1),(549,12,2),(550,1,1),(550,4,2),(550,6,1),(550,10,2),(550,15,3),(551,5,1),(551,9,1),(551,13,1),(551,14,1),(551,16,1),(552,1,3),(552,6,1),(553,8,2),(553,14,2),(553,16,2),(554,1,1),(554,2,3),(554,3,3),(554,6,1),(554,9,2),(554,16,3),(555,1,3),(555,11,1),(555,17,1),(556,15,3),(556,16,3),(556,17,2),(557,4,3),(558,2,3),(558,4,3),(558,7,2),(558,8,3),(558,12,3),(559,2,1),(559,3,3),(559,6,2),(560,4,3),(560,11,1),(561,10,3),(562,10,2),(562,12,2),(563,4,1),(563,6,2),(564,7,2),(564,13,3),(564,16,1),(564,17,2),(565,3,3),(565,5,2),(565,9,2),(565,10,3),(566,2,1),(566,4,1),(566,7,2),(566,9,1),(566,10,1),(566,11,3),(567,2,1),(567,6,3),(567,15,1),(568,3,3),(568,6,1),(568,7,1),(568,9,2),(568,11,1),(569,9,2),(570,11,1),(571,10,2),(571,12,1),(571,13,2),(571,15,1),(571,17,1),(572,1,1),(572,2,2),(572,4,1),(572,12,3),(572,14,2),(573,1,3),(573,6,1),(573,7,3),(573,17,1),(574,2,1),(574,8,2),(574,9,2),(575,4,2),(575,7,1),(575,8,2),(575,17,1),(576,16,3),(577,3,2),(577,6,3),(577,10,2),(577,15,3),(578,1,2),(578,2,3),(578,8,2),(578,11,2),(578,13,1),(579,2,1),(579,4,2),(579,6,1),(579,13,3),(579,15,1),(580,7,2),(580,16,2),(581,1,3),(581,2,1),(581,9,3),(581,11,2),(581,13,2),(581,14,2),(582,2,2),(582,5,3),(582,7,2),(582,12,2),(582,13,1),(582,16,3),(583,9,3),(583,11,1),(584,4,1),(585,3,2),(586,11,2),(587,10,1),(587,14,1),(588,8,3),(588,11,3),(589,4,1),(589,10,3),(589,11,1),(589,14,2),(590,9,1),(591,17,3),(592,3,2),(592,7,3),(592,10,2),(592,15,1),(592,17,2),(593,3,3),(593,9,3),(594,1,1),(594,4,1),(594,6,2),(594,7,3),(594,9,2),(594,13,2),(595,8,3),(595,9,3),(595,13,2),(595,14,2),(596,8,1),(597,1,3),(597,3,2),(597,13,2),(597,16,3),(598,5,3),(598,10,3),(599,3,3),(599,8,2),(599,10,1),(599,13,1),(600,3,3),(600,5,3),(600,10,3),(600,16,2),(601,3,1),(601,5,2),(601,6,1),(601,12,3),(602,5,2),(602,10,1),(603,15,2),(604,7,3),(605,9,1),(605,11,3),(605,12,1),(605,15,2),(605,17,1),(606,5,3),(606,12,1),(606,15,3),(607,4,1),(607,5,1),(607,9,1),(607,10,1),(607,11,1),(607,14,1),(608,9,2),(609,2,2),(609,6,2),(609,7,3),(609,17,3),(610,2,3),(610,7,1),(610,9,3),(611,7,2),(611,10,3),(611,11,1),(611,16,3),(612,12,3),(613,7,2),(613,16,1),(614,1,3),(614,2,3),(614,5,3),(614,12,3),(614,16,3),(615,8,3),(615,10,3),(616,3,1),(616,8,3),(616,17,3),(617,2,2),(617,4,2),(617,6,3),(617,15,3),(618,13,1),(619,3,2),(620,5,1),(620,8,3),(620,12,3),(621,8,2),(621,14,3),(622,2,1),(623,4,3),(623,9,3),(623,10,2),(623,13,1),(623,15,1),(624,2,3),(624,8,3),(624,11,2),(624,13,1),(624,14,2),(624,15,2),(625,8,1),(626,9,1),(626,10,3),(626,11,3),(627,2,3),(627,11,2),(627,13,2),(628,1,1),(629,4,2),(629,5,3),(629,8,1),(630,14,1),(631,5,1),(631,6,2),(632,4,3),(632,6,2),(632,8,3),(632,11,3),(633,2,1),(633,9,3),(633,10,3),(633,11,3),(633,12,2),(633,17,1),(634,14,1),(635,12,3),(635,14,3),(635,17,3),(636,5,1),(636,6,2),(636,12,3),(636,13,3),(636,15,3),(637,5,3),(637,10,1),(637,14,3),(638,3,2),(638,11,2),(638,13,1),(639,5,1),(639,8,3),(639,10,3),(639,11,1),(639,12,3),(640,5,2),(640,8,2),(641,1,1),(641,12,3),(642,1,2),(642,6,1),(642,8,2),(642,11,1),(642,13,1),(642,17,3),(643,9,3),(643,14,1),(644,8,2),(645,7,1),(645,10,3),(645,11,2),(646,3,1),(646,5,2),(646,9,3),(646,10,2),(646,13,2),(647,13,3),(648,1,1),(648,9,3),(648,10,2),(648,11,1),(648,13,3),(648,14,3),(649,1,2),(649,4,1),(649,6,3),(649,8,1),(649,13,1),(649,17,2),(650,4,3),(650,6,3),(650,11,1),(650,14,2),(651,2,3),(651,6,1),(651,8,2),(651,12,2),(652,12,3),(653,1,2),(653,4,2),(653,8,1),(653,11,3),(654,8,2),(654,10,2),(654,11,1),(655,1,2),(655,4,3),(655,5,2),(656,11,3),(656,12,1),(656,16,3),(656,17,3),(657,9,1),(658,13,2),(659,3,3),(659,5,3),(659,7,2),(659,9,2),(659,11,1),(659,16,3),(660,5,1),(660,9,1),(660,10,1),(660,11,1),(660,13,1),(660,16,3),(661,1,3),(661,6,2),(661,8,2),(661,13,3),(661,14,2),(661,15,2),(662,2,2),(662,3,2),(662,7,1),(662,8,1),(662,10,2),(663,1,1),(663,6,2),(663,11,1),(663,15,1),(664,1,3),(664,7,1),(664,10,3),(664,13,1),(664,15,2),(665,1,2),(665,4,1),(665,10,1),(665,14,3),(665,15,1),(666,13,2),(666,14,2),(666,17,2),(667,1,1),(667,5,2),(667,8,3),(667,12,1),(667,14,1),(668,1,1),(668,4,2),(668,6,1),(668,8,3),(668,14,2),(669,5,3),(669,10,1),(669,13,2),(669,14,2),(669,17,1),(670,12,1),(670,17,2),(671,2,2),(672,2,3),(672,5,3),(672,7,1),(673,7,1),(673,10,3),(673,12,2),(674,5,1),(674,15,3),(675,8,3),(675,9,2),(675,13,1),(676,15,1),(677,4,3),(677,6,2),(677,11,1),(677,14,3),(678,8,1),(678,9,1),(678,11,2),(678,14,2),(678,16,1),(679,3,3),(679,4,1),(679,5,1),(679,9,3),(679,16,2),(679,17,1),(680,2,1),(680,10,2),(680,11,1),(680,17,3),(681,2,2),(681,4,3),(681,6,3),(681,7,2),(681,8,3),(681,14,1),(682,1,2),(682,8,3),(682,9,2),(682,15,3),(683,8,3),(684,2,3),(684,3,3),(684,7,3),(684,10,2),(685,10,1),(685,11,3),(685,15,2),(686,7,2),(686,14,2),(686,16,3),(687,2,3),(687,11,1),(687,12,2),(687,14,3),(688,9,1),(688,10,1),(688,11,1),(689,10,2),(689,16,1),(690,2,3),(690,9,2),(690,10,1),(690,14,3),(691,2,2),(691,3,2),(691,8,2),(691,9,1),(691,14,3),(691,16,1),(692,1,2),(692,2,3),(692,6,3),(692,10,2),(692,12,1),(692,14,3),(693,10,1),(693,12,2),(693,13,1),(693,14,3),(693,15,1),(694,8,2),(695,5,1),(695,14,3),(695,15,2),(695,16,1),(695,17,1),(696,16,1),(696,17,2),(697,7,2),(697,14,3),(698,1,2),(698,8,3),(699,2,3),(699,11,1),(699,13,2),(699,14,1),(699,17,1),(700,7,1),(700,8,3),(700,10,2),(700,12,1),(700,14,3),(700,17,2),(701,5,2),(701,8,2),(701,10,1),(701,14,2),(701,16,2),(701,17,2),(702,1,1),(702,3,3),(702,14,1),(702,15,1),(702,17,3),(703,5,1),(703,13,2),(704,3,2),(704,7,3),(704,12,3),(705,8,2),(706,1,1),(707,4,2),(707,6,3),(707,13,1),(707,15,2),(708,8,2),(708,14,3),(709,2,3),(709,7,1),(709,10,3),(709,14,1),(710,9,3),(711,2,1),(711,11,1),(711,13,1),(711,14,1),(712,1,3),(712,10,2),(712,13,3),(712,15,2),(713,3,1),(713,14,1),(713,16,3),(713,17,1),(714,2,2),(714,8,3),(714,16,1),(715,4,1),(715,6,3),(715,8,1),(715,10,3),(715,12,1),(716,3,1),(716,4,2),(716,5,2),(716,10,3),(716,12,3),(716,16,1),(717,4,1),(717,5,1),(717,7,2),(717,9,3),(717,11,3),(717,16,3),(718,1,1),(718,14,3),(719,2,3),(719,5,2),(719,6,2),(720,4,3),(720,7,1),(720,9,3),(720,13,2),(720,15,1),(721,2,2),(721,3,2),(721,12,2),(721,13,2),(721,16,1),(722,1,1),(722,5,3),(722,11,1),(723,3,2),(723,4,3),(723,8,3),(723,12,2),(724,1,2),(724,3,2),(724,4,3),(724,9,3),(724,10,2),(724,12,2),(725,7,2),(725,10,1),(725,12,1),(725,15,2),(726,1,3),(726,6,2),(726,12,2),(726,14,3),(726,16,2),(727,1,2),(727,4,1),(727,5,3),(727,9,1),(728,3,2),(728,7,3),(729,2,1),(729,9,3),(729,13,3),(730,3,3),(730,9,1),(730,13,1),(731,13,1),(731,14,2),(732,9,2),(733,16,3),(733,17,2),(734,5,2),(734,12,3),(734,13,3),(734,15,2),(734,16,2),(735,2,2),(735,5,3),(735,9,2),(735,12,2),(735,17,1),(736,5,2),(736,6,3),(736,7,3),(736,10,2),(736,15,1),(736,16,1),(737,3,1),(737,4,3),(737,11,1),(737,12,1),(737,13,2),(737,16,2),(738,2,1),(738,6,1),(738,7,2),(738,14,1),(739,8,1),(740,1,1),(740,2,1),(740,8,3),(740,9,2),(740,11,2),(740,12,2),(741,6,1),(741,10,3),(741,12,2),(741,14,1),(742,10,1),(743,9,2),(743,15,1),(744,11,3),(744,14,3),(745,6,1),(745,8,1),(745,9,2),(745,10,3),(745,12,2),(745,14,3),(746,10,3),(747,1,3),(747,5,1),(747,6,3),(747,7,2),(747,16,3),(748,9,1),(749,3,3),(749,5,1),(749,11,3),(749,12,2),(749,16,1),(749,17,3),(750,1,3),(750,3,2),(750,5,2),(750,6,3),(750,14,3),(751,11,1),(752,5,1),(752,6,3),(752,14,3),(752,17,2),(753,2,2),(753,7,3),(753,10,3),(753,16,1),(754,3,3),(754,4,1),(754,8,1),(754,13,2),(755,4,3),(755,7,3),(755,8,3),(755,9,1),(756,1,3),(756,14,3),(756,15,3),(756,16,1),(757,6,1),(758,3,1),(758,5,2),(758,12,1),(758,15,2),(759,7,3),(760,3,3),(760,7,2),(760,9,3),(760,10,2),(760,13,1),(761,2,3),(761,5,2),(761,7,2),(761,12,3),(761,17,1),(762,1,2),(762,5,3),(762,6,3),(762,9,3),(762,10,1),(762,17,2),(763,4,2),(763,7,3),(763,9,1),(763,10,3),(763,13,1),(763,15,2),(764,3,3),(764,8,1),(764,13,1),(765,10,1),(765,12,3),(765,13,2),(766,3,2),(766,14,3),(766,16,1),(767,5,1),(767,9,1),(767,17,3),(768,1,3),(768,5,3),(768,7,3),(768,10,2),(769,8,3),(769,14,2),(769,17,1),(770,8,2),(770,10,3),(770,14,1),(771,7,3),(771,10,3),(771,12,2),(771,13,1),(771,14,1),(771,15,1),(772,1,1),(772,3,1),(772,10,2),(772,11,1),(772,17,1),(773,3,3),(773,8,1),(774,16,1),(775,1,3),(775,2,3),(775,7,1),(775,14,3),(776,5,1),(776,12,1),(777,5,2),(777,12,3),(778,3,1),(778,5,2),(778,12,1),(778,16,3),(779,5,3),(779,6,1),(779,10,2),(779,14,3),(780,1,3),(781,1,1),(781,4,3),(781,6,1),(781,9,2),(781,10,2),(781,14,3),(782,5,3),(782,8,2),(782,10,2),(782,11,3),(782,16,2),(783,5,2),(784,2,1),(784,9,1),(784,15,1),(784,16,3),(784,17,1),(785,11,3),(786,16,2),(787,1,2),(787,2,2),(787,5,1),(787,7,2),(787,9,3),(787,17,3),(788,1,3),(788,2,1),(788,4,2),(788,10,3),(789,2,1),(789,3,2),(789,5,1),(789,7,1),(789,11,3),(789,16,1),(790,2,1),(791,3,3),(791,7,3),(791,8,1),(791,10,1),(792,5,2),(792,7,3),(792,10,3),(792,12,2),(792,17,2),(793,1,1),(793,2,2),(793,4,1),(793,11,1),(794,6,3),(794,11,1),(795,5,3),(796,4,2),(796,6,1),(796,8,3),(796,13,1),(796,16,2),(797,9,1),(798,8,1),(798,9,1),(798,14,2),(799,13,3),(799,17,3),(800,1,1),(800,2,2),(800,3,1),(800,7,3),(800,11,1),(800,12,2),(801,8,1),(801,12,2),(801,13,1),(801,14,3),(801,16,3),(802,2,2),(802,4,3),(802,8,2),(802,15,2),(803,1,2),(803,11,1),(803,12,2),(803,13,1),(803,15,2),(804,4,2),(804,7,3),(804,15,1),(805,5,3),(805,8,1),(806,2,1),(806,3,1),(806,9,3),(806,13,2),(806,14,2),(806,16,2),(807,4,2),(808,2,3),(808,5,2),(808,10,1),(808,11,3),(808,16,2),(808,17,3),(809,4,3),(809,10,2),(810,3,3),(810,5,3),(810,6,3),(810,8,3),(810,10,2),(810,12,3),(811,1,3),(811,6,3),(812,2,2),(812,3,1),(812,7,2),(812,11,1),(812,12,2),(812,16,3),(813,13,1),(814,3,2),(814,6,1),(814,9,1),(814,10,2),(814,16,3),(815,9,1),(815,14,3),(815,15,2),(816,2,3),(816,5,1),(816,9,3),(816,11,2),(817,13,2),(818,8,1),(818,12,1),(819,2,3),(819,7,2),(819,10,2),(820,12,2),(820,16,3),(820,17,3),(821,2,2),(821,9,2),(822,1,3),(822,11,1),(822,12,3),(823,8,3),(824,14,3),(825,8,2),(825,9,2),(825,12,3),(825,14,3),(825,17,1),(826,10,3),(827,1,1),(827,15,3),(828,2,3),(829,7,1),(830,5,1),(830,9,3),(831,9,3),(831,13,2),(832,4,2),(832,9,2),(832,11,3),(832,13,3),(833,6,1),(833,8,3),(833,9,2),(833,11,1),(834,2,3),(834,9,1),(834,12,1),(834,14,1),(834,15,1),(834,16,3),(835,1,1),(835,5,3),(835,7,3),(836,3,2),(836,9,1),(836,10,2),(836,14,2),(837,1,3),(837,3,1),(837,5,3),(837,8,2),(837,14,1),(837,15,1),(838,2,2),(838,7,3),(838,9,3),(838,11,3),(838,13,3),(839,11,2),(839,13,3),(840,17,3),(841,3,2),(841,6,3),(841,7,2),(841,11,3),(841,13,1),(841,15,3),(842,8,3),(842,9,2),(842,14,1),(843,1,2),(843,4,1),(843,7,1),(843,8,3),(843,14,3),(843,15,1),(844,2,1),(845,4,2),(845,8,1),(846,10,3),(847,7,1),(847,8,3),(847,12,1),(847,13,1),(848,3,2),(848,7,2),(848,11,1),(848,12,3),(848,13,2),(849,7,1),(849,10,1),(849,11,1),(849,13,2),(850,9,2),(850,12,3),(850,14,3),(850,17,2),(851,10,2),(852,2,1),(852,3,2),(852,5,2),(852,13,2),(852,16,1),(853,2,1),(853,5,2),(853,7,2),(853,9,1),(853,10,1),(853,12,3),(854,1,2),(854,13,1),(855,2,1),(855,10,2),(855,17,3),(856,10,2),(856,12,3),(856,13,3),(856,14,2),(857,13,3),(858,10,2),(858,15,2),(859,1,1),(859,3,2),(859,9,1),(859,16,1),(859,17,2),(860,3,1),(860,6,1),(860,14,2),(860,16,1),(861,2,2),(861,3,1),(861,7,3),(861,15,1),(862,1,1),(862,2,2),(862,3,3),(862,7,3),(863,16,2),(864,4,3),(864,6,2),(864,7,3),(865,1,2),(865,6,1),(865,15,2),(866,1,1),(866,4,3),(866,6,3),(866,8,1),(866,9,3),(866,15,1),(867,3,3),(867,7,2),(867,8,1),(867,14,1),(867,15,3),(867,17,2),(868,1,2),(868,2,3),(868,11,2),(868,14,3),(868,16,2),(869,5,1),(869,8,1),(869,9,3),(869,11,2),(869,13,2),(869,16,1),(870,6,1),(870,11,3),(871,5,1),(871,7,3),(871,13,2),(871,17,1),(872,4,1),(872,6,1),(872,7,1),(872,10,2),(872,11,1),(872,14,2),(873,1,3),(873,2,2),(873,9,1),(873,10,3),(873,14,3),(873,15,1),(874,5,1),(874,7,2),(874,13,2),(875,7,1),(876,8,3),(876,9,3),(876,12,3),(876,14,2),(876,15,2),(877,5,3),(878,2,2),(878,8,1),(878,13,2),(878,16,3),(879,7,1),(879,10,1),(879,13,3),(879,16,2),(880,4,1),(881,14,2),(882,3,2),(882,5,2),(882,10,1),(882,14,2),(882,15,3),(883,2,3),(883,4,2),(883,8,2),(883,9,3),(883,10,2),(883,12,2),(884,4,2),(884,6,2),(884,7,2),(884,8,3),(884,13,2),(884,14,2),(885,8,3),(886,8,3),(886,9,3),(886,11,1),(886,15,3),(887,9,1),(887,10,1),(887,14,2),(887,15,1),(887,16,3),(887,17,2),(888,3,1),(888,10,1),(888,11,3),(888,15,3),(888,16,1),(889,6,2),(889,7,2),(889,13,2),(890,1,2),(890,9,3),(890,12,3),(890,13,1),(891,1,3),(892,13,2),(893,2,2),(893,11,1),(893,12,3),(894,3,3),(894,5,3),(895,1,3),(895,8,1),(895,15,1),(895,16,1),(895,17,1),(896,5,1),(896,11,3),(897,6,2),(897,8,1),(897,11,1),(897,16,3),(898,3,2),(898,6,2),(898,12,2),(898,14,1),(898,16,3),(899,1,1),(899,7,3),(899,13,1),(899,14,1),(899,16,2),(900,7,2),(900,10,3),(900,11,1),(900,12,1),(900,17,2),(901,15,1),(902,3,1),(902,9,3),(903,17,3),(904,9,1),(905,6,3),(905,7,1),(905,11,2),(905,13,3),(905,16,2),(906,6,2),(906,7,1),(906,8,1),(906,10,1),(906,12,3),(906,13,1),(907,3,3),(907,7,3),(907,9,1),(907,10,2),(907,11,1),(907,17,3),(908,6,3),(908,9,2),(908,10,1),(908,14,3),(908,17,1),(909,5,2),(909,9,3),(909,12,2),(909,14,1),(909,16,3),(909,17,2),(910,1,1),(910,4,1),(910,13,3),(911,11,1),(911,12,3),(912,5,2),(912,8,2),(912,11,3),(912,14,3),(913,2,3),(913,3,3),(913,10,3),(914,2,3),(914,8,2),(914,15,2),(915,5,1),(915,7,1),(915,14,2),(916,1,2),(916,7,3),(916,17,1),(917,7,3),(917,8,3),(917,12,1),(917,17,1),(918,8,3),(918,11,3),(918,17,2),(919,1,2),(919,10,3),(919,13,1),(920,5,2),(920,7,3),(920,14,1),(921,1,1),(921,3,3),(921,7,3),(921,8,3),(922,1,2),(923,14,1),(924,6,2),(924,8,1),(924,9,1),(924,14,2),(925,17,3),(926,3,1),(926,10,3),(926,13,1),(926,14,3),(927,4,2),(928,2,3),(928,9,2),(928,11,1),(928,12,2),(929,3,2),(929,5,2),(929,7,2),(929,12,3),(929,14,3),(930,1,2),(930,12,1),(930,13,3),(930,14,3),(931,9,2),(931,11,2),(931,14,3),(932,17,3),(933,2,1),(933,3,1),(933,5,1),(933,17,2),(934,1,3),(934,3,2),(934,8,3),(934,10,1),(934,15,3),(934,16,3),(935,4,1),(935,5,1),(935,7,3),(935,8,2),(935,15,2),(935,16,1),(936,5,2),(936,9,1),(937,1,2),(937,2,1),(937,8,3),(937,9,2),(937,14,1),(938,1,1),(938,4,1),(938,13,1),(938,14,2),(939,2,2),(939,6,2),(939,7,2),(939,9,2),(940,3,3),(940,13,2),(940,16,1),(941,2,3),(941,9,1),(941,10,1),(941,15,2),(942,2,2),(942,4,1),(942,9,2),(942,11,2),(942,12,1),(942,14,2),(943,3,3),(944,5,3),(944,9,1),(944,10,2),(944,12,2),(944,13,3),(945,12,2),(946,4,3),(946,6,3),(946,7,1),(946,8,2),(946,14,2),(946,17,3),(947,15,2),(948,4,1),(948,7,3),(948,10,3),(948,13,3),(948,15,3),(948,17,3),(949,5,2),(950,15,3),(951,1,2),(951,3,3),(951,6,1),(951,8,3),(951,17,1),(952,5,1),(952,6,1),(952,9,1),(952,13,1),(952,15,3),(953,2,1),(954,3,1),(954,7,1),(954,8,3),(954,9,3),(954,11,2),(955,6,2),(955,7,2),(955,14,2),(955,15,3),(956,13,1),(957,1,3),(957,4,1),(957,11,3),(957,15,2),(958,2,1),(958,6,3),(958,7,2),(958,11,1),(958,14,2),(959,9,2),(959,10,3),(959,15,1),(960,1,2),(960,3,2),(960,4,1),(960,7,2),(961,2,3),(961,3,2),(961,9,3),(961,12,1),(961,13,1),(961,17,2),(962,2,1),(962,16,3),(963,3,3),(963,16,1),(964,8,1),(965,1,2),(965,10,2),(965,13,3),(966,2,2),(966,11,2),(967,2,3),(967,5,3),(967,8,2),(967,15,2),(968,3,1),(969,3,3),(970,1,1),(970,4,3),(970,9,3),(970,13,1),(970,17,1),(971,4,1),(971,10,3),(972,2,1),(972,5,2),(972,6,2),(972,7,2),(972,9,3),(972,15,1),(973,2,2),(973,9,3),(973,10,2),(973,16,2),(974,12,1),(975,2,3),(975,4,1),(975,9,3),(975,11,1),(975,15,1),(976,14,1),(977,3,1),(977,10,3),(977,12,3),(977,14,1),(978,1,1),(978,2,3),(978,6,2),(978,8,1),(978,9,1),(978,14,2),(979,1,3),(980,4,3),(980,12,1),(980,13,2),(981,8,2),(982,11,2),(983,2,1),(983,14,1),(983,16,1),(984,3,1),(984,8,3),(984,11,1),(984,13,1),(984,16,1),(985,1,1),(985,2,3),(985,7,1),(985,11,3),(985,14,2),(985,17,2),(986,3,2),(986,7,2),(986,8,1),(986,9,2),(987,8,1),(987,10,2),(987,11,1),(987,12,2),(987,13,1),(988,1,1),(988,2,1),(988,6,1),(988,10,2),(988,14,1),(989,13,3),(989,14,3),(990,5,2),(990,7,2),(990,8,3),(990,9,3),(990,11,1),(990,14,2),(991,4,2),(992,2,2),(993,1,3),(993,6,2),(994,8,3),(994,12,2),(995,1,1),(995,9,3),(996,2,1),(996,4,1),(996,6,2),(996,8,3),(996,12,2),(996,16,1),(997,9,2),(997,17,1),(998,1,1),(998,9,1),(999,7,1),(999,12,1),(1000,7,2),(1000,8,1),(1000,11,2),(1000,13,2);
/*!40000 ALTER TABLE `Orders_items` ENABLE KEYS */;
UNLOCK TABLES;

--
-- Table structure for table `Pays`
--

DROP TABLE IF EXISTS `Pays`;
/*!40101 SET @saved_cs_client     = @@character_set_client */;
/*!40101 SET character_set_client = utf8 */;
CREATE TABLE `Pays` (
  `id` int(11) NOT NULL,
  `pays` varchar(255) NOT NULL,
  PRIMARY KEY (`id`)
) ENGINE=InnoDB DEFAULT CHARSET=latin1;
/*!40101 SET character_set_client = @saved_cs_client */;

--
-- Dumping data for table `Pays`
--

LOCK TABLES `Pays` WRITE;
/*!40000 ALTER TABLE `Pays` DISABLE KEYS */;
INSERT INTO `Pays` VALUES (1,'France'),(2,'Espagne'),(3,'Allemagne');
/*!40000 ALTER TABLE `Pays` ENABLE KEYS */;
UNLOCK TABLES;

--
-- Table structure for table `Personnel`
--

DROP TABLE IF EXISTS `Personnel`;
/*!40101 SET @saved_cs_client     = @@character_set_client */;
/*!40101 SET character_set_client = utf8 */;
CREATE TABLE `Personnel` (
  `id` int(11) NOT NULL AUTO_INCREMENT,
  `prenom` varchar(255) NOT NULL,
  `nom` varchar(255) NOT NULL,
  `adresse` varchar(255) NOT NULL,
  `experience` float NOT NULL,
  `rib` varchar(255) NOT NULL,
  PRIMARY KEY (`id`)
) ENGINE=InnoDB AUTO_INCREMENT=151 DEFAULT CHARSET=latin1;
/*!40101 SET character_set_client = @saved_cs_client */;

--
-- Dumping data for table `Personnel`
--

LOCK TABLES `Personnel` WRITE;
/*!40000 ALTER TABLE `Personnel` DISABLE KEYS */;
INSERT INTO `Personnel` VALUES (1,'Frdric','Blin','47, boulevard de Leroy 30242 Sainte Corinne-les-Bains',3,'FR2092057475354094138427627'),(2,'Cline','Caron','12, avenue Amlie Gallet 35214 Bodin-les-Bains',4,'FR8876811432048182419041334'),(3,'Jacques','Bouvet','79, avenue Lecoq 50856 Joubertdan',3,'FR4690529306779847404624974'),(4,'Alexandre','Maillet','chemin Thomas 23072 Roche',4,'FR5672262096779843069015199'),(5,'Alix','Maillard','17, boulevard Arthur Denis 42726 Duhamel',4,'FR1216707578933131405834981'),(6,'Astrid','Nicolas','boulevard de Voisin 70964 Sainte MartinBourg',4,'FR8032167090511774794554233'),(7,'Marthe','Coste','rue de Foucher 18128 Pires-sur-Letellier',4,'FR2817779891759796097500483'),(8,'Michel','Bernard','51, rue Blondel 39164 Sainte Arthur-la-Fort',3,'FR9189710314950156208376364'),(9,'Zacharie','Dumas','rue Simon 17253 Lecoq-sur-Mer',4,'FR9570962563372263761201475'),(10,'Margaret','Bigot','2, chemin Bousquet 05462 Sainte Cline',2,'FR7752411300170828872560720'),(11,'Luc','Collet','rue Mathilde Cohen 31467 Saint OcaneBourg',3,'FR1754884262135528084114545'),(12,'Alphonse','Buisson','989, chemin de Duval 01910 Delorme',2,'FR6502213030630403419534762'),(13,'Agathe','Masson','70, rue Thibault 99524 Sainte Laurent',4,'FR2592952770291934791478485'),(14,'Claude','Barbe','99, rue de Lecomte 45595 Cohen',4,'FR8343613125486888228633257'),(15,'Frdrique','Leclercq','76, chemin Bertin 00308 Saint PierreVille',2,'FR7598433150901721794860935'),(16,'Frdric','Carlier','39, rue Daniel Delattre 83388 Ledoux-sur-Ferrand',3,'FR6892316961579928602463568'),(17,'Alphonse','Godard','6, rue Paulette Petitjean 84045 Ramos-sur-Bertin',3,'FR8182144896766035863730103'),(18,'Agathe','Roy','862, rue Franois 68542 Saint Emmanuelle-sur-Mer',4,'FR4946750728891038109120669'),(19,'Brigitte','Hernandez','rue de Dupuis 29595 Sainte Lucas',2,'FR5393786637559036728032619'),(20,'Gabrielle','Delahaye','71, boulevard de Carre 23752 Bruneau-la-Fort',3,'FR5338245633477810217446068'),(21,'Margaud','Guilbert','83, avenue de Boyer 71554 Sainte Ccile',2,'FR4434108265042503140919473'),(22,'Nicolas','Masse','86, rue de Lvy 24494 Renaud',4,'FR7215299911826396935925191'),(23,'Margaud','Garcia','8, boulevard Marques 94285 Hoareau',3,'FR9001718817088273078644692'),(24,'Alice','Guichard','65, rue de Legros 33430 Delahaye-sur-Bertrand',3,'FR5380361816530715449991983'),(25,'Dominique','Vidal','82, chemin Lelivre 08988 Saint Julietteboeuf',4,'FR3561331473998865043810222'),(26,'Marie','Lejeune','175, avenue Joseph 66579 Mends-la-Fort',3,'FR3000618774918446272974869'),(27,'Claire','Vallet','9, boulevard Aubry 75755 Leclercdan',3,'FR4834796113727413260512128'),(28,'Paulette','Caron','633, chemin Fournier 36969 Allain-les-Bains',4,'FR3565379504136752348568451'),(29,'Brigitte','Grard','8, rue Bourdon 27834 Gurin',4,'FR6183090372650147349385504'),(30,'lisabeth','Dos Santos','94, avenue de Diaz 88025 Bouvet-la-Fort',4,'FR2762833392868485387369201'),(31,'Adle','Lacombe','boulevard Peltier 61486 Raymond',4,'FR9642610508907055601595362'),(32,'Alexandre','Meunier','3, avenue Dupont 75010 Bailly-la-Fort',2,'FR3205675509954039431610099'),(33,'Jean','Fouquet','82, rue Vaillant 31732 Coste',4,'FR0457461319656231617302889'),(34,'Hlne','Ledoux','77, avenue de Lenoir 86609 Durand',3,'FR5715511743014646335971765'),(35,'Hortense','Bazin','83, chemin de Hamel 09649 GurinBourg',3,'FR5327259634895588487522084'),(36,'Christine','Leclerc','88, rue Pauline Normand 70611 Gosselin',4,'FR9592297548085008239984378'),(37,'Henri','Klein','655, rue de Chevallier 44167 Maillot',3,'FR0960949754955238182362005'),(38,'Emmanuel','Bouvier','7, rue Roche 01052 Le Goff',3,'FR4391849085178742359171991'),(39,'Capucine','Gimenez','49, avenue Hamel 05102 Coulonnec',2,'FR6645910889547498579753995'),(40,'Laurence','Joseph','rue de Lacroix 20732 Dijouxdan',2,'FR9115480683843974502761973'),(41,'Caroline','Camus','rue de Peron 72389 Saint GabrielVille',4,'FR2587490976498850214311190'),(42,'Victoire','Mace','rue Jacqueline Alves 89763 LegrandVille',4,'FR4625990897528266224735375'),(43,'Paulette','Marie','66, chemin Gauthier 32781 Sainte Margaud',3,'FR3316596079985510233296114'),(44,'Stphane','Sanchez','avenue Lebreton 45275 Boulanger',2,'FR0226245019288868692260943'),(45,'Marie','Peron','15, rue Perrot 57178 Morvan-la-Fort',3,'FR2862550524791231460875312'),(46,'Alfred','Colas','rue de Garnier 62316 Monnierboeuf',4,'FR8333259186964107983957816'),(47,'Antoinette','Gillet','rue Carpentier 34383 Laurent',2,'FR5318766096469874904443165'),(48,'Christelle','Dubois','48, rue Bouchet 96971 Guichard',3,'FR7980033420708807361858349'),(49,'Thibaut','Jacques','8, rue de Neveu 47079 MaheVille',1,'FR3587632665983792524949952'),(50,'Lucas','Millet','11, rue Benoit 37946 Toussaint',4,'FR5643429372510003751641454'),(51,'Gabrielle','Gay','2, chemin Pages 07095 Lejeune-sur-Mer',4,'FR3875360267346217190684058'),(52,'Camille','Gilbert','29, rue de Bodin 21826 Lesage-la-Fort',3,'FR9896536750781754762834951'),(53,'Adrienne','Hardy','76, rue de Labb 85713 Guillot',4,'FR3497798323480166856019680'),(54,'Vronique','Moulin','59, rue de Legendre 00669 Blanchard',4,'FR7884261541087577690933514'),(55,'Michel','Rodrigues','71, rue Chrtien 77584 Bertrand',2,'FR9798532591831060042663403'),(56,'Vronique','Lamy','86, chemin de Legrand 25974 Allain',2,'FR7477536673952077774125782'),(57,'Manon','Jourdan','boulevard Maggie Courtois 31902 Jacob-la-Fort',4,'FR6945632775483308297270594'),(58,'Benjamin','Reynaud','boulevard Diane Pineau 65356 Saint Clmence',4,'FR9727311976705708591919240'),(59,'Jeanne','Coulon','4, rue de Lacombe 25304 Langloisboeuf',4,'FR8670485496934027105481518'),(60,'Ccile','Maillot','59, avenue De Sousa 44134 BarbeVille',3,'FR1082533323651733866717965'),(61,'Claire','Rocher','62, avenue Dumas 08820 Fernandesnec',3,'FR6220415928740236117776685'),(62,'Marie','Guichard','rue Susanne Grgoire 33214 Garnier',4,'FR8971701449766333690648168'),(63,'Thomas','Picard','8, boulevard Barthelemy 77370 Pires-la-Fort',3,'FR5304682451369459350398929'),(64,'Maryse','Bernard','585, avenue Anouk Albert 69111 Guyon-la-Fort',3,'FR7300845278656016143636293'),(65,'tienne','Lamy','9, rue de Morvan 25496 Sainte Denise-la-Fort',3,'FR6910749518242703889283133'),(66,'Philippine','Boyer','38, chemin Pereira 38473 Saint Vroniqueboeuf',2,'FR8115597146519325106340348'),(67,'Susan','Munoz','506, chemin Georges 85845 Lesage',4,'FR1343105203582005916764248'),(68,'Joseph','Perrin','85, chemin Bernard Launay 13099 Munoz',3,'FR2772201709203465847765670'),(69,'Joseph','Potier','3, chemin de Da Silva 23552 Marty-les-Bains',3,'FR0918276546722810749659684'),(70,'Bernard','Loiseau','54, avenue de Vaillant 24074 Saint Pnlope',4,'FR6927023133173718621818641'),(71,'Antoine','Pruvost','54, boulevard Daniel Masson 25065 Baron',3,'FR6197056947184568772855855'),(72,'Marthe','Diaz','boulevard Gabrielle Thierry 89450 Saint Thrse',1,'FR4175138794746925739087167'),(73,'Madeleine','Bonnet','67, chemin Lon Chauvin 17305 Georges',4,'FR7145135242570437167285244'),(74,'William','Weber','41, rue Cohen 07677 Gaudin',3,'FR0263715297245328908485659'),(75,'Franoise','Renaud','rue de Blanc 63776 Chauveau',4,'FR1691836850126679261945683'),(76,'Laurence','Valle','347, avenue Aime Imbert 12922 Breton',3,'FR6209136126697248880314908'),(77,'Stphane','Martinez','67, chemin Roger Bourgeois 40809 Nicolas',4,'FR4796659247648026091007780'),(78,'Monique','Bailly','67, rue de Pasquier 11218 Tessiernec',4,'FR5144092985612746645359545'),(79,'Marine','Mallet','41, rue Gillet 77736 Thibault',2,'FR0770624408281422133505021'),(80,'Clmence','Delorme','rue Charpentier 57964 Blondel-sur-Leblanc',4,'FR8341513421641684034045737'),(81,'Alix','Briand','85, avenue de Dumont 33317 Hoarau-sur-Mer',3,'FR4540377954431389787168068'),(82,'Marcel','Thierry','boulevard Prvost 83938 Georges',4,'FR2482123337499392631763204'),(83,'Louis','Jacques','84, chemin Jean 43501 Laporte',4,'FR8888300913783205133502189'),(84,'Nicole','Valentin','9, chemin Bernard Mahe 55224 Saint Nicolas',4,'FR5883597374082365965699042'),(85,'Nath','Clerc','76, rue Gillet 80458 Saint Michelle',3,'FR5092452196592476114017273'),(86,'Thibault','Chevallier','rue Meyer 82236 Ramos',4,'FR1132690692169006226136284'),(87,'Jean','Foucher','52, rue de Turpin 84283 Millet',4,'FR8198437485007382541202099'),(88,'Hlne','Gaillard','96, rue Sbastien Weber 14951 BrunetVille',3,'FR4651472114356530956000816'),(89,'Agns','Mace','842, boulevard Moreno 57157 Coste',3,'FR5138840664095670977438356'),(90,'Charles','Aubry','22, rue Dupuis 86511 Maurice',4,'FR8466164601532706045776321'),(91,'Virginie','Picard','97, boulevard Bourgeois 59225 Langlois',4,'FR5830604882736935315303650'),(92,'Pauline','Louis','87, boulevard Raymond Maillot 25329 Sainte Agns',4,'FR4609795362850063060304826'),(93,'Christiane','Lemoine','60, chemin de Vallet 32729 Boucher',3,'FR1103356021766257084416886'),(94,'Maggie','Leblanc','25, boulevard Yves Barbe 29604 Bouvier',4,'FR6111266112846535237909996'),(95,'Marguerite','Petitjean','977, avenue Denise Laporte 01754 Cordier-sur-Bourgeois',4,'FR5599165912810325727537337'),(96,'Denise','Deschamps','rue Vincent Valle 67184 Sainte lisabethVille',2,'FR7798543448467762559630871'),(97,'Marc','Mace','451, rue Capucine Bertin 95969 Lefortnec',4,'FR3729398821907473132772593'),(98,'Jeannine','Vallet','99, boulevard de Louis 69747 Saint ChantalVille',3,'FR1744687942386812597727956'),(99,'Adrien','Mary','25, boulevard Antoinette Chartier 13242 Weber',4,'FR9809311408125692303094888'),(100,'Laurent','Ferrand','12, rue de Hoarau 13317 Gauthier-sur-Fernandez',2,'FR1824507097874626156593504'),(101,'Richard','Franois','6, rue Techer 51675 Dupont',2,'FR8662173884253259344442200'),(102,'Tristan','Guillet','45, rue Texier 23117 Sainte Michle',3,'FR1952330093403453930362676'),(103,'Margaux','Lejeune','78, rue ric Klein 58818 Mary',3,'FR7743433219289439362546761'),(104,'Vronique','Devaux','12, avenue Olivie Bourdon 18678 Auger',3,'FR2789038770210598934219839'),(105,'Thophile','Royer','633, rue Masson 95759 Bruneaudan',3,'FR0520226337010058217798511'),(106,'Nomi','Delannoy','rue Leblanc 53852 Nguyendan',4,'FR2551233991923212850967715'),(107,'Isabelle','Hebert','avenue Da Costa 62671 BonneauVille',4,'FR5151998911548711539875404'),(108,'Monique','Bruneau','27, avenue Michelle Hoarau 67893 DufourBourg',3,'FR7075072570107267667515340'),(109,'Roger','Poirier','avenue de Joly 04579 Gonzalez',3,'FR3931741320889293172662646'),(110,'Roland','Pires','27, avenue de Roche 56018 Philippe-la-Fort',2,'FR9184349943086366621129581'),(111,'Michelle','Ledoux','44, boulevard de Grenier 11417 Lvy',3,'FR7102180723679584017105621'),(112,'lisabeth','Poulain','28, boulevard de Teixeira 61045 Saint ricboeuf',4,'FR6721517153046691831062765'),(113,'Clina','Gilles','38, rue de Fernandez 59506 ValletBourg',4,'FR3830731900338307086172395'),(114,'Marine','Picard','16, rue Adrienne Chauvin 30753 Sainte Rogerboeuf',2,'FR6038671113485374551489893'),(115,'Michel','Martins','7, rue Leclerc 90195 Morinnec',2,'FR9560476728003265221200936'),(116,'Marcel','Lenoir','1, rue Arnaude Guillou 35665 Delorme-la-Fort',2,'FR1442354439386598005156848'),(117,'Margaud','Martel','79, boulevard Patricia Denis 79229 Sainte Madeleine',3,'FR1757490630342801082955862'),(118,'lisabeth','Martel','55, avenue de Martins 56620 Boyer-sur-Normand',1,'FR1136997161829265400412941'),(119,'Capucine','Besnard','boulevard Paul Rivire 34016 MaryVille',1,'FR5608764542180085117332218'),(120,'Audrey','Blanc','9, avenue de Hamel 37761 Sainte Patrick',3,'FR2178072790859048133656109'),(121,'Nicole','Barthelemy','27, boulevard de Munoz 37093 Gaillard',4,'FR0488302341825480466562269'),(122,'Agns','Thomas','61, avenue de Lenoir 71937 Sainte ThibautVille',4,'FR4921345271828566591559011'),(123,'Claire','Alexandre','avenue Nicolas Ferrand 33045 Lecoq',3,'FR6795598234092069162603028'),(124,'Auguste','Techer','87, chemin Bailly 37863 Colas',3,'FR4825790173430359552447055'),(125,'Christelle','Faure','29, rue Adlade Boucher 03648 Sainte Constancedan',4,'FR8796764109972439847045324'),(126,'Charles','Marques','92, rue Clina Clment 01735 Gomes',3,'FR9056860013492407213956546'),(127,'Nomi','Lecoq','588, rue de Lecoq 41492 Bernier',3,'FR1322032498889085617711296'),(128,'Marcelle','Bouvier','avenue Frdrique Lemoine 87213 Mathieu',4,'FR5369410246757292637769580'),(129,'Clina','Lesage','94, rue Agns Perrot 38065 Lebreton-les-Bains',4,'FR4733332238646570472794608'),(130,'Alix','Delattre','rue de Seguin 01849 Berger-sur-Mahe',4,'FR2232192211966454355717437'),(131,'Jacqueline','Carlier','13, rue Jules Turpin 92468 Sainte Constancenec',4,'FR2385621767522701846606082'),(132,'Augustin','Bonnin','5, rue de Roche 10450 Weberboeuf',4,'FR6618597783240767606431664'),(133,'Sophie','Hamel','66, avenue Olivier Lucas 43124 Sainte Dorothe',4,'FR8455018442523410533483484'),(134,'Emmanuel','Bernard','84, rue Legrand 06656 Da Costa',4,'FR9303037145185626858417240'),(135,'Auguste','Baron','37, rue de Rodrigues 43888 Bernier',3,'FR8164420331520063453686497'),(136,'Antoinette','Blanc','boulevard de Jean 09799 Lebon',3,'FR1932361805055896300625471'),(137,'Margaux','Mahe','41, chemin de Guilbert 23527 Garnierdan',4,'FR8837280189178967904325668'),(138,'Bernadette','Millet','15, rue de Wagner 60287 MoreauBourg',1,'FR1604777123464782411154945'),(139,'Adrien','Gallet','23, avenue de Bouchet 97244 Sainte Zacharie',4,'FR3355132776035701151679210'),(140,'Laurent','Bazin','977, rue de Navarro 52383 Vasseur-sur-Mer',3,'FR3745356741798689277084509'),(141,'Lucas','Mahe','chemin Duval 37851 Sainte mile',3,'FR1092061488345913913698742'),(142,'Jules','Lelivre','616, rue de Lefebvre 60088 Briand',3,'FR7604115094180989792734763'),(143,'Nol','Delmas','9, boulevard Lombard 41947 BerthelotBourg',2,'FR0332572133200983238239134'),(144,'Audrey','Michaud','90, rue de Texier 77624 tienne-la-Fort',4,'FR9269517534919427066981437'),(145,'Alexandre','Delaunay','435, rue Marguerite Alexandre 49107 Diaz',3,'FR1749256668733029963305487'),(146,'Marcel','Ribeiro','avenue Ferrand 62621 Saint GabrielBourg',3,'FR8065553868706710243430252'),(147,'Odette','Merle','40, rue Gallet 98460 Dupr',2,'FR2996218658343382260297004'),(148,'Nomi','Guillou','boulevard de Guillou 22600 Dupr-les-Bains',2,'FR4205059046480370245190692'),(149,'Caroline','Prvost','2, boulevard de Nol 66829 Thierry',3,'FR3386484047651010096256088'),(150,'Vincent','Diallo','90, rue Victoire Georges 55671 Lvquedan',3,'FR9618335673523758012765390');
/*!40000 ALTER TABLE `Personnel` ENABLE KEYS */;
UNLOCK TABLES;

--
-- Table structure for table `Recettes`
--

DROP TABLE IF EXISTS `Recettes`;
/*!40101 SET @saved_cs_client     = @@character_set_client */;
/*!40101 SET character_set_client = utf8 */;
CREATE TABLE `Recettes` (
  `item_id` int(11) NOT NULL,
  `ing_id` int(11) NOT NULL,
  `unites` double NOT NULL,
  UNIQUE KEY `item_id` (`item_id`,`ing_id`),
  KEY `Recettes_fk1` (`ing_id`),
  CONSTRAINT `Recettes_fk0` FOREIGN KEY (`item_id`) REFERENCES `Items` (`id`) ON DELETE CASCADE,
  CONSTRAINT `Recettes_fk1` FOREIGN KEY (`ing_id`) REFERENCES `Ingredients` (`id`) ON DELETE CASCADE
) ENGINE=InnoDB DEFAULT CHARSET=latin1;
/*!40101 SET character_set_client = @saved_cs_client */;

--
-- Dumping data for table `Recettes`
--

LOCK TABLES `Recettes` WRITE;
/*!40000 ALTER TABLE `Recettes` DISABLE KEYS */;
INSERT INTO `Recettes` VALUES (1,1,1),(1,2,1),(1,3,0.1),(1,4,0.2),(1,5,1),(1,6,1),(1,9,1),(2,1,1),(2,2,2),(2,3,0.1),(2,4,0.2),(2,5,1),(2,6,2),(2,9,1),(3,7,1),(3,8,1),(3,9,1),(4,10,2),(4,11,0.2),(5,3,0.5),(5,6,1),(5,7,1),(5,12,0.3),(5,13,1),(6,14,1),(6,15,1),(7,14,1),(7,16,1);
/*!40000 ALTER TABLE `Recettes` ENABLE KEYS */;
UNLOCK TABLES;

--
-- Table structure for table `Restaurants`
--

DROP TABLE IF EXISTS `Restaurants`;
/*!40101 SET @saved_cs_client     = @@character_set_client */;
/*!40101 SET character_set_client = utf8 */;
CREATE TABLE `Restaurants` (
  `id` int(11) NOT NULL AUTO_INCREMENT,
  `code_postal` char(5) NOT NULL,
  `ville` varchar(12) NOT NULL,
  `pays_id` int(11) NOT NULL,
  `capacite` int(11) NOT NULL,
  `espace_enfant` tinyint(4) NOT NULL,
  `borneCB` tinyint(4) NOT NULL,
  `handicap` tinyint(4) NOT NULL,
  `parking` tinyint(4) NOT NULL,
  PRIMARY KEY (`id`),
  UNIQUE KEY `code_postal` (`code_postal`),
  UNIQUE KEY `ville` (`ville`),
  KEY `Restaurants_fk0` (`pays_id`),
  CONSTRAINT `Restaurants_fk0` FOREIGN KEY (`pays_id`) REFERENCES `Pays` (`id`) ON DELETE CASCADE
) ENGINE=InnoDB AUTO_INCREMENT=13 DEFAULT CHARSET=latin1;
/*!40101 SET character_set_client = @saved_cs_client */;

--
-- Dumping data for table `Restaurants`
--

LOCK TABLES `Restaurants` WRITE;
/*!40000 ALTER TABLE `Restaurants` DISABLE KEYS */;
INSERT INTO `Restaurants` VALUES (1,'64000','Pau',1,96,0,0,0,1),(2,'64100','Bayonne',1,51,0,0,0,1),(3,'64200','Anglet',1,96,1,0,1,1),(4,'64600','Biarritz',1,76,0,1,1,0),(5,'75000','Paris',1,56,1,1,0,1),(6,'69000','Lyon',1,81,0,0,0,1),(7,'13000','Marseille',1,82,1,1,1,0),(8,'08000','Barcelone',2,58,0,1,0,1),(9,'20000','Donostia',2,49,1,1,1,1),(10,'28000','Madrid',2,64,0,0,1,1),(11,'10115','Berlin',3,67,0,0,0,0),(12,'80331','Munich',3,68,0,1,1,1);
/*!40000 ALTER TABLE `Restaurants` ENABLE KEYS */;
UNLOCK TABLES;

--
-- Table structure for table `Stocks`
--

DROP TABLE IF EXISTS `Stocks`;
/*!40101 SET @saved_cs_client     = @@character_set_client */;
/*!40101 SET character_set_client = utf8 */;
CREATE TABLE `Stocks` (
  `ing_id` int(11) NOT NULL,
  `resto_id` int(11) NOT NULL,
  `unites` int(11) DEFAULT NULL,
  UNIQUE KEY `ing_id` (`ing_id`,`resto_id`),
  KEY `Stocks_fk1` (`resto_id`),
  CONSTRAINT `Stocks_fk0` FOREIGN KEY (`ing_id`) REFERENCES `Ingredients` (`id`) ON DELETE CASCADE,
  CONSTRAINT `Stocks_fk1` FOREIGN KEY (`resto_id`) REFERENCES `Restaurants` (`id`) ON DELETE CASCADE
) ENGINE=InnoDB DEFAULT CHARSET=latin1;
/*!40101 SET character_set_client = @saved_cs_client */;

--
-- Dumping data for table `Stocks`
--

LOCK TABLES `Stocks` WRITE;
/*!40000 ALTER TABLE `Stocks` DISABLE KEYS */;
INSERT INTO `Stocks` VALUES (1,1,1896),(1,2,1780),(1,3,262),(1,4,167),(1,5,1766),(1,6,1394),(1,7,1529),(1,8,283),(1,9,703),(1,10,483),(1,11,170),(1,12,652),(2,1,1963),(2,2,836),(2,3,1977),(2,4,661),(2,5,1681),(2,6,1960),(2,7,979),(2,8,745),(2,9,462),(2,10,1080),(2,11,302),(2,12,1808),(3,1,666),(3,2,554),(3,3,63),(3,4,823),(3,5,1536),(3,6,1000),(3,7,1856),(3,8,1246),(3,9,193),(3,10,1417),(3,11,1840),(3,12,47),(4,1,1926),(4,2,608),(4,3,493),(4,4,1264),(4,5,1341),(4,6,134),(4,7,15),(4,8,340),(4,9,1608),(4,10,219),(4,11,782),(4,12,1314),(5,1,578),(5,2,1042),(5,3,387),(5,4,1001),(5,5,245),(5,6,881),(5,7,1555),(5,8,141),(5,9,444),(5,10,262),(5,11,941),(5,12,905),(6,1,1),(6,2,238),(6,3,1650),(6,4,1776),(6,5,827),(6,6,1234),(6,7,511),(6,8,965),(6,9,1095),(6,10,1705),(6,11,1520),(6,12,1145),(7,1,1126),(7,2,1559),(7,3,343),(7,4,1766),(7,5,1334),(7,6,362),(7,7,1801),(7,8,220),(7,9,964),(7,10,1246),(7,11,0),(7,12,0),(8,1,1885),(8,2,1367),(8,3,831),(8,4,1351),(8,5,976),(8,6,538),(8,7,1322),(8,8,1914),(8,9,1969),(8,10,117),(8,11,0),(8,12,0),(9,1,1718),(9,2,803),(9,3,1721),(9,4,99),(9,5,1340),(9,6,402),(9,7,1229),(9,8,1358),(9,9,846),(9,10,1316),(9,11,605),(9,12,64),(10,1,203),(10,2,257),(10,3,604),(10,4,880),(10,5,550),(10,6,1635),(10,7,497),(10,8,0),(10,9,0),(10,10,0),(10,11,532),(10,12,451),(11,1,1937),(11,2,1408),(11,3,1459),(11,4,510),(11,5,631),(11,6,1336),(11,7,1247),(11,8,0),(11,9,0),(11,10,0),(11,11,1432),(11,12,76),(12,1,1492),(12,2,1339),(12,3,1462),(12,4,856),(12,5,488),(12,6,1023),(12,7,289),(12,8,14),(12,9,187),(12,10,1704),(12,11,0),(12,12,0),(13,1,1606),(13,2,98),(13,3,730),(13,4,1761),(13,5,569),(13,6,1382),(13,7,1958),(13,8,1634),(13,9,1215),(13,10,1252),(13,11,0),(13,12,0),(14,1,1221),(14,2,1386),(14,3,293),(14,4,132),(14,5,1264),(14,6,553),(14,7,1157),(14,8,260),(14,9,216),(14,10,1976),(14,11,570),(14,12,801),(15,1,1474),(15,2,355),(15,3,1324),(15,4,189),(15,5,1729),(15,6,1875),(15,7,1452),(15,8,0),(15,9,0),(15,10,0),(15,11,1029),(15,12,64),(16,1,511),(16,2,1842),(16,3,358),(16,4,1470),(16,5,1847),(16,6,1570),(16,7,1032),(16,8,1842),(16,9,452),(16,10,1115),(16,11,1814),(16,12,1535);
/*!40000 ALTER TABLE `Stocks` ENABLE KEYS */;
UNLOCK TABLES;

--
-- Dumping routines for database 'JunkFood_2021'
--
/*!40103 SET TIME_ZONE=@OLD_TIME_ZONE */;

/*!40101 SET SQL_MODE=@OLD_SQL_MODE */;
/*!40014 SET FOREIGN_KEY_CHECKS=@OLD_FOREIGN_KEY_CHECKS */;
/*!40014 SET UNIQUE_CHECKS=@OLD_UNIQUE_CHECKS */;
/*!40101 SET CHARACTER_SET_CLIENT=@OLD_CHARACTER_SET_CLIENT */;
/*!40101 SET CHARACTER_SET_RESULTS=@OLD_CHARACTER_SET_RESULTS */;
/*!40101 SET COLLATION_CONNECTION=@OLD_COLLATION_CONNECTION */;
/*!40111 SET SQL_NOTES=@OLD_SQL_NOTES */;

-- Dump completed on 2021-12-09  9:17:21
