-- MariaDB dump 10.17  Distrib 10.4.13-MariaDB, for debian-linux-gnu (x86_64)
--
-- Host: localhost    Database: JunkFood_2021
-- ------------------------------------------------------
-- Server version	10.4.13-MariaDB-1:10.4.13+maria~bionic-log

/*!40101 SET @OLD_CHARACTER_SET_CLIENT=@@CHARACTER_SET_CLIENT */;
/*!40101 SET @OLD_CHARACTER_SET_RESULTS=@@CHARACTER_SET_RESULTS */;
/*!40101 SET @OLD_COLLATION_CONNECTION=@@COLLATION_CONNECTION */;
/*!40101 SET NAMES utf8mb4 */;
/*!40103 SET @OLD_TIME_ZONE=@@TIME_ZONE */;
/*!40103 SET TIME_ZONE='+00:00' */;
/*!40014 SET @OLD_UNIQUE_CHECKS=@@UNIQUE_CHECKS, UNIQUE_CHECKS=0 */;
/*!40014 SET @OLD_FOREIGN_KEY_CHECKS=@@FOREIGN_KEY_CHECKS, FOREIGN_KEY_CHECKS=0 */;
/*!40101 SET @OLD_SQL_MODE=@@SQL_MODE, SQL_MODE='NO_AUTO_VALUE_ON_ZERO' */;
/*!40111 SET @OLD_SQL_NOTES=@@SQL_NOTES, SQL_NOTES=0 */;

--
-- Table structure for table `Cartes`
--

DROP TABLE IF EXISTS `Cartes`;
/*!40101 SET @saved_cs_client     = @@character_set_client */;
/*!40101 SET character_set_client = utf8 */;
CREATE TABLE `Cartes` (
  `pays_id` int(11) NOT NULL,
  `item_id` int(11) DEFAULT NULL,
  UNIQUE KEY `pays_id` (`pays_id`,`item_id`),
  KEY `Cartes_fk1` (`item_id`),
  CONSTRAINT `Cartes_fk0` FOREIGN KEY (`pays_id`) REFERENCES `Pays` (`id`) ON DELETE CASCADE,
  CONSTRAINT `Cartes_fk1` FOREIGN KEY (`item_id`) REFERENCES `Items` (`id`) ON DELETE CASCADE
) ENGINE=InnoDB DEFAULT CHARSET=latin1;
/*!40101 SET character_set_client = @saved_cs_client */;

--
-- Dumping data for table `Cartes`
--

LOCK TABLES `Cartes` WRITE;
/*!40000 ALTER TABLE `Cartes` DISABLE KEYS */;
INSERT INTO `Cartes` VALUES (1,1),(1,2),(1,3),(1,4),(1,5),(1,6),(1,7),(1,8),(1,9),(1,10),(1,11),(1,12),(1,13),(1,14),(1,15),(1,16),(1,17),(2,2),(2,3),(2,5),(2,7),(2,8),(2,9),(2,10),(2,11),(2,12),(2,13),(2,14),(2,16),(2,17),(3,1),(3,2),(3,4),(3,6),(3,7),(3,8),(3,9),(3,10),(3,11),(3,12),(3,13),(3,14),(3,15);
/*!40000 ALTER TABLE `Cartes` ENABLE KEYS */;
UNLOCK TABLES;

--
-- Table structure for table `History`
--

DROP TABLE IF EXISTS `History`;
/*!40101 SET @saved_cs_client     = @@character_set_client */;
/*!40101 SET character_set_client = utf8 */;
CREATE TABLE `History` (
  `annee` year(4) NOT NULL,
  `ind_id` int(11) NOT NULL,
  `resto_id` int(11) NOT NULL,
  `poste` enum('directeur','manager','employe') NOT NULL,
  `domaine` enum('cuisine','caisse') DEFAULT NULL,
  `superieur` int(11) DEFAULT NULL,
  `note` int(11) DEFAULT NULL,
  `salaire` decimal(10,0) NOT NULL,
  PRIMARY KEY (`ind_id`,`annee`),
  KEY `History_fk1` (`resto_id`),
  KEY `History_fk2` (`superieur`),
  CONSTRAINT `History_fk0` FOREIGN KEY (`ind_id`) REFERENCES `Personnel` (`id`) ON DELETE CASCADE,
  CONSTRAINT `History_fk1` FOREIGN KEY (`resto_id`) REFERENCES `Restaurants` (`id`) ON DELETE CASCADE,
  CONSTRAINT `History_fk2` FOREIGN KEY (`superieur`) REFERENCES `Personnel` (`id`) ON DELETE CASCADE
) ENGINE=InnoDB DEFAULT CHARSET=latin1;
/*!40101 SET character_set_client = @saved_cs_client */;

--
-- Dumping data for table `History`
--

LOCK TABLES `History` WRITE;
/*!40000 ALTER TABLE `History` DISABLE KEYS */;
INSERT INTO `History` VALUES (2019,1,3,'employe','caisse',62,7,2714),(2021,1,3,'employe','cuisine',26,2,2987),(2018,2,1,'employe','cuisine',129,7,2455),(2019,2,6,'employe','caisse',140,1,2060),(2021,2,7,'manager','caisse',111,10,3449),(2018,3,9,'employe','cuisine',105,5,3334),(2019,3,12,'employe','cuisine',28,4,1657),(2020,3,3,'manager','cuisine',139,10,2723),(2021,3,12,'employe','cuisine',19,1,3245),(2018,4,12,'employe','caisse',72,2,2838),(2019,4,12,'employe','cuisine',28,10,2622),(2020,4,3,'employe','cuisine',3,4,1366),(2018,5,12,'directeur','cuisine',NULL,7,1559),(2019,5,1,'employe','caisse',68,6,3045),(2020,5,8,'employe','cuisine',38,1,1538),(2021,5,6,'employe','caisse',83,0,3294),(2019,6,5,'employe','cuisine',39,4,3443),(2020,6,11,'directeur','caisse',NULL,7,1903),(2021,6,11,'employe','cuisine',63,6,1875),(2019,7,9,'employe','caisse',72,9,2679),(2020,7,1,'manager','cuisine',147,9,2001),(2018,8,5,'manager','cuisine',25,10,1898),(2020,8,11,'employe','caisse',128,5,2050),(2021,8,5,'directeur','caisse',NULL,9,1255),(2018,9,8,'manager','caisse',115,10,3285),(2019,9,4,'employe','cuisine',33,3,3332),(2020,9,2,'manager','caisse',132,8,3411),(2021,9,5,'employe','caisse',94,2,3444),(2018,10,5,'employe','cuisine',94,4,2159),(2020,10,11,'employe','cuisine',128,10,3314),(2021,10,2,'employe','cuisine',36,8,2797),(2018,11,2,'employe','caisse',83,3,3349),(2019,11,5,'employe','caisse',39,0,1388),(2020,11,5,'employe','caisse',93,4,2758),(2021,11,8,'employe','cuisine',49,1,3328),(2018,12,12,'employe','caisse',32,5,3222),(2019,12,9,'employe','caisse',72,10,2181),(2020,12,1,'employe','caisse',35,1,3376),(2021,12,9,'employe','caisse',32,7,3121),(2018,13,8,'employe','cuisine',9,5,1567),(2020,13,12,'employe','cuisine',94,2,2036),(2021,13,5,'employe','cuisine',94,6,1995),(2018,14,6,'manager','cuisine',39,5,2697),(2019,14,7,'employe','cuisine',59,1,1683),(2020,14,1,'employe','cuisine',7,1,2588),(2021,14,2,'employe','cuisine',36,1,3043),(2019,15,3,'employe','caisse',38,5,2425),(2021,15,2,'employe','cuisine',36,5,1504),(2018,16,9,'employe','cuisine',105,4,2300),(2019,16,7,'employe','caisse',120,0,2327),(2020,16,9,'employe','cuisine',60,2,1437),(2021,16,12,'employe','cuisine',19,7,3287),(2018,17,3,'directeur','caisse',NULL,6,2999),(2019,17,4,'employe','caisse',33,4,2059),(2021,17,1,'manager','cuisine',106,8,1627),(2019,18,11,'employe','caisse',22,2,1467),(2020,18,4,'employe','caisse',79,2,1634),(2021,18,4,'employe','caisse',46,10,3295),(2018,19,6,'employe','cuisine',14,9,2585),(2019,19,9,'employe','caisse',72,0,3389),(2020,19,8,'directeur','cuisine',NULL,10,3409),(2021,19,12,'manager','caisse',40,9,1352),(2019,20,5,'employe','caisse',39,0,1437),(2020,20,6,'manager','cuisine',39,8,3239),(2018,21,4,'directeur','cuisine',NULL,8,2180),(2020,21,6,'employe','caisse',20,1,2891),(2021,21,11,'employe','caisse',63,6,2087),(2018,22,7,'employe','cuisine',89,7,1751),(2019,22,11,'manager','caisse',140,3,2472),(2020,22,11,'employe','caisse',128,8,2082),(2019,23,6,'employe','cuisine',140,10,2534),(2020,23,10,'employe','caisse',95,1,3134),(2021,23,9,'employe','caisse',32,10,2423),(2018,24,12,'employe','cuisine',72,10,2331),(2019,24,3,'employe','cuisine',62,9,2777),(2020,24,7,'manager','caisse',111,0,2926),(2021,24,6,'employe','caisse',83,6,2940),(2018,25,5,'employe','caisse',8,1,1794),(2020,25,5,'directeur','caisse',NULL,6,2070),(2021,25,12,'employe','caisse',19,3,3399),(2018,26,1,'employe','caisse',129,3,1374),(2019,26,4,'employe','caisse',33,10,1688),(2021,26,3,'manager','cuisine',84,4,2698),(2018,27,4,'manager','caisse',21,6,1859),(2021,27,11,'employe','caisse',63,10,2416),(2018,28,7,'employe','cuisine',89,3,2156),(2019,28,12,'manager','cuisine',102,3,1245),(2021,28,12,'employe','caisse',19,2,1761),(2018,29,8,'directeur','caisse',NULL,5,2311),(2019,29,7,'employe','cuisine',59,9,3184),(2020,29,10,'employe','caisse',95,8,3264),(2021,29,11,'employe','cuisine',63,6,1356),(2018,30,4,'employe','caisse',27,3,2309),(2019,30,1,'employe','cuisine',68,6,2146),(2020,30,10,'employe','caisse',49,1,3076),(2021,30,12,'employe','cuisine',19,10,1585),(2018,31,9,'employe','caisse',105,6,1891),(2019,31,7,'employe','cuisine',120,8,3030),(2020,31,7,'employe','caisse',24,1,2685),(2021,31,3,'employe','cuisine',26,2,2482),(2018,32,12,'manager','cuisine',102,0,3019),(2019,32,8,'employe','caisse',49,5,3035),(2020,32,10,'employe','cuisine',95,9,3123),(2021,32,9,'manager','cuisine',61,5,2172),(2019,33,4,'manager','cuisine',62,2,2123),(2020,33,1,'employe','cuisine',35,7,2184),(2021,33,6,'directeur','caisse',NULL,1,2660),(2018,34,2,'employe','cuisine',83,4,2068),(2019,34,7,'directeur','cuisine',NULL,3,1204),(2020,34,5,'employe','caisse',93,2,2128),(2021,34,3,'employe','cuisine',26,4,2481),(2018,35,10,'employe','cuisine',136,1,1259),(2019,35,11,'employe','caisse',22,9,1874),(2020,35,1,'manager','caisse',147,4,3154),(2021,35,1,'employe','cuisine',17,10,1960),(2018,36,5,'directeur','caisse',NULL,9,1941),(2020,36,7,'employe','cuisine',24,1,2507),(2021,36,2,'manager','caisse',125,8,3015),(2019,37,6,'manager','cuisine',53,10,1410),(2020,37,1,'employe','caisse',7,9,1326),(2021,37,5,'manager','caisse',25,2,2497),(2018,38,2,'employe','caisse',83,5,1534),(2019,38,3,'manager','cuisine',17,8,1511),(2020,38,8,'manager','cuisine',115,7,2088),(2021,38,4,'employe','cuisine',46,4,2564),(2018,39,6,'directeur','caisse',NULL,3,3340),(2019,39,5,'manager','caisse',36,7,2944),(2020,39,4,'employe','caisse',79,8,1672),(2021,39,11,'employe','caisse',63,9,2533),(2018,40,3,'employe','caisse',122,4,1929),(2019,40,9,'employe','cuisine',72,10,2687),(2020,40,12,'directeur','cuisine',NULL,2,1681),(2021,40,3,'employe','caisse',26,10,3275),(2019,41,7,'employe','cuisine',120,8,2794),(2020,41,9,'employe','caisse',60,5,2809),(2018,42,1,'employe','cuisine',129,10,1449),(2019,42,11,'employe','caisse',22,0,1911),(2020,42,11,'employe','cuisine',128,2,3157),(2021,42,6,'employe','caisse',83,7,1918),(2018,43,3,'employe','caisse',122,5,1918),(2019,43,10,'employe','cuisine',139,2,2629),(2020,43,4,'employe','caisse',79,10,2655),(2021,43,5,'employe','caisse',37,0,2692),(2018,44,7,'employe','caisse',89,1,2737),(2020,44,12,'employe','cuisine',94,1,2106),(2018,45,3,'employe','cuisine',122,3,1772),(2019,45,4,'employe','cuisine',33,8,2148),(2020,45,2,'employe','cuisine',9,2,2227),(2018,46,1,'employe','cuisine',129,3,1381),(2020,46,5,'employe','cuisine',93,2,3254),(2021,46,4,'manager','caisse',138,9,1908),(2018,47,3,'employe','cuisine',122,9,1361),(2019,47,2,'employe','caisse',130,10,2446),(2018,48,1,'employe','caisse',129,7,3102),(2019,48,12,'employe','caisse',28,8,2767),(2020,48,5,'employe','cuisine',93,2,2749),(2018,49,11,'manager','cuisine',101,0,2831),(2019,49,8,'manager','caisse',107,0,2109),(2020,49,10,'manager','cuisine',93,9,3230),(2021,49,8,'manager','cuisine',19,7,2342),(2018,50,12,'employe','caisse',72,8,1365),(2021,50,3,'employe','caisse',114,0,2801),(2018,51,10,'employe','caisse',136,3,2477),(2019,51,10,'directeur','caisse',NULL,3,1455),(2020,51,1,'employe','caisse',7,5,3500),(2021,51,6,'employe','caisse',83,4,1243),(2018,52,5,'employe','cuisine',94,1,3232),(2020,52,1,'employe','caisse',35,4,3322),(2021,52,10,'employe','caisse',87,9,2487),(2018,53,10,'employe','caisse',136,1,2461),(2019,53,3,'employe','cuisine',38,5,3306),(2020,53,6,'directeur','caisse',NULL,7,1234),(2018,54,4,'employe','cuisine',27,3,1646),(2019,54,12,'employe','caisse',28,2,2718),(2020,54,2,'employe','caisse',80,5,2318),(2021,54,2,'employe','cuisine',36,5,2703),(2018,55,5,'employe','caisse',8,7,3088),(2020,55,6,'employe','cuisine',20,1,2347),(2020,56,11,'employe','caisse',128,7,2773),(2021,56,7,'directeur','cuisine',NULL,10,2545),(2018,57,9,'employe','cuisine',105,7,2372),(2019,57,1,'employe','caisse',68,8,1255),(2020,57,1,'directeur','caisse',NULL,9,1755),(2021,57,10,'employe','caisse',87,2,2768),(2020,58,6,'employe','cuisine',20,8,1319),(2018,59,9,'employe','cuisine',105,6,1521),(2019,59,7,'manager','caisse',34,6,1207),(2020,59,1,'employe','caisse',7,8,1602),(2021,59,1,'employe','cuisine',17,5,2427),(2018,60,9,'employe','cuisine',105,2,2949),(2020,60,9,'manager','caisse',146,6,2016),(2018,61,1,'employe','cuisine',129,6,2458),(2019,61,3,'employe','caisse',38,0,1672),(2020,61,11,'employe','cuisine',128,8,1589),(2021,61,9,'directeur','cuisine',NULL,5,2208),(2018,62,5,'employe','caisse',94,4,3449),(2019,62,3,'manager','caisse',84,9,3209),(2020,62,4,'directeur','cuisine',NULL,4,2514),(2021,62,7,'employe','caisse',2,0,3203),(2018,63,3,'employe','cuisine',122,4,1445),(2019,63,7,'employe','cuisine',59,4,2570),(2020,63,2,'employe','cuisine',9,9,2842),(2021,63,11,'manager','cuisine',123,1,2729),(2018,64,5,'employe','cuisine',94,6,2206),(2019,64,8,'employe','cuisine',49,9,1259),(2020,64,10,'employe','caisse',95,2,2191),(2019,65,3,'employe','cuisine',62,4,1284),(2021,65,7,'employe','caisse',2,5,1748),(2018,66,7,'employe','caisse',89,7,3158),(2019,66,6,'employe','caisse',140,8,3115),(2021,66,11,'employe','caisse',92,3,2888),(2019,67,5,'employe','cuisine',39,10,1986),(2018,68,4,'employe','cuisine',27,5,1926),(2019,68,1,'manager','cuisine',57,2,2224),(2021,68,3,'employe','cuisine',114,1,3449),(2018,69,3,'employe','cuisine',122,5,2186),(2019,69,2,'directeur','caisse',NULL,9,2560),(2020,69,4,'employe','cuisine',79,6,3384),(2021,69,1,'employe','cuisine',17,3,1891),(2018,70,7,'employe','cuisine',89,5,1676),(2019,70,5,'employe','cuisine',39,5,2145),(2020,70,2,'employe','cuisine',80,3,2492),(2021,70,9,'employe','cuisine',32,6,1675),(2018,71,10,'employe','cuisine',136,2,2759),(2019,71,8,'employe','cuisine',49,2,1600),(2020,71,1,'employe','cuisine',35,0,3293),(2021,71,7,'employe','cuisine',119,10,2995),(2018,72,12,'manager','cuisine',102,7,2729),(2019,72,9,'manager','caisse',61,2,2291),(2020,72,11,'employe','cuisine',128,2,2155),(2018,73,12,'employe','cuisine',72,10,2340),(2019,73,11,'employe','caisse',22,4,2440),(2020,73,4,'employe','cuisine',79,8,3046),(2018,74,9,'employe','caisse',105,8,3222),(2019,74,6,'employe','cuisine',37,8,1847),(2021,74,12,'employe','cuisine',19,5,1600),(2018,75,5,'employe','cuisine',8,6,2665),(2019,75,3,'employe','caisse',38,2,2731),(2020,75,2,'employe','caisse',9,6,3180),(2021,75,3,'employe','caisse',114,6,3381),(2018,76,2,'employe','cuisine',83,4,2260),(2019,76,6,'employe','cuisine',37,8,2897),(2020,76,10,'employe','caisse',49,8,1880),(2021,76,11,'employe','cuisine',63,1,1548),(2021,77,2,'employe','caisse',130,5,2529),(2018,78,12,'employe','cuisine',32,0,2625),(2019,78,10,'employe','cuisine',139,2,1855),(2020,78,12,'employe','caisse',94,3,2915),(2021,78,7,'employe','cuisine',119,3,2277),(2018,79,10,'directeur','caisse',NULL,5,1381),(2019,79,12,'employe','cuisine',28,0,2248),(2020,79,4,'manager','caisse',150,10,1809),(2021,79,1,'employe','caisse',17,2,2203),(2018,80,8,'employe','cuisine',9,2,1500),(2019,80,6,'employe','caisse',37,10,2102),(2020,80,2,'manager','caisse',125,7,2404),(2018,81,6,'employe','caisse',14,7,3459),(2020,81,5,'employe','cuisine',93,8,2739),(2018,82,3,'employe','cuisine',122,4,2517),(2020,82,7,'employe','caisse',24,10,1752),(2021,82,5,'employe','cuisine',37,7,2607),(2018,83,2,'manager','cuisine',69,0,3233),(2019,83,4,'employe','cuisine',33,8,1810),(2021,83,6,'manager','cuisine',53,9,2833),(2018,84,12,'employe','caisse',72,9,1866),(2020,84,3,'directeur','caisse',NULL,5,1226),(2021,84,5,'employe','caisse',94,8,2929),(2019,85,9,'employe','caisse',72,7,2021),(2021,85,4,'employe','cuisine',46,10,1750),(2018,86,8,'employe','cuisine',9,6,1915),(2019,86,5,'employe','cuisine',39,3,2960),(2020,86,3,'employe','cuisine',3,7,3205),(2021,86,6,'employe','caisse',83,4,3204),(2018,87,6,'employe','cuisine',14,2,1412),(2019,87,12,'directeur','caisse',NULL,4,3497),(2020,87,7,'employe','caisse',24,0,2074),(2021,87,10,'manager','cuisine',144,9,2990),(2018,88,6,'employe','cuisine',14,7,2828),(2019,88,3,'employe','cuisine',62,3,3423),(2020,88,2,'employe','cuisine',80,5,3008),(2021,88,5,'employe','cuisine',37,9,2923),(2018,89,7,'manager','caisse',145,5,2583),(2020,89,9,'employe','cuisine',60,1,2202),(2021,89,4,'employe','cuisine',46,4,3022),(2018,90,6,'employe','caisse',14,3,2108),(2019,90,10,'employe','cuisine',139,9,2846),(2020,90,2,'employe','cuisine',80,1,1425),(2019,91,4,'employe','caisse',33,1,2719),(2021,91,11,'employe','cuisine',63,0,2431),(2018,92,9,'directeur','cuisine',NULL,4,3330),(2020,92,7,'employe','cuisine',24,1,3268),(2021,92,11,'manager','caisse',101,9,1904),(2018,93,1,'directeur','caisse',NULL,9,2392),(2019,93,8,'employe','cuisine',49,2,1736),(2020,93,5,'manager','cuisine',109,5,3171),(2021,93,10,'directeur','cuisine',NULL,5,2555),(2018,94,5,'manager','cuisine',25,4,1999),(2019,94,7,'employe','caisse',59,8,1511),(2020,94,12,'manager','cuisine',102,10,2975),(2021,94,5,'manager','caisse',109,8,1933),(2019,95,6,'directeur','cuisine',NULL,0,1467),(2020,95,10,'manager','cuisine',144,10,1221),(2021,95,4,'employe','cuisine',46,2,2134),(2018,96,1,'employe','cuisine',129,5,2592),(2019,96,8,'employe','cuisine',49,2,1490),(2020,96,1,'employe','caisse',35,3,3277),(2021,96,8,'employe','caisse',49,6,1711),(2018,97,4,'employe','cuisine',27,7,3307),(2019,97,9,'employe','caisse',72,10,2662),(2020,97,5,'employe','caisse',93,8,1208),(2021,97,9,'employe','caisse',32,4,3482),(2018,98,7,'employe','cuisine',89,8,3010),(2019,98,9,'directeur','cuisine',NULL,6,2485),(2020,98,1,'employe','cuisine',35,0,2214),(2021,98,8,'employe','caisse',49,8,2480),(2019,99,11,'employe','caisse',22,1,3309),(2020,99,8,'employe','caisse',38,6,1298),(2021,99,7,'employe','caisse',2,9,2156),(2018,100,5,'employe','caisse',94,7,2122),(2020,100,3,'employe','caisse',3,9,2833),(2018,101,11,'directeur','cuisine',NULL,8,3317),(2019,101,1,'employe','caisse',68,10,1772),(2020,101,7,'employe','cuisine',24,0,2088),(2018,102,8,'employe','cuisine',9,8,2286),(2019,102,5,'employe','caisse',39,5,1426),(2021,102,12,'directeur','caisse',NULL,6,1987),(2018,103,8,'employe','cuisine',9,1,1647),(2019,103,10,'employe','caisse',139,0,2439),(2020,103,2,'employe','cuisine',9,0,1365),(2021,103,9,'employe','caisse',32,4,1205),(2019,104,3,'directeur','caisse',NULL,9,1425),(2020,104,2,'employe','caisse',80,1,2432),(2021,104,10,'employe','caisse',87,1,1439),(2018,105,9,'manager','cuisine',146,7,1873),(2019,105,12,'employe','caisse',28,6,2999),(2021,105,10,'employe','caisse',87,0,2268),(2018,106,7,'employe','cuisine',89,3,1844),(2019,106,4,'employe','caisse',33,8,1503),(2020,106,2,'employe','cuisine',80,7,2673),(2021,106,1,'directeur','caisse',NULL,9,1210),(2018,107,6,'employe','caisse',14,0,2105),(2020,107,3,'employe','cuisine',3,8,3166),(2021,107,8,'directeur','cuisine',NULL,4,2296),(2018,108,1,'employe','caisse',129,1,3363),(2019,108,7,'employe','cuisine',59,9,2805),(2020,108,3,'employe','cuisine',3,1,1507),(2021,108,5,'employe','caisse',94,10,1765),(2018,109,11,'employe','cuisine',49,6,2223),(2019,109,5,'directeur','caisse',NULL,8,2064),(2021,109,10,'employe','caisse',87,6,2970),(2018,110,4,'employe','caisse',27,9,1732),(2019,110,3,'employe','cuisine',38,7,2202),(2021,110,5,'employe','cuisine',94,6,2254),(2018,111,12,'employe','caisse',32,0,2927),(2019,111,12,'employe','caisse',28,10,3166),(2020,111,7,'directeur','caisse',NULL,9,2985),(2018,112,8,'employe','cuisine',9,5,1493),(2018,113,11,'employe','caisse',49,4,3500),(2020,113,10,'employe','caisse',49,3,1317),(2021,113,2,'directeur','caisse',NULL,0,1832),(2018,114,11,'employe','cuisine',49,3,3446),(2019,114,9,'employe','cuisine',72,1,1294),(2021,114,3,'manager','caisse',84,1,2801),(2018,115,12,'employe','cuisine',32,1,3159),(2019,115,8,'directeur','caisse',NULL,3,2943),(2020,115,12,'employe','cuisine',94,10,1251),(2021,115,6,'employe','cuisine',83,0,3040),(2018,116,8,'employe','cuisine',9,1,1316),(2019,116,5,'employe','cuisine',39,5,3481),(2020,116,10,'employe','cuisine',49,9,3196),(2021,116,7,'employe','caisse',119,10,2709),(2019,117,12,'employe','cuisine',28,3,3412),(2020,117,6,'employe','caisse',20,4,2519),(2018,118,6,'employe','cuisine',14,2,1459),(2019,118,2,'employe','cuisine',130,4,3099),(2020,118,11,'employe','caisse',128,10,3317),(2021,118,7,'employe','caisse',2,5,2001),(2018,119,4,'employe','cuisine',27,2,3202),(2019,119,1,'employe','caisse',68,0,3216),(2020,119,10,'employe','caisse',49,0,2513),(2021,119,7,'manager','cuisine',34,10,1659),(2018,120,11,'employe','caisse',49,1,1477),(2019,120,7,'manager','caisse',145,6,2946),(2020,120,11,'employe','caisse',128,2,3472),(2021,120,3,'employe','cuisine',114,9,1823),(2018,121,4,'employe','caisse',27,1,3069),(2019,121,7,'employe','cuisine',59,10,1954),(2020,121,3,'employe','cuisine',3,2,2243),(2021,121,5,'employe','cuisine',37,4,1767),(2018,122,3,'manager','cuisine',17,1,3296),(2019,122,9,'employe','cuisine',72,1,1520),(2020,122,4,'employe','caisse',79,8,1249),(2021,122,2,'employe','caisse',36,7,1525),(2018,123,6,'employe','cuisine',14,3,1391),(2019,123,11,'directeur','caisse',NULL,5,2312),(2020,123,11,'employe','cuisine',128,10,1917),(2021,123,7,'employe','cuisine',119,8,2190),(2019,124,6,'employe','cuisine',140,0,1850),(2020,124,7,'employe','caisse',24,10,1756),(2018,125,2,'directeur','caisse',NULL,3,2254),(2021,125,7,'employe','cuisine',119,3,2823),(2019,126,7,'employe','caisse',59,5,2634),(2020,126,9,'employe','cuisine',60,7,2122),(2021,126,7,'employe','cuisine',119,9,2605),(2019,127,6,'employe','caisse',140,1,1974),(2020,127,3,'employe','cuisine',3,2,1923),(2021,127,5,'employe','caisse',37,9,2195),(2019,128,3,'employe','cuisine',62,6,1315),(2020,128,11,'manager','cuisine',140,5,1814),(2021,128,6,'employe','caisse',83,0,2157),(2018,129,1,'manager','caisse',147,6,2528),(2019,129,4,'employe','cuisine',33,3,1499),(2020,129,8,'employe','caisse',38,0,2093),(2021,129,11,'employe','cuisine',63,7,1594),(2018,130,4,'employe','caisse',27,5,1730),(2019,130,2,'manager','caisse',69,5,2602),(2020,130,3,'employe','cuisine',3,5,1692),(2021,130,5,'employe','caisse',37,5,2741),(2018,131,4,'employe','caisse',27,8,2685),(2019,131,5,'employe','cuisine',39,8,2359),(2021,131,10,'employe','caisse',87,8,2529),(2019,132,5,'employe','cuisine',39,3,3467),(2020,132,2,'directeur','cuisine',NULL,9,1655),(2021,132,2,'employe','caisse',36,0,2688),(2018,133,5,'employe','caisse',8,1,3454),(2019,133,12,'employe','caisse',28,6,3150),(2020,133,8,'employe','caisse',38,6,3262),(2021,133,3,'employe','caisse',114,6,3163),(2019,134,3,'employe','cuisine',62,7,2181),(2020,134,10,'employe','caisse',95,6,3157),(2021,134,3,'employe','cuisine',114,1,3222),(2018,135,12,'employe','cuisine',72,1,2484),(2020,135,7,'employe','cuisine',24,7,2193),(2021,135,11,'employe','caisse',92,9,3435),(2018,136,10,'manager','cuisine',79,10,3215),(2019,136,8,'employe','caisse',49,3,1432),(2020,136,2,'employe','caisse',80,9,1998),(2018,137,6,'employe','cuisine',14,8,2667),(2019,137,6,'employe','cuisine',140,8,3270),(2020,137,9,'employe','caisse',60,10,3490),(2018,138,3,'employe','caisse',122,4,2252),(2019,138,1,'employe','caisse',68,7,2306),(2020,138,3,'employe','caisse',3,4,1297),(2021,138,4,'directeur','cuisine',NULL,7,1385),(2018,139,7,'employe','caisse',89,7,2681),(2019,139,10,'manager','cuisine',51,3,1232),(2021,139,3,'directeur','cuisine',NULL,1,1939),(2018,140,9,'employe','cuisine',105,3,2792),(2019,140,6,'manager','caisse',95,8,1267),(2020,140,9,'employe','caisse',60,8,2921),(2021,140,11,'directeur','caisse',NULL,8,2418),(2018,141,11,'employe','caisse',49,0,2143),(2019,141,6,'employe','caisse',140,3,2303),(2021,141,6,'employe','cuisine',83,3,2602),(2020,142,9,'employe','cuisine',60,1,3245),(2021,142,5,'employe','caisse',94,8,2589),(2020,143,7,'employe','cuisine',24,6,2007),(2021,143,8,'employe','caisse',49,7,1880),(2018,144,5,'employe','cuisine',94,10,1956),(2020,144,10,'directeur','cuisine',NULL,6,2741),(2018,145,7,'directeur','caisse',NULL,3,1696),(2019,145,11,'employe','cuisine',22,5,1824),(2020,145,5,'employe','caisse',93,6,1577),(2021,145,8,'employe','caisse',49,9,1740),(2018,146,6,'employe','caisse',14,5,2721),(2019,146,11,'employe','cuisine',22,3,3324),(2020,146,9,'directeur','cuisine',NULL,0,1354),(2021,146,11,'employe','caisse',92,10,3025),(2018,147,3,'employe','caisse',122,0,1751),(2019,147,1,'directeur','cuisine',NULL,0,1745),(2020,147,4,'employe','caisse',79,7,1314),(2021,147,2,'employe','cuisine',36,5,1996),(2019,148,1,'employe','caisse',68,2,1671),(2021,148,12,'employe','caisse',19,1,3353),(2018,149,9,'employe','caisse',105,3,1217),(2019,149,12,'employe','cuisine',28,2,3179),(2020,149,7,'employe','cuisine',24,2,2611),(2021,149,9,'employe','caisse',32,4,1837),(2018,150,5,'employe','caisse',8,6,3480),(2019,150,4,'directeur','cuisine',NULL,0,3474),(2021,150,2,'employe','cuisine',36,9,2359);
/*!40000 ALTER TABLE `History` ENABLE KEYS */;
UNLOCK TABLES;

--
-- Table structure for table `Ingredients`
--

DROP TABLE IF EXISTS `Ingredients`;
/*!40101 SET @saved_cs_client     = @@character_set_client */;
/*!40101 SET character_set_client = utf8 */;
CREATE TABLE `Ingredients` (
  `id` int(11) NOT NULL AUTO_INCREMENT,
  `nom` varchar(255) NOT NULL,
  `prix` double NOT NULL,
  PRIMARY KEY (`id`)
) ENGINE=InnoDB AUTO_INCREMENT=19 DEFAULT CHARSET=latin1;
/*!40101 SET character_set_client = @saved_cs_client */;

--
-- Dumping data for table `Ingredients`
--

LOCK TABLES `Ingredients` WRITE;
/*!40000 ALTER TABLE `Ingredients` DISABLE KEYS */;
INSERT INTO `Ingredients` VALUES (1,'pain',0.5),(2,'steak',1.1),(3,'salade',0.8),(4,'tomate',0.3),(5,'cornichons',0.2),(6,'fromage',0.4),(7,'poulet',1),(8,'panure',0.3),(9,'sauce',0.1),(10,'patates',0.1),(11,'huile',3),(12,'vinaigrette',1.5),(13,'croutons',0.1),(14,'glace',0.9),(15,'caramel',0.5),(16,'coulis',0.6),(17,'coca',0.4),(18,'icetea',0.5);
/*!40000 ALTER TABLE `Ingredients` ENABLE KEYS */;
UNLOCK TABLES;

--
-- Table structure for table `Items`
--

DROP TABLE IF EXISTS `Items`;
/*!40101 SET @saved_cs_client     = @@character_set_client */;
/*!40101 SET character_set_client = utf8 */;
CREATE TABLE `Items` (
  `id` int(11) NOT NULL AUTO_INCREMENT,
  `nom` varchar(255) NOT NULL,
  `type_item` enum('plat','boisson','dessert','menu') NOT NULL,
  `taille_boisson` enum('S','M','L') DEFAULT NULL,
  `prix` double NOT NULL,
  PRIMARY KEY (`id`)
) ENGINE=InnoDB AUTO_INCREMENT=18 DEFAULT CHARSET=latin1;
/*!40101 SET character_set_client = @saved_cs_client */;

--
-- Dumping data for table `Items`
--

LOCK TABLES `Items` WRITE;
/*!40000 ALTER TABLE `Items` DISABLE KEYS */;
INSERT INTO `Items` VALUES (1,'Cheeseburger','plat',NULL,5),(2,'Double cheese','plat',NULL,6.5),(3,'Nuggets','plat',NULL,5.5),(4,'Frites','plat',NULL,3),(5,'Salade Ceasar','plat',NULL,7),(6,'Sunday Caramel','dessert',NULL,4),(7,'Sunday Fraise','dessert',NULL,4),(8,'Coca','boisson','S',1.5),(9,'Coca','boisson','M',2.5),(10,'Coca','boisson','L',3),(11,'Icetea','boisson','S',1.5),(12,'Icetea','boisson','M',2.5),(13,'Icetea','boisson','L',3),(14,'Menu Double','menu',NULL,8.5),(15,'Menu Nuggets','menu',NULL,7.5),(16,'Menu Frites','menu',NULL,5),(17,'Menu Salade','menu',NULL,9);
/*!40000 ALTER TABLE `Items` ENABLE KEYS */;
UNLOCK TABLES;

--
-- Table structure for table `Menus`
--

DROP TABLE IF EXISTS `Menus`;
/*!40101 SET @saved_cs_client     = @@character_set_client */;
/*!40101 SET character_set_client = utf8 */;
CREATE TABLE `Menus` (
  `id` int(11) NOT NULL,
  `plat` int(11) NOT NULL,
  `boisson` int(11) NOT NULL,
  `dessert` int(11) NOT NULL,
  PRIMARY KEY (`id`),
  KEY `Menus_fk0` (`plat`),
  KEY `Menus_fk1` (`dessert`),
  KEY `Menus_fk2` (`boisson`),
  CONSTRAINT `Menus_fk0` FOREIGN KEY (`plat`) REFERENCES `Items` (`id`) ON DELETE CASCADE,
  CONSTRAINT `Menus_fk1` FOREIGN KEY (`dessert`) REFERENCES `Items` (`id`) ON DELETE CASCADE,
  CONSTRAINT `Menus_fk2` FOREIGN KEY (`boisson`) REFERENCES `Items` (`id`) ON DELETE CASCADE
) ENGINE=InnoDB DEFAULT CHARSET=latin1;
/*!40101 SET character_set_client = @saved_cs_client */;

--
-- Dumping data for table `Menus`
--

LOCK TABLES `Menus` WRITE;
/*!40000 ALTER TABLE `Menus` DISABLE KEYS */;
INSERT INTO `Menus` VALUES (14,2,10,6),(15,3,13,6),(16,4,8,7),(17,5,12,7);
/*!40000 ALTER TABLE `Menus` ENABLE KEYS */;
UNLOCK TABLES;

--
-- Table structure for table `Orders`
--

DROP TABLE IF EXISTS `Orders`;
/*!40101 SET @saved_cs_client     = @@character_set_client */;
/*!40101 SET character_set_client = utf8 */;
CREATE TABLE `Orders` (
  `id` int(11) NOT NULL AUTO_INCREMENT,
  `vendeur_id` int(11) NOT NULL,
  `resto_id` int(11) NOT NULL,
  `date_heure` datetime DEFAULT NULL,
  `paiement` char(6) NOT NULL,
  `somme` double NOT NULL,
  PRIMARY KEY (`id`),
  KEY `Orders_fk1` (`resto_id`),
  CONSTRAINT `Orders_fk1` FOREIGN KEY (`resto_id`) REFERENCES `Restaurants` (`id`) ON DELETE CASCADE
) ENGINE=InnoDB AUTO_INCREMENT=1001 DEFAULT CHARSET=latin1;
/*!40101 SET character_set_client = @saved_cs_client */;

--
-- Dumping data for table `Orders`
--

LOCK TABLES `Orders` WRITE;
/*!40000 ALTER TABLE `Orders` DISABLE KEYS */;
INSERT INTO `Orders` VALUES (1,135,1,'2019-11-08 18:32:00','Espece',7.5),(2,86,10,'2019-01-12 23:51:00','Espece',31.5),(3,77,9,'2019-11-04 21:16:00','Espece',13),(4,0,7,'2019-05-03 15:01:00','CB',52),(5,0,7,'2019-05-07 04:22:00','CB',5),(6,43,11,'2019-01-11 15:03:00','Espece',2.5),(7,21,8,'2019-05-03 15:55:00','CB',45),(8,12,4,'2019-03-02 05:17:00','CB',27),(9,108,8,'2019-11-05 09:43:00','CB',50.5),(10,0,3,'2019-04-09 04:42:00','CB',14),(11,128,2,'2019-01-07 23:43:00','Espece',26),(12,0,5,'2019-03-02 22:43:00','CB',16.5),(13,108,6,'2019-11-02 11:34:00','Espece',44),(14,24,7,'2019-01-11 17:27:00','Espece',28),(15,96,2,'2019-09-10 07:45:00','Espece',8),(16,105,8,'2019-02-05 03:22:00','Espece',14),(17,84,11,'2019-05-04 09:19:00','CB',15.5),(18,0,9,'2019-10-08 18:55:00','CB',8),(19,0,1,'2019-03-10 00:31:00','CB',11.5),(20,0,9,'2019-03-05 04:08:00','CB',58),(21,98,11,'2019-10-10 07:27:00','CB',12),(22,62,4,'2019-02-09 14:42:00','CB',21),(23,0,5,'2019-11-06 03:16:00','CB',63),(24,145,10,'2019-11-09 00:38:00','Espece',34.5),(25,99,8,'2019-10-03 01:04:00','CB',23.5),(26,0,5,'2019-04-02 16:26:00','CB',34),(27,0,5,'2019-11-05 01:40:00','CB',38),(28,127,2,'2019-07-12 03:33:00','CB',40),(29,25,12,'2019-09-05 15:52:00','Espece',33),(30,46,9,'2019-01-11 09:21:00','Espece',21.5),(31,103,7,'2019-03-11 18:56:00','Espece',7.5),(32,19,5,'2019-04-02 16:41:00','Espece',4),(33,0,3,'2019-01-12 01:38:00','CB',12),(34,23,12,'2019-03-03 20:44:00','CB',53),(35,50,2,'2019-08-08 08:15:00','CB',27.5),(36,122,1,'2019-12-12 17:23:00','CB',14.5),(37,43,7,'2019-03-04 23:17:00','Espece',55),(38,116,8,'2019-12-12 19:16:00','CB',47.5),(39,113,5,'2019-01-11 02:56:00','Espece',57.5),(40,33,2,'2019-05-09 03:00:00','Espece',40),(41,135,8,'2019-03-07 06:12:00','Espece',52.5),(42,75,4,'2019-05-01 16:51:00','Espece',68),(43,0,9,'2019-02-11 06:01:00','CB',68),(44,42,3,'2019-07-09 12:20:00','CB',40.5),(45,86,2,'2019-03-03 04:48:00','Espece',40),(46,94,3,'2019-12-08 18:17:00','CB',34),(47,109,8,'2019-08-06 03:14:00','Espece',29),(48,131,5,'2019-11-05 19:33:00','CB',19),(49,0,1,'2019-09-03 11:40:00','CB',27.5),(50,0,1,'2019-05-01 02:36:00','CB',24),(51,142,11,'2019-04-08 07:02:00','Espece',24),(52,113,8,'2019-07-08 17:08:00','Espece',62),(53,75,7,'2019-10-07 23:16:00','CB',32),(54,40,9,'2019-04-06 10:38:00','CB',36.5),(55,132,1,'2019-04-02 12:21:00','Espece',67),(56,116,2,'2019-01-07 22:44:00','Espece',34),(57,118,5,'2019-01-05 18:27:00','CB',22.5),(58,8,6,'2019-09-04 16:44:00','Espece',12.5),(59,33,9,'2019-12-12 03:42:00','Espece',32),(60,19,4,'2019-09-03 23:58:00','Espece',4),(61,25,3,'2019-11-01 19:01:00','CB',44),(62,42,6,'2019-07-10 05:33:00','CB',36.5),(63,133,10,'2019-05-09 00:53:00','CB',3),(64,98,1,'2019-09-01 19:38:00','Espece',35.5),(65,51,5,'2019-05-02 07:49:00','Espece',9),(66,0,7,'2019-07-10 12:51:00','CB',50),(67,97,6,'2019-07-04 15:44:00','Espece',30.5),(68,24,5,'2019-10-11 13:23:00','Espece',36.5),(69,127,11,'2019-09-07 17:40:00','Espece',31.5),(70,0,9,'2019-09-01 07:54:00','CB',14),(71,145,10,'2019-09-08 07:12:00','Espece',49),(72,37,9,'2019-08-04 21:14:00','Espece',1.5),(73,130,11,'2019-04-07 21:48:00','CB',14),(74,0,1,'2019-09-08 13:42:00','CB',6.5),(75,0,5,'2019-09-01 06:26:00','CB',6.5),(76,116,9,'2019-07-02 00:19:00','CB',9),(77,86,3,'2019-12-01 02:23:00','Espece',82.5),(78,0,5,'2019-08-08 16:50:00','CB',12),(79,0,9,'2019-10-03 14:04:00','CB',47),(80,52,4,'2019-07-04 18:01:00','CB',43.5),(81,21,5,'2019-04-09 18:32:00','Espece',56),(82,66,6,'2019-10-02 08:55:00','CB',8),(83,36,8,'2019-01-06 07:05:00','CB',47),(84,0,7,'2019-05-02 09:28:00','CB',54),(85,0,5,'2019-08-04 06:13:00','CB',40.5),(86,0,5,'2019-12-07 01:21:00','CB',27.5),(87,50,3,'2019-12-11 08:15:00','CB',57.5),(88,0,3,'2019-06-12 09:48:00','CB',30.5),(89,25,8,'2019-10-04 07:02:00','CB',66.5),(90,18,6,'2019-01-11 18:37:00','Espece',15),(91,18,12,'2019-03-07 02:24:00','CB',36),(92,104,10,'2019-02-02 15:38:00','CB',7.5),(93,0,5,'2019-10-07 09:22:00','CB',46),(94,109,1,'2019-07-12 13:00:00','CB',36.5),(95,148,11,'2019-12-06 22:44:00','CB',3),(96,50,2,'2019-09-07 20:15:00','CB',51),(97,96,4,'2019-06-12 01:53:00','CB',36.5),(98,51,10,'2019-05-09 11:51:00','CB',47.5),(99,98,7,'2019-04-03 23:28:00','CB',45.5),(100,128,8,'2019-06-04 01:24:00','CB',35),(101,0,7,'2019-02-02 05:56:00','CB',23.5),(102,39,3,'2019-01-08 01:53:00','Espece',27),(103,108,9,'2019-02-09 04:38:00','CB',32),(104,0,7,'2019-03-03 02:38:00','CB',16.5),(105,2,7,'2019-03-01 08:52:00','Espece',37),(106,0,9,'2019-05-07 01:20:00','CB',19),(107,0,3,'2019-06-06 05:33:00','CB',37.5),(108,0,1,'2019-12-04 16:56:00','CB',52),(109,92,12,'2019-10-07 19:36:00','CB',19.5),(110,36,11,'2019-09-02 02:43:00','CB',1.5),(111,51,9,'2019-07-09 10:38:00','CB',25.5),(112,36,1,'2019-05-04 06:39:00','CB',31),(113,23,3,'2019-08-03 08:25:00','CB',13.5),(114,128,8,'2019-08-04 01:03:00','CB',39.5),(115,0,9,'2019-05-10 12:08:00','CB',52.5),(116,109,1,'2019-11-08 05:11:00','Espece',6),(117,27,9,'2019-02-02 01:02:00','Espece',34),(118,84,10,'2019-04-09 07:40:00','Espece',2.5),(119,0,9,'2019-12-12 05:36:00','CB',10.5),(120,57,10,'2019-06-08 20:22:00','CB',39),(121,46,5,'2019-09-02 17:15:00','Espece',38),(122,0,1,'2019-11-03 19:26:00','CB',72.5),(123,0,3,'2019-01-01 21:13:00','CB',10.5),(124,97,8,'2019-02-06 09:11:00','CB',26),(125,0,1,'2019-06-02 10:14:00','CB',45.5),(126,114,1,'2019-04-11 19:58:00','Espece',57),(127,0,9,'2019-05-09 02:37:00','CB',69.5),(128,116,7,'2019-03-04 19:15:00','CB',54.5),(129,79,4,'2019-07-04 16:44:00','CB',37.5),(130,131,12,'2019-11-03 09:50:00','CB',31.5),(131,28,3,'2019-06-03 07:13:00','Espece',95),(132,109,8,'2019-07-11 10:03:00','CB',53.5),(133,108,10,'2019-07-08 01:32:00','CB',5),(134,12,11,'2019-11-05 05:09:00','CB',30),(135,114,12,'2019-10-09 18:15:00','Espece',25.5),(136,65,4,'2019-01-07 16:33:00','CB',43),(137,27,2,'2019-09-06 22:01:00','CB',3),(138,118,9,'2019-12-01 01:50:00','CB',10.5),(139,40,9,'2019-02-03 01:47:00','CB',27),(140,128,2,'2019-02-06 20:35:00','CB',5.5),(141,21,1,'2019-11-01 21:04:00','Espece',23.5),(142,92,2,'2019-07-04 02:08:00','Espece',43.5),(143,96,2,'2019-01-10 09:59:00','Espece',58.5),(144,114,10,'2019-03-08 00:13:00','CB',5.5),(145,0,1,'2019-11-11 09:58:00','CB',49),(146,43,9,'2019-04-03 19:24:00','CB',60.5),(147,27,11,'2019-08-12 11:42:00','CB',9),(148,109,4,'2019-01-05 20:36:00','Espece',62.5),(149,50,8,'2019-04-04 17:48:00','Espece',9),(150,143,1,'2019-05-08 03:56:00','CB',3),(151,52,7,'2019-12-09 01:57:00','CB',10),(152,0,3,'2019-06-08 20:33:00','CB',13),(153,18,8,'2019-04-09 14:53:00','Espece',29),(154,0,1,'2019-11-05 05:42:00','CB',4),(155,97,10,'2019-09-02 16:21:00','CB',55),(156,143,1,'2019-05-01 03:47:00','CB',29),(157,149,11,'2019-12-07 01:12:00','CB',75),(158,135,2,'2019-05-05 02:42:00','Espece',9),(159,84,8,'2019-09-03 01:36:00','CB',78.5),(160,149,4,'2019-05-03 01:20:00','Espece',22.5),(161,0,9,'2019-03-05 16:00:00','CB',50.5),(162,39,7,'2019-06-10 21:11:00','CB',34.5),(163,122,11,'2019-01-11 22:14:00','CB',53),(164,5,8,'2019-07-04 12:31:00','Espece',54.5),(165,0,9,'2019-01-09 10:09:00','CB',59.5),(166,0,5,'2019-05-12 08:42:00','CB',58),(167,0,7,'2019-03-07 05:47:00','CB',33),(168,0,9,'2019-05-05 08:42:00','CB',49.5),(169,79,7,'2019-10-07 23:24:00','Espece',22.5),(170,19,3,'2019-08-05 08:43:00','CB',29.5),(171,99,6,'2019-02-04 08:12:00','CB',76),(172,57,10,'2019-11-01 04:20:00','CB',31.5),(173,118,12,'2019-12-11 08:53:00','Espece',50),(174,18,5,'2019-08-12 19:15:00','CB',61),(175,0,7,'2019-05-10 06:54:00','CB',32),(176,0,7,'2019-01-05 16:46:00','CB',22.5),(177,0,5,'2019-09-08 06:17:00','CB',21),(178,52,8,'2019-04-07 01:21:00','Espece',30),(179,0,1,'2019-09-07 07:48:00','CB',37.5),(180,97,10,'2019-02-08 13:23:00','Espece',42.5),(181,102,5,'2019-03-11 09:31:00','Espece',48.5),(182,142,1,'2019-12-05 17:15:00','Espece',2.5),(183,133,5,'2019-08-01 07:36:00','Espece',22.5),(184,128,9,'2019-01-05 11:17:00','Espece',42.5),(185,143,12,'2019-09-09 01:57:00','CB',44.5),(186,23,6,'2019-02-01 11:27:00','Espece',16.5),(187,0,3,'2019-03-04 05:31:00','CB',62),(188,28,10,'2019-03-04 04:20:00','Espece',14),(189,0,9,'2019-09-09 19:24:00','CB',19.5),(190,149,8,'2019-01-04 05:47:00','CB',46),(191,97,11,'2019-11-11 18:20:00','CB',11.5),(192,65,8,'2019-05-03 13:22:00','CB',68),(193,127,11,'2019-09-03 08:45:00','Espece',29.5),(194,0,5,'2019-09-01 02:24:00','CB',33.5),(195,106,3,'2019-07-08 01:01:00','CB',53),(196,98,6,'2019-08-06 04:40:00','Espece',2.5),(197,130,4,'2019-03-06 10:02:00','CB',24),(198,0,9,'2019-11-04 21:52:00','CB',10.5),(199,84,9,'2019-12-03 16:44:00','Espece',30),(200,97,5,'2019-07-01 22:48:00','Espece',23.5),(201,94,12,'2019-02-05 14:43:00','Espece',15.5),(202,52,2,'2019-10-06 21:36:00','CB',25),(203,0,3,'2019-11-04 16:46:00','CB',33),(204,0,5,'2019-12-08 06:13:00','CB',55.5),(205,18,7,'2019-06-10 01:45:00','CB',55.5),(206,118,2,'2019-08-05 15:14:00','Espece',5.5),(207,0,3,'2019-06-08 23:14:00','CB',83),(208,0,3,'2019-08-10 23:46:00','CB',52.5),(209,42,12,'2019-12-12 06:53:00','CB',20.5),(210,2,9,'2019-02-09 19:47:00','Espece',16),(211,108,4,'2019-01-08 07:56:00','CB',13),(212,8,11,'2019-12-12 04:31:00','Espece',41),(213,2,5,'2019-07-08 18:10:00','Espece',39),(214,65,2,'2019-10-08 22:27:00','CB',24.5),(215,146,5,'2019-12-12 20:59:00','Espece',55),(216,118,8,'2019-08-06 12:45:00','Espece',42.5),(217,0,9,'2019-08-02 01:25:00','CB',13),(218,0,3,'2019-06-12 17:22:00','CB',20),(219,86,6,'2019-11-11 00:58:00','CB',26),(220,97,4,'2019-06-12 00:50:00','Espece',51),(221,0,3,'2019-07-12 21:36:00','CB',43.5),(222,0,7,'2019-12-09 01:35:00','CB',74.5),(223,57,10,'2019-05-01 23:43:00','Espece',40),(224,104,6,'2019-03-03 01:29:00','Espece',27),(225,0,3,'2019-11-07 02:57:00','CB',22.5),(226,99,12,'2019-10-10 06:21:00','CB',36),(227,97,4,'2019-03-11 05:04:00','CB',40.5),(228,113,1,'2019-08-09 04:01:00','Espece',12),(229,146,12,'2019-01-04 19:57:00','Espece',10),(230,75,11,'2019-02-05 22:02:00','CB',14),(231,0,7,'2019-08-01 06:26:00','CB',38.5),(232,106,1,'2019-03-06 18:14:00','Espece',86),(233,148,6,'2019-06-06 14:28:00','CB',63),(234,113,5,'2019-08-11 17:20:00','CB',28.5),(235,127,12,'2019-07-09 21:43:00','CB',22),(236,106,4,'2019-01-01 19:55:00','CB',54),(237,128,1,'2019-03-08 11:10:00','Espece',12),(238,146,3,'2019-06-03 04:19:00','Espece',7.5),(239,106,11,'2019-07-10 08:29:00','CB',31.5),(240,0,9,'2019-06-12 11:23:00','CB',31),(241,39,1,'2019-09-07 08:31:00','Espece',62.5),(242,135,8,'2019-08-08 04:23:00','Espece',69.5),(243,27,4,'2019-06-05 13:14:00','Espece',105.5),(244,106,5,'2019-05-01 11:37:00','Espece',28),(245,118,3,'2019-11-08 05:47:00','CB',50),(246,57,8,'2019-11-09 05:37:00','CB',75.5),(247,27,5,'2019-12-03 16:10:00','CB',32.5),(248,114,11,'2019-08-06 18:19:00','Espece',36.5),(249,51,3,'2019-01-02 08:45:00','CB',9),(250,0,5,'2019-06-12 09:20:00','CB',35.5),(251,33,3,'2019-11-02 13:41:00','Espece',17),(252,18,6,'2019-12-06 11:44:00','Espece',17.5),(253,149,7,'2019-03-11 20:31:00','CB',61.5),(254,148,11,'2019-09-11 02:36:00','CB',5),(255,18,8,'2019-08-08 12:04:00','CB',38),(256,0,7,'2019-10-12 02:23:00','CB',9),(257,0,1,'2019-12-07 11:10:00','CB',38),(258,116,12,'2019-05-04 02:25:00','Espece',4.5),(259,116,12,'2019-06-08 10:55:00','CB',41),(260,52,11,'2019-01-09 04:21:00','CB',16),(261,0,5,'2019-09-02 04:03:00','CB',55),(262,9,2,'2019-10-08 20:39:00','Espece',33.5),(263,103,6,'2019-11-01 01:22:00','Espece',31),(264,0,5,'2019-10-10 21:24:00','CB',44.5),(265,116,11,'2019-04-10 18:01:00','Espece',3),(266,127,10,'2019-06-01 13:38:00','CB',9.5),(267,143,2,'2019-03-09 16:34:00','Espece',29.5),(268,140,12,'2019-04-07 00:49:00','CB',14.5),(269,0,1,'2019-06-07 10:10:00','CB',65.5),(270,102,6,'2019-08-03 11:24:00','CB',46.5),(271,25,1,'2019-04-09 10:04:00','CB',22),(272,43,6,'2019-01-03 17:37:00','Espece',45.5),(273,0,7,'2019-08-10 00:40:00','CB',12.5),(274,5,2,'2019-02-09 19:27:00','Espece',33.5),(275,0,1,'2019-07-10 21:30:00','CB',49.5),(276,42,6,'2019-10-10 16:50:00','Espece',76.5),(277,50,3,'2019-09-02 12:23:00','CB',24),(278,40,9,'2019-01-02 02:54:00','CB',22.5),(279,99,1,'2019-12-03 09:58:00','CB',47.5),(280,96,7,'2019-03-09 02:56:00','CB',7.5),(281,0,3,'2019-12-07 18:14:00','CB',31),(282,96,6,'2019-06-02 22:53:00','CB',43.5),(283,140,6,'2019-06-06 17:59:00','Espece',5),(284,0,9,'2019-03-01 14:38:00','CB',72),(285,0,3,'2019-07-06 20:26:00','CB',11),(286,103,9,'2019-12-09 05:10:00','Espece',14),(287,146,5,'2019-01-01 17:04:00','Espece',17),(288,57,9,'2019-05-03 00:42:00','Espece',49),(289,0,1,'2019-11-05 20:11:00','CB',57.5),(290,118,11,'2019-01-09 11:11:00','CB',3),(291,97,10,'2019-01-06 06:59:00','Espece',8),(292,28,10,'2019-03-06 03:07:00','Espece',38.5),(293,0,7,'2019-12-04 22:29:00','CB',35),(294,0,5,'2019-04-03 21:21:00','CB',21),(295,0,9,'2019-01-06 22:31:00','CB',27),(296,99,5,'2019-02-01 07:28:00','CB',27.5),(297,122,1,'2019-06-09 07:49:00','CB',27.5),(298,131,10,'2019-02-01 00:33:00','Espece',48.5),(299,86,12,'2019-09-03 02:35:00','CB',15),(300,0,9,'2019-07-04 20:16:00','CB',71),(301,146,2,'2019-03-03 20:09:00','Espece',49),(302,0,3,'2019-11-04 08:43:00','CB',28),(303,130,9,'2019-07-01 00:28:00','Espece',47.5),(304,142,2,'2019-03-01 21:33:00','CB',55.5),(305,0,3,'2019-04-04 22:00:00','CB',54.5),(306,0,7,'2019-02-05 11:13:00','CB',49),(307,0,9,'2019-08-05 14:42:00','CB',21),(308,128,9,'2019-01-08 10:22:00','CB',31),(309,0,5,'2019-04-08 20:19:00','CB',9.5),(310,0,9,'2019-12-02 12:57:00','CB',9),(311,24,11,'2019-01-10 23:55:00','CB',24.5),(312,99,1,'2019-01-08 00:43:00','Espece',31),(313,102,7,'2019-10-02 00:59:00','Espece',29.5),(314,50,6,'2019-05-07 14:13:00','Espece',32.5),(315,98,6,'2019-12-03 12:53:00','Espece',73),(316,130,5,'2019-10-07 20:42:00','Espece',5.5),(317,0,9,'2019-03-03 12:30:00','CB',70),(318,50,6,'2019-01-06 17:30:00','Espece',37),(319,0,3,'2019-05-11 10:50:00','CB',47),(320,0,3,'2019-09-08 10:04:00','CB',36.5),(321,135,2,'2019-02-10 17:10:00','CB',19.5),(322,105,12,'2019-02-06 04:27:00','Espece',41),(323,0,1,'2019-12-06 17:21:00','CB',24.5),(324,143,6,'2019-02-06 09:09:00','CB',64.5),(325,42,4,'2019-02-01 18:39:00','CB',7.5),(326,50,8,'2019-10-03 01:42:00','CB',24.5),(327,109,9,'2019-02-05 18:15:00','Espece',34.5),(328,131,9,'2019-05-04 07:38:00','CB',42.5),(329,96,11,'2019-01-05 06:36:00','CB',23.5),(330,42,9,'2019-12-08 17:42:00','CB',31.5),(331,75,10,'2019-08-02 16:41:00','Espece',27.5),(332,94,6,'2019-12-04 04:41:00','CB',18.5),(333,19,6,'2019-02-10 11:23:00','CB',29.5),(334,36,5,'2019-05-03 11:03:00','Espece',22.5),(335,133,5,'2019-08-05 16:49:00','Espece',8),(336,122,8,'2019-02-03 20:12:00','Espece',40.5),(337,0,9,'2019-09-04 07:15:00','CB',5),(338,145,1,'2019-12-09 15:40:00','CB',40.5),(339,0,3,'2019-10-02 21:25:00','CB',25.5),(340,128,8,'2019-06-12 20:44:00','Espece',36),(341,18,10,'2019-07-01 10:41:00','Espece',49),(342,0,1,'2019-12-09 07:07:00','CB',36.5),(343,0,1,'2019-11-06 04:10:00','CB',58),(344,52,4,'2019-06-12 02:28:00','CB',53.5),(345,0,7,'2019-12-04 08:11:00','CB',42.5),(346,8,11,'2019-08-02 08:40:00','Espece',21),(347,21,5,'2019-09-01 11:39:00','CB',13),(348,65,12,'2019-12-10 06:27:00','Espece',18.5),(349,118,8,'2019-03-11 22:14:00','CB',42.5),(350,18,5,'2019-06-10 08:05:00','CB',33.5),(351,40,3,'2019-02-01 01:58:00','Espece',71.5),(352,114,7,'2019-12-01 04:00:00','Espece',58),(353,40,10,'2019-03-08 23:28:00','CB',23.5),(354,102,4,'2019-05-12 07:42:00','Espece',6),(355,12,9,'2019-10-11 02:32:00','Espece',43.5),(356,99,6,'2019-06-03 00:40:00','Espece',21.5),(357,0,7,'2019-06-04 22:30:00','CB',7.5),(358,0,9,'2019-07-07 04:06:00','CB',11.5),(359,39,4,'2019-10-11 08:51:00','CB',14),(360,118,7,'2019-03-01 16:32:00','CB',27.5),(361,2,11,'2019-01-03 00:17:00','CB',14.5),(362,104,11,'2019-07-07 14:01:00','CB',19.5),(363,99,2,'2019-01-02 16:18:00','CB',50),(364,105,2,'2019-03-02 02:18:00','CB',65),(365,0,3,'2019-02-08 22:26:00','CB',23),(366,75,6,'2019-11-12 00:40:00','CB',58.5),(367,0,7,'2019-08-04 05:39:00','CB',33),(368,51,10,'2019-02-04 07:01:00','CB',33.5),(369,128,4,'2019-12-03 18:30:00','CB',3),(370,24,10,'2019-11-03 16:51:00','CB',5.5),(371,19,8,'2019-07-05 21:27:00','CB',13),(372,21,5,'2019-05-10 15:39:00','Espece',4.5),(373,9,9,'2019-08-01 06:36:00','Espece',15),(374,105,4,'2019-09-06 02:24:00','CB',35.5),(375,65,5,'2019-12-04 17:19:00','CB',42),(376,5,11,'2019-09-09 23:54:00','Espece',47.5),(377,18,11,'2019-02-03 03:45:00','CB',14),(378,40,8,'2019-12-11 22:20:00','Espece',20.5),(379,131,8,'2019-01-07 23:46:00','Espece',57),(380,0,3,'2019-05-06 05:09:00','CB',67),(381,84,2,'2019-10-10 20:03:00','Espece',50.5),(382,0,3,'2019-01-10 17:34:00','CB',31.5),(383,140,3,'2019-09-05 17:59:00','Espece',27),(384,23,4,'2019-01-08 15:41:00','Espece',28),(385,84,9,'2019-10-05 10:41:00','Espece',13),(386,79,10,'2019-08-02 16:41:00','Espece',7.5),(387,97,12,'2019-05-06 02:22:00','Espece',54.5),(388,0,3,'2019-07-02 16:42:00','CB',60.5),(389,9,3,'2019-01-05 09:05:00','Espece',35.5),(390,99,7,'2019-02-11 19:58:00','Espece',4.5),(391,109,7,'2019-09-06 02:01:00','Espece',15),(392,0,9,'2019-09-04 16:06:00','CB',59),(393,77,2,'2019-06-11 05:39:00','Espece',38.5),(394,21,1,'2019-03-10 23:47:00','Espece',23.5),(395,106,6,'2019-08-08 09:52:00','CB',36.5),(396,65,7,'2019-12-01 21:55:00','CB',6.5),(397,84,11,'2019-09-07 04:44:00','Espece',30),(398,0,3,'2019-11-12 10:22:00','CB',33.5),(399,133,11,'2019-12-07 05:23:00','CB',5),(400,0,7,'2019-06-05 17:43:00','CB',22.5),(401,149,9,'2019-03-03 21:43:00','CB',67.5),(402,96,9,'2019-08-11 08:51:00','CB',26),(403,131,10,'2019-12-07 21:59:00','Espece',12),(404,77,9,'2019-04-04 18:36:00','Espece',21),(405,77,12,'2019-04-07 13:34:00','CB',48),(406,104,2,'2019-06-03 15:16:00','Espece',49.5),(407,50,1,'2019-01-05 13:03:00','CB',23),(408,132,1,'2019-09-09 22:49:00','Espece',15),(409,97,7,'2019-08-06 02:19:00','CB',3),(410,12,4,'2019-12-05 17:25:00','Espece',26),(411,5,11,'2019-01-01 01:39:00','CB',31),(412,98,5,'2019-10-05 15:53:00','CB',49),(413,104,9,'2019-04-10 16:38:00','Espece',88),(414,145,2,'2019-10-06 01:24:00','CB',61),(415,128,11,'2019-02-06 23:34:00','Espece',29),(416,133,6,'2019-12-07 11:16:00','Espece',8.5),(417,142,7,'2019-03-08 15:08:00','Espece',23.5),(418,104,11,'2019-11-11 10:08:00','CB',4.5),(419,113,9,'2019-11-08 03:13:00','CB',21),(420,79,8,'2019-11-04 18:23:00','CB',40.5),(421,0,3,'2019-02-11 12:38:00','CB',15),(422,128,1,'2019-08-06 23:26:00','Espece',39),(423,25,3,'2019-04-12 19:24:00','CB',43.5),(424,12,11,'2019-12-12 02:20:00','Espece',31.5),(425,148,5,'2019-08-09 10:44:00','Espece',30.5),(426,104,6,'2019-03-10 04:51:00','Espece',49),(427,8,6,'2019-04-12 17:58:00','Espece',69.5),(428,98,12,'2019-06-01 22:44:00','CB',30.5),(429,99,10,'2019-03-11 14:10:00','CB',8),(430,0,1,'2019-02-09 09:58:00','CB',29),(431,0,5,'2019-06-04 02:11:00','CB',60),(432,145,9,'2019-07-09 10:48:00','CB',7),(433,50,8,'2019-08-09 20:37:00','Espece',37.5),(434,92,3,'2019-09-06 08:02:00','CB',13),(435,145,10,'2019-12-09 15:14:00','Espece',11.5),(436,40,6,'2019-12-08 15:31:00','CB',36),(437,132,7,'2019-11-08 06:31:00','CB',9),(438,12,3,'2019-03-10 11:12:00','CB',39),(439,0,5,'2019-01-06 05:01:00','CB',40.5),(440,62,11,'2019-05-12 09:02:00','CB',27.5),(441,23,10,'2019-08-04 02:07:00','Espece',75.5),(442,142,10,'2019-12-10 01:32:00','CB',1.5),(443,0,7,'2019-06-08 02:30:00','CB',69),(444,0,9,'2019-04-05 23:23:00','CB',5),(445,146,7,'2019-01-04 06:48:00','Espece',44),(446,27,10,'2019-08-11 23:19:00','Espece',52.5),(447,0,1,'2019-01-05 09:35:00','CB',16),(448,23,2,'2019-07-12 11:27:00','CB',53),(449,143,2,'2019-01-08 14:35:00','Espece',8.5),(450,33,9,'2019-05-12 03:46:00','CB',91.5),(451,79,10,'2019-01-11 10:08:00','CB',63),(452,0,3,'2019-11-06 20:42:00','CB',15),(453,50,10,'2019-01-10 07:01:00','Espece',48),(454,27,10,'2019-01-08 02:10:00','CB',39.5),(455,75,12,'2019-12-07 14:37:00','Espece',39),(456,21,2,'2019-12-03 17:46:00','Espece',43.5),(457,43,6,'2019-10-09 13:00:00','CB',16.5),(458,135,6,'2019-07-06 09:19:00','Espece',51),(459,43,1,'2019-03-03 11:44:00','Espece',15.5),(460,40,3,'2019-04-04 20:33:00','CB',17),(461,0,9,'2019-10-07 18:34:00','CB',35),(462,131,10,'2019-06-04 21:56:00','CB',95),(463,143,5,'2019-06-02 16:50:00','CB',22),(464,77,9,'2019-01-10 19:01:00','CB',19),(465,127,11,'2019-02-09 06:30:00','Espece',34),(466,19,1,'2019-01-05 14:21:00','Espece',5),(467,0,7,'2019-11-10 17:14:00','CB',36.5),(468,102,12,'2019-11-02 16:20:00','Espece',19),(469,103,11,'2019-01-08 03:11:00','CB',50.5),(470,92,9,'2019-11-05 02:31:00','Espece',74),(471,92,12,'2019-10-01 23:33:00','CB',14),(472,0,3,'2019-10-12 04:00:00','CB',15.5),(473,145,2,'2019-09-03 21:25:00','Espece',27),(474,0,1,'2019-11-09 16:18:00','CB',5),(475,118,11,'2019-04-12 07:18:00','CB',6),(476,98,7,'2019-02-09 02:28:00','CB',56.5),(477,0,7,'2019-07-06 15:57:00','CB',49),(478,23,2,'2019-06-03 01:01:00','CB',32.5),(479,0,7,'2019-02-05 21:59:00','CB',16.5),(480,33,10,'2019-07-07 13:16:00','Espece',36.5),(481,0,7,'2019-04-12 13:22:00','CB',7.5),(482,0,5,'2019-08-03 10:20:00','CB',26),(483,142,4,'2019-02-09 03:57:00','Espece',2.5),(484,5,8,'2019-05-02 05:17:00','CB',4.5),(485,84,12,'2019-04-11 15:32:00','CB',13),(486,108,2,'2019-09-05 21:28:00','Espece',51),(487,52,1,'2019-07-05 22:24:00','Espece',42.5),(488,40,8,'2019-09-06 15:14:00','CB',19.5),(489,145,3,'2019-10-01 01:18:00','Espece',13),(490,133,4,'2019-07-09 04:38:00','CB',22.5),(491,131,5,'2019-06-01 17:08:00','Espece',68.5),(492,0,1,'2019-11-06 23:46:00','CB',53),(493,146,3,'2019-10-06 13:07:00','CB',25.5),(494,12,12,'2019-11-09 22:51:00','Espece',34),(495,28,6,'2019-09-01 08:57:00','Espece',17),(496,108,2,'2019-03-11 18:07:00','Espece',9.5),(497,114,8,'2019-11-04 04:24:00','Espece',49.5),(498,0,5,'2019-07-09 13:17:00','CB',6),(499,103,8,'2019-10-04 18:26:00','CB',75),(500,98,10,'2019-01-09 01:25:00','CB',55.5),(501,86,1,'2019-10-10 11:47:00','CB',18.5),(502,46,1,'2019-06-03 22:31:00','CB',40),(503,65,1,'2019-09-09 05:12:00','CB',24),(504,0,7,'2019-05-10 01:09:00','CB',14.5),(505,79,3,'2019-06-03 05:44:00','CB',17),(506,86,8,'2019-11-05 10:25:00','CB',16.5),(507,116,11,'2019-04-09 21:47:00','Espece',20),(508,86,1,'2019-06-01 06:12:00','Espece',75),(509,102,10,'2019-01-07 21:27:00','Espece',46.5),(510,122,4,'2019-09-06 01:18:00','Espece',22),(511,2,3,'2019-12-01 09:01:00','Espece',24),(512,143,1,'2019-10-04 15:11:00','CB',31),(513,12,12,'2019-12-11 21:54:00','CB',28),(514,96,3,'2019-02-03 11:30:00','Espece',51.5),(515,94,6,'2019-06-09 23:47:00','CB',14.5),(516,8,2,'2019-02-06 21:45:00','CB',26),(517,109,1,'2019-12-01 15:48:00','Espece',28.5),(518,77,5,'2019-09-01 05:33:00','Espece',13),(519,130,1,'2019-10-04 15:08:00','CB',28.5),(520,18,10,'2019-05-08 12:48:00','CB',46.5),(521,102,9,'2019-10-07 01:29:00','Espece',27),(522,36,11,'2019-03-10 14:04:00','Espece',13),(523,77,5,'2019-08-04 19:02:00','CB',21),(524,9,11,'2019-04-10 05:10:00','Espece',31),(525,0,7,'2019-05-09 23:21:00','CB',15),(526,40,1,'2019-01-07 07:45:00','Espece',9.5),(527,50,6,'2019-01-07 00:30:00','Espece',52),(528,0,9,'2019-12-09 07:01:00','CB',18.5),(529,0,5,'2019-01-02 10:38:00','CB',5),(530,132,4,'2019-08-12 17:10:00','Espece',70),(531,0,9,'2019-12-04 14:17:00','CB',26.5),(532,33,10,'2019-12-02 20:03:00','CB',26.5),(533,135,1,'2019-10-01 23:17:00','CB',37),(534,0,7,'2019-10-02 18:32:00','CB',42.5),(535,0,3,'2019-09-11 00:37:00','CB',60.5),(536,0,1,'2019-04-09 23:49:00','CB',37),(537,132,1,'2019-03-03 16:19:00','Espece',9.5),(538,140,10,'2019-04-12 17:09:00','Espece',27.5),(539,0,7,'2019-08-11 23:25:00','CB',14),(540,113,4,'2019-05-08 09:53:00','Espece',19),(541,86,8,'2019-01-03 09:38:00','Espece',34.5),(542,27,1,'2019-06-01 18:04:00','CB',46),(543,0,3,'2019-11-04 06:05:00','CB',11.5),(544,143,9,'2019-02-09 07:07:00','CB',37.5),(545,103,7,'2019-06-11 15:02:00','Espece',15),(546,62,7,'2019-12-03 00:19:00','Espece',68),(547,133,5,'2019-02-12 16:40:00','Espece',56.5),(548,102,4,'2019-04-12 14:39:00','CB',30.5),(549,127,3,'2019-08-04 05:01:00','Espece',45.5),(550,0,1,'2019-09-06 20:04:00','CB',37),(551,9,1,'2019-01-02 06:57:00','CB',38.5),(552,0,5,'2019-04-08 23:31:00','CB',32),(553,108,12,'2019-09-12 09:10:00','CB',48.5),(554,23,12,'2019-02-03 11:45:00','Espece',24),(555,25,5,'2019-12-11 09:13:00','Espece',50.5),(556,0,9,'2019-07-02 16:21:00','CB',37.5),(557,0,3,'2019-09-11 06:10:00','CB',47.5),(558,135,6,'2019-02-07 03:25:00','Espece',57.5),(559,122,3,'2019-07-06 20:38:00','Espece',34),(560,57,5,'2019-06-08 22:53:00','Espece',7.5),(561,97,4,'2019-04-04 05:19:00','CB',17),(562,0,9,'2019-11-05 13:44:00','CB',67),(563,62,2,'2019-03-06 07:34:00','Espece',34.5),(564,23,1,'2019-05-05 09:18:00','Espece',31.5),(565,0,9,'2019-10-07 20:21:00','CB',35.5),(566,106,12,'2019-01-07 06:15:00','Espece',42),(567,0,3,'2019-05-05 16:04:00','CB',17),(568,77,8,'2019-12-02 18:35:00','CB',15),(569,57,10,'2019-05-12 04:47:00','Espece',30.5),(570,0,9,'2019-03-02 01:43:00','CB',12.5),(571,130,10,'2019-08-03 12:49:00','Espece',50),(572,43,2,'2019-01-01 16:04:00','CB',4.5),(573,0,9,'2019-06-02 21:32:00','CB',18.5),(574,75,5,'2019-12-03 06:01:00','Espece',27),(575,18,6,'2019-12-08 04:05:00','Espece',67),(576,27,2,'2019-08-04 05:31:00','Espece',44.5),(577,133,9,'2019-02-05 23:58:00','CB',36),(578,37,7,'2019-05-04 10:38:00','Espece',4),(579,122,7,'2019-10-12 06:32:00','CB',8),(580,106,1,'2019-06-04 00:06:00','CB',65),(581,145,1,'2019-02-04 05:22:00','Espece',10.5),(582,113,3,'2019-12-12 06:19:00','CB',40.5),(583,36,10,'2019-12-12 21:19:00','Espece',13),(584,108,4,'2019-05-03 15:02:00','Espece',24),(585,0,9,'2019-04-05 21:48:00','CB',18.5),(586,36,11,'2019-05-04 14:46:00','CB',45.5),(587,8,3,'2019-06-03 13:07:00','Espece',23),(588,50,10,'2019-04-02 02:10:00','CB',47.5),(589,40,9,'2019-10-08 22:17:00','CB',17.5),(590,114,2,'2019-02-02 02:32:00','Espece',16),(591,84,6,'2019-11-08 05:51:00','Espece',24),(592,97,6,'2019-02-01 12:59:00','Espece',2.5),(593,105,2,'2019-01-05 20:45:00','Espece',36),(594,19,12,'2019-07-10 02:14:00','Espece',20.5),(595,0,7,'2019-03-08 03:31:00','CB',18),(596,104,3,'2019-10-04 09:51:00','CB',14),(597,0,3,'2019-01-03 08:13:00','CB',22.5),(598,0,7,'2019-01-07 09:56:00','CB',52.5),(599,135,1,'2019-01-03 20:15:00','Espece',9.5),(600,0,7,'2019-10-12 19:10:00','CB',36),(601,66,3,'2019-12-09 11:42:00','Espece',31),(602,94,9,'2019-04-05 18:40:00','CB',7),(603,108,12,'2019-03-11 23:16:00','CB',66),(604,21,6,'2019-12-07 14:31:00','CB',27.5),(605,114,2,'2019-08-04 22:38:00','CB',20.5),(606,0,5,'2019-12-09 05:27:00','CB',64.5),(607,66,5,'2019-08-11 15:31:00','CB',16),(608,128,3,'2019-04-05 15:48:00','CB',22.5),(609,0,7,'2019-11-08 17:42:00','CB',8),(610,12,2,'2019-04-10 22:13:00','CB',22.5),(611,0,1,'2019-07-12 05:05:00','CB',10),(612,28,11,'2019-08-02 00:02:00','CB',26),(613,0,9,'2019-10-05 20:53:00','CB',26),(614,99,9,'2019-01-07 00:57:00','CB',44.5),(615,0,9,'2019-11-11 16:19:00','CB',22),(616,9,2,'2019-11-03 17:34:00','Espece',66.5),(617,75,1,'2019-12-03 12:35:00','CB',41.5),(618,108,11,'2019-11-02 14:48:00','CB',49.5),(619,18,9,'2019-02-10 09:37:00','CB',92),(620,102,10,'2019-09-06 15:07:00','Espece',54),(621,50,12,'2019-06-03 00:07:00','CB',43),(622,8,7,'2019-01-04 00:31:00','CB',48.5),(623,0,7,'2019-09-03 15:07:00','CB',49.5),(624,65,10,'2019-10-03 22:03:00','CB',48),(625,0,7,'2019-03-04 07:53:00','CB',27),(626,27,7,'2019-04-03 18:04:00','Espece',41),(627,0,5,'2019-09-11 04:59:00','CB',22.5),(628,52,10,'2019-09-03 14:49:00','CB',25.5),(629,92,9,'2019-12-02 00:22:00','CB',38),(630,0,9,'2019-07-10 00:57:00','CB',51.5),(631,0,3,'2019-01-01 13:06:00','CB',12),(632,46,4,'2019-10-07 17:30:00','Espece',10),(633,42,5,'2019-07-04 07:49:00','Espece',18),(634,21,11,'2019-08-08 04:27:00','CB',10.5),(635,79,8,'2019-11-12 23:25:00','CB',55.5),(636,130,3,'2019-11-03 09:48:00','Espece',68),(637,104,1,'2019-05-07 22:35:00','CB',26.5),(638,106,9,'2019-03-03 02:03:00','CB',64),(639,114,10,'2019-01-05 22:05:00','Espece',55.5),(640,94,6,'2019-02-06 00:28:00','CB',32.5),(641,0,3,'2019-04-12 03:22:00','CB',29),(642,118,6,'2019-10-12 06:41:00','CB',37.5),(643,43,2,'2019-06-09 07:05:00','CB',47),(644,104,5,'2019-04-08 21:40:00','Espece',25.5),(645,66,1,'2019-10-11 15:29:00','CB',38),(646,135,5,'2019-08-03 23:26:00','CB',29.5),(647,0,5,'2019-09-06 00:17:00','CB',8),(648,0,1,'2019-09-12 15:54:00','CB',43.5),(649,92,3,'2019-10-01 11:21:00','Espece',24),(650,0,9,'2019-03-10 10:18:00','CB',25.5),(651,128,11,'2019-01-01 15:32:00','CB',14),(652,21,1,'2019-08-04 23:09:00','CB',5),(653,104,5,'2019-10-07 08:40:00','Espece',67),(654,27,10,'2019-05-06 19:13:00','Espece',67.5),(655,28,4,'2019-02-03 15:11:00','Espece',24),(656,21,12,'2019-05-08 01:34:00','Espece',36),(657,52,11,'2019-12-11 07:39:00','Espece',5.5),(658,86,12,'2019-06-10 18:57:00','Espece',31),(659,62,5,'2019-01-07 13:46:00','CB',39),(660,97,7,'2019-02-08 11:22:00','CB',17),(661,118,5,'2019-09-09 19:04:00','CB',65.5),(662,0,5,'2019-08-10 12:08:00','CB',47.5),(663,143,7,'2019-11-08 11:04:00','CB',60.5),(664,43,2,'2019-03-11 04:59:00','CB',35),(665,57,7,'2019-09-03 17:39:00','CB',61),(666,0,3,'2019-05-03 10:43:00','CB',52.5),(667,18,5,'2019-12-01 23:02:00','CB',11),(668,140,10,'2019-07-01 13:47:00','Espece',13),(669,18,4,'2019-04-02 04:07:00','CB',25.5),(670,128,7,'2019-01-01 06:49:00','CB',12.5),(671,0,7,'2019-07-03 10:37:00','CB',40.5),(672,37,7,'2019-06-08 17:27:00','CB',41),(673,0,7,'2019-06-09 06:40:00','CB',3),(674,0,7,'2019-12-03 05:37:00','CB',44.5),(675,98,6,'2019-02-01 03:39:00','Espece',27.5),(676,0,1,'2019-09-04 21:28:00','CB',6),(677,0,7,'2019-12-10 08:36:00','CB',28),(678,37,9,'2019-03-01 04:29:00','CB',47),(679,0,1,'2019-04-02 21:07:00','CB',43),(680,84,6,'2019-02-01 06:30:00','CB',19),(681,128,1,'2019-01-09 04:52:00','Espece',6),(682,104,8,'2019-09-03 14:22:00','CB',45.5),(683,145,2,'2019-06-03 03:10:00','CB',29.5),(684,62,1,'2019-11-03 02:35:00','Espece',42.5),(685,9,8,'2019-12-07 17:09:00','Espece',15),(686,131,11,'2019-01-10 19:49:00','CB',26.5),(687,0,3,'2019-08-06 10:37:00','CB',75.5),(688,0,1,'2019-10-02 04:19:00','CB',33),(689,46,3,'2019-11-03 09:42:00','CB',85.5),(690,113,4,'2019-09-04 18:49:00','CB',12),(691,131,2,'2019-12-10 02:51:00','Espece',63),(692,127,10,'2019-08-01 22:02:00','CB',70.5),(693,65,7,'2019-06-02 23:05:00','CB',10),(694,0,5,'2019-05-12 05:03:00','CB',59),(695,135,12,'2019-05-02 13:17:00','Espece',37),(696,0,9,'2019-01-01 09:40:00','CB',9),(697,79,6,'2019-08-11 11:07:00','CB',32),(698,0,5,'2019-10-05 00:34:00','CB',26.5),(699,46,4,'2019-05-10 13:13:00','CB',5.5),(700,51,2,'2019-03-07 14:54:00','Espece',63.5),(701,92,9,'2019-03-04 08:04:00','CB',14),(702,92,9,'2019-02-12 17:38:00','CB',27),(703,0,5,'2019-10-11 14:30:00','CB',38.5),(704,75,3,'2019-06-11 08:18:00','Espece',42),(705,108,7,'2019-08-10 18:20:00','CB',59.5),(706,149,5,'2019-07-09 08:48:00','Espece',16),(707,37,3,'2019-08-04 20:18:00','Espece',54),(708,94,4,'2019-09-11 17:38:00','CB',35),(709,0,5,'2019-09-05 20:25:00','CB',37.5),(710,106,9,'2019-03-06 01:21:00','Espece',36),(711,0,1,'2019-11-06 10:34:00','CB',43.5),(712,0,5,'2019-01-01 07:13:00','CB',16.5),(713,128,6,'2019-03-02 03:05:00','CB',14.5),(714,118,7,'2019-06-11 14:04:00','Espece',7.5),(715,66,9,'2019-11-12 22:54:00','CB',13.5),(716,140,8,'2019-12-08 19:55:00','Espece',66),(717,37,4,'2019-03-06 07:44:00','Espece',60),(718,118,3,'2019-09-11 19:01:00','Espece',36),(719,113,4,'2019-01-06 21:33:00','CB',44),(720,62,1,'2019-12-07 08:15:00','CB',49.5),(721,106,5,'2019-11-06 02:06:00','Espece',12),(722,131,3,'2019-05-04 15:55:00','Espece',53.5),(723,42,5,'2019-10-06 22:19:00','CB',11.5),(724,77,11,'2019-10-06 14:35:00','CB',6),(725,0,9,'2019-10-06 12:31:00','CB',41),(726,0,9,'2019-01-02 14:11:00','CB',29),(727,92,11,'2019-11-04 16:04:00','Espece',16),(728,145,11,'2019-12-02 00:22:00','Espece',25.5),(729,105,8,'2019-10-04 19:48:00','Espece',32),(730,0,1,'2019-02-10 07:00:00','CB',25),(731,104,3,'2019-09-09 05:12:00','Espece',51),(732,0,7,'2019-08-12 21:09:00','CB',44.5),(733,118,2,'2019-06-11 17:47:00','CB',28),(734,92,4,'2019-06-01 20:42:00','CB',36),(735,40,7,'2019-04-04 08:40:00','CB',46),(736,128,5,'2019-11-07 19:30:00','Espece',31),(737,96,10,'2019-09-10 09:43:00','CB',58.5),(738,0,5,'2019-07-12 13:40:00','CB',3),(739,142,4,'2019-12-08 01:07:00','Espece',51.5),(740,39,8,'2019-08-08 09:28:00','Espece',28),(741,0,3,'2019-12-02 12:51:00','CB',8),(742,146,8,'2019-10-01 10:13:00','CB',43),(743,0,1,'2019-04-01 07:35:00','CB',22),(744,0,7,'2019-03-01 01:20:00','CB',49),(745,8,6,'2019-09-04 06:15:00','Espece',1.5),(746,62,8,'2019-01-10 12:15:00','Espece',75),(747,40,2,'2019-01-01 05:33:00','Espece',7.5),(748,0,5,'2019-08-11 10:46:00','CB',22),(749,84,12,'2019-08-01 06:45:00','CB',11),(750,106,11,'2019-02-05 22:34:00','Espece',29.5),(751,146,5,'2019-02-12 10:38:00','Espece',42.5),(752,12,10,'2019-04-04 05:08:00','CB',62.5),(753,102,8,'2019-12-09 13:39:00','CB',61),(754,25,5,'2019-09-09 20:16:00','CB',45.5),(755,0,5,'2019-04-04 20:20:00','CB',51),(756,51,3,'2019-05-05 16:56:00','Espece',15.5),(757,98,8,'2019-08-03 15:13:00','Espece',18.5),(758,109,1,'2019-02-11 17:08:00','Espece',41),(759,8,10,'2019-12-04 22:09:00','CB',10.5),(760,5,10,'2019-05-05 15:09:00','CB',28.5),(761,8,5,'2019-07-02 23:50:00','CB',20.5),(762,127,3,'2019-08-12 16:10:00','CB',18.5),(763,104,5,'2019-07-10 17:28:00','Espece',25),(764,128,8,'2019-11-02 04:29:00','Espece',30.5),(765,33,2,'2019-04-10 16:56:00','CB',54.5),(766,5,7,'2019-07-01 08:25:00','CB',23.5),(767,109,8,'2019-02-04 11:22:00','CB',26),(768,25,12,'2019-03-12 02:16:00','CB',10),(769,0,5,'2019-12-01 03:44:00','CB',54.5),(770,25,3,'2019-03-02 18:57:00','CB',12),(771,149,12,'2019-11-08 00:29:00','Espece',22),(772,8,2,'2019-07-08 04:17:00','CB',13),(773,0,1,'2019-10-01 21:55:00','CB',22.5),(774,0,9,'2019-02-12 06:05:00','CB',7.5),(775,148,3,'2019-12-07 05:35:00','Espece',35.5),(776,122,1,'2019-09-10 07:01:00','CB',29),(777,130,11,'2019-09-05 19:17:00','CB',43),(778,77,4,'2019-04-10 09:26:00','CB',63.5),(779,9,6,'2019-01-02 15:27:00','Espece',37),(780,79,1,'2019-08-08 06:16:00','CB',5),(781,0,1,'2019-03-03 10:30:00','CB',77.5),(782,24,1,'2019-07-03 16:44:00','Espece',14.5),(783,62,9,'2019-11-09 01:26:00','CB',18),(784,5,3,'2019-11-08 09:27:00','Espece',47),(785,28,11,'2019-08-12 05:16:00','Espece',17.5),(786,0,7,'2019-08-08 12:31:00','CB',40),(787,0,3,'2019-06-05 01:20:00','CB',12),(788,33,5,'2019-06-10 15:48:00','CB',19),(789,128,1,'2019-11-07 10:43:00','CB',53),(790,0,3,'2019-11-05 13:13:00','CB',24),(791,98,6,'2019-10-09 11:42:00','Espece',42),(792,0,3,'2019-03-10 21:19:00','CB',34),(793,37,7,'2019-06-12 18:24:00','CB',20),(794,105,12,'2019-11-11 16:48:00','Espece',8.5),(795,94,8,'2019-06-09 20:15:00','CB',28),(796,57,1,'2019-12-04 11:28:00','CB',38.5),(797,127,6,'2019-05-02 06:50:00','Espece',63.5),(798,135,12,'2019-05-06 13:32:00','CB',45),(799,79,7,'2019-04-04 02:18:00','CB',6.5),(800,96,1,'2019-02-01 16:36:00','Espece',88.5),(801,57,7,'2019-10-08 00:13:00','Espece',37),(802,98,2,'2019-01-04 09:12:00','Espece',46.5),(803,51,11,'2019-06-08 06:07:00','CB',26.5),(804,0,3,'2019-08-03 13:24:00','CB',58.5),(805,105,5,'2019-10-01 22:07:00','Espece',45),(806,0,3,'2019-05-12 05:25:00','CB',40.5),(807,0,7,'2019-09-11 03:05:00','CB',65.5),(808,25,7,'2019-07-07 09:52:00','Espece',26.5),(809,0,3,'2019-12-01 00:30:00','CB',46),(810,116,9,'2019-09-04 10:05:00','Espece',34),(811,50,7,'2019-03-10 12:52:00','Espece',3),(812,122,1,'2019-04-11 00:23:00','CB',24),(813,108,12,'2019-03-05 10:02:00','Espece',13),(814,103,4,'2019-05-07 13:51:00','Espece',6.5),(815,62,7,'2019-06-07 15:44:00','Espece',58),(816,146,11,'2019-12-06 22:45:00','Espece',8.5),(817,131,4,'2019-05-05 22:39:00','Espece',23),(818,0,7,'2019-11-04 19:55:00','CB',8),(819,104,9,'2019-06-07 13:44:00','CB',49.5),(820,131,8,'2019-03-04 04:28:00','Espece',5),(821,0,3,'2019-03-10 19:50:00','CB',18.5),(822,122,4,'2019-09-10 13:58:00','CB',33),(823,0,1,'2019-01-11 19:27:00','CB',45),(824,128,9,'2019-06-02 11:38:00','Espece',69),(825,5,9,'2019-03-12 02:07:00','Espece',33),(826,27,3,'2019-08-11 05:29:00','CB',14.5),(827,0,1,'2019-04-07 19:23:00','CB',15.5),(828,18,1,'2019-10-06 02:52:00','Espece',3),(829,37,7,'2019-01-12 19:48:00','Espece',17.5),(830,0,1,'2019-08-09 03:17:00','CB',34.5),(831,113,6,'2019-04-10 13:20:00','CB',32),(832,79,7,'2019-11-04 19:09:00','CB',29),(833,42,12,'2019-04-12 07:12:00','Espece',35),(834,65,7,'2019-09-05 17:26:00','CB',18.5),(835,0,5,'2019-03-12 17:48:00','CB',15),(836,19,1,'2019-06-01 21:48:00','CB',60),(837,25,1,'2019-06-02 00:17:00','Espece',74),(838,98,9,'2019-08-03 11:54:00','CB',20.5),(839,146,2,'2019-09-07 14:06:00','CB',60.5),(840,0,7,'2019-12-08 17:46:00','CB',23.5),(841,116,3,'2019-08-06 05:42:00','Espece',68),(842,42,1,'2019-10-09 11:10:00','CB',2.5),(843,27,9,'2019-11-02 06:33:00','Espece',3),(844,40,1,'2019-04-04 09:23:00','CB',21.5),(845,0,1,'2019-05-03 12:16:00','CB',19),(846,102,5,'2019-02-11 21:15:00','CB',27.5),(847,113,9,'2019-01-08 19:59:00','CB',19.5),(848,24,12,'2019-10-09 18:48:00','Espece',18),(849,84,4,'2019-01-02 05:57:00','CB',10),(850,24,12,'2019-04-01 05:44:00','Espece',30),(851,113,3,'2019-02-10 01:21:00','CB',74),(852,40,12,'2019-01-10 23:41:00','CB',19.5),(853,39,11,'2019-11-10 20:48:00','Espece',33),(854,104,4,'2019-04-02 14:26:00','CB',31),(855,96,4,'2019-01-07 14:56:00','CB',41),(856,2,2,'2019-06-09 16:55:00','CB',54.5),(857,8,8,'2019-11-05 06:28:00','Espece',21),(858,131,1,'2019-07-12 22:50:00','Espece',29.5),(859,33,8,'2019-11-02 23:08:00','CB',3),(860,43,4,'2019-08-01 03:33:00','CB',28.5),(861,21,10,'2019-06-02 09:09:00','CB',52.5),(862,142,12,'2019-10-04 07:49:00','Espece',13),(863,0,5,'2019-04-09 20:53:00','CB',22.5),(864,8,10,'2019-03-12 05:20:00','CB',25.5),(865,46,7,'2019-02-01 06:02:00','CB',51.5),(866,66,11,'2019-08-02 04:50:00','CB',32),(867,109,11,'2019-03-11 05:45:00','Espece',7.5),(868,0,7,'2019-05-08 18:09:00','CB',48.5),(869,104,6,'2019-03-10 01:23:00','CB',12.5),(870,50,9,'2019-01-01 09:52:00','Espece',53),(871,104,9,'2019-04-12 05:17:00','Espece',14),(872,94,7,'2019-05-01 12:02:00','Espece',61),(873,0,1,'2019-03-01 20:17:00','CB',57),(874,96,11,'2019-03-11 17:29:00','Espece',39.5),(875,12,12,'2019-08-09 04:15:00','Espece',19),(876,92,6,'2019-09-09 11:23:00','Espece',19),(877,0,3,'2019-11-05 02:53:00','CB',23.5),(878,24,8,'2019-12-03 08:07:00','CB',35),(879,0,7,'2019-10-09 12:18:00','CB',59),(880,79,4,'2019-11-07 13:18:00','CB',71),(881,118,4,'2019-06-02 09:32:00','CB',52),(882,19,5,'2019-12-08 23:00:00','CB',21.5),(883,98,12,'2019-10-11 06:24:00','CB',6.5),(884,33,4,'2019-04-10 02:33:00','CB',28),(885,0,3,'2019-12-03 22:38:00','CB',21.5),(886,19,2,'2019-10-12 03:39:00','Espece',23),(887,33,9,'2019-02-09 04:05:00','CB',50),(888,50,11,'2019-02-06 12:09:00','CB',14),(889,39,1,'2019-05-07 14:18:00','Espece',33.5),(890,28,2,'2019-03-07 00:31:00','Espece',58.5),(891,52,8,'2019-10-05 00:41:00','Espece',21),(892,133,1,'2019-06-03 06:12:00','CB',27),(893,94,8,'2019-07-11 03:38:00','Espece',6),(894,75,12,'2019-10-12 11:28:00','Espece',42.5),(895,39,1,'2019-09-03 20:33:00','CB',54.5),(896,23,3,'2019-10-12 10:50:00','Espece',44),(897,128,8,'2019-10-01 20:50:00','Espece',53),(898,0,5,'2019-07-04 17:03:00','CB',23.5),(899,0,7,'2019-08-02 12:05:00','CB',19),(900,113,10,'2019-11-05 15:06:00','Espece',57),(901,92,5,'2019-04-01 10:58:00','Espece',45.5),(902,104,8,'2019-11-05 15:02:00','CB',29),(903,96,10,'2019-05-04 13:12:00','CB',45.5),(904,106,4,'2019-11-02 07:43:00','Espece',31.5),(905,52,3,'2019-05-12 19:29:00','CB',29.5),(906,37,8,'2019-11-03 06:23:00','CB',34.5),(907,127,12,'2019-01-04 16:00:00','Espece',17),(908,98,8,'2019-01-05 16:01:00','Espece',21.5),(909,33,10,'2019-01-05 18:43:00','CB',8),(910,0,3,'2019-10-04 22:44:00','CB',18),(911,122,2,'2019-08-12 05:04:00','Espece',60),(912,21,2,'2019-10-09 16:24:00','Espece',5),(913,33,2,'2019-04-12 10:30:00','Espece',31.5),(914,57,8,'2019-02-11 14:52:00','Espece',71.5),(915,12,6,'2019-05-01 01:21:00','CB',45.5),(916,57,8,'2019-09-12 09:04:00','Espece',74.5),(917,50,5,'2019-01-06 19:28:00','CB',68.5),(918,142,8,'2019-08-01 20:42:00','Espece',13.5),(919,0,3,'2019-10-11 15:07:00','CB',22),(920,27,8,'2019-12-12 17:37:00','CB',4.5),(921,8,3,'2019-06-07 00:22:00','Espece',41),(922,33,4,'2019-06-12 16:37:00','Espece',46.5),(923,86,3,'2019-06-10 00:01:00','Espece',7.5),(924,25,4,'2019-09-02 15:26:00','CB',68.5),(925,19,11,'2019-07-06 09:29:00','CB',50),(926,92,7,'2019-07-05 21:17:00','CB',67.5),(927,42,1,'2019-05-09 22:45:00','CB',25.5),(928,86,4,'2019-07-06 12:24:00','CB',71),(929,0,9,'2019-11-02 07:18:00','CB',48),(930,8,10,'2019-11-11 15:24:00','CB',4),(931,105,7,'2019-04-10 14:46:00','CB',50),(932,116,4,'2019-12-07 16:27:00','Espece',40.5),(933,0,9,'2019-09-10 18:43:00','CB',18),(934,116,3,'2019-12-12 22:55:00','CB',27),(935,97,8,'2019-06-09 00:34:00','Espece',36.5),(936,135,8,'2019-08-10 20:05:00','CB',21),(937,94,10,'2019-03-08 18:21:00','Espece',44.5),(938,75,2,'2019-01-06 14:08:00','CB',18),(939,66,7,'2019-05-02 21:01:00','CB',1.5),(940,86,1,'2019-05-09 04:59:00','CB',48),(941,0,9,'2019-03-08 18:16:00','CB',17),(942,0,1,'2019-03-12 10:13:00','CB',47.5),(943,25,6,'2019-04-03 06:15:00','CB',8.5),(944,0,3,'2019-07-05 13:28:00','CB',63),(945,108,2,'2019-01-11 20:50:00','CB',67.5),(946,114,7,'2019-01-08 19:50:00','CB',37),(947,84,2,'2019-07-11 23:45:00','CB',8.5),(948,0,3,'2019-11-10 04:18:00','CB',19.5),(949,0,7,'2019-03-12 19:16:00','CB',8),(950,0,7,'2019-10-10 14:39:00','CB',14),(951,98,7,'2019-09-07 22:55:00','Espece',34.5),(952,5,7,'2019-12-07 10:20:00','Espece',47),(953,0,5,'2019-02-02 15:08:00','CB',15),(954,0,1,'2019-05-03 16:26:00','CB',21),(955,77,9,'2019-06-09 11:22:00','CB',6.5),(956,99,4,'2019-01-09 11:53:00','CB',55.5),(957,140,6,'2019-03-02 00:07:00','CB',27.5),(958,50,1,'2019-08-02 17:48:00','Espece',76.5),(959,105,12,'2019-11-09 22:59:00','Espece',36.5),(960,65,10,'2019-05-04 17:03:00','CB',45.5),(961,9,6,'2019-08-10 03:11:00','Espece',22.5),(962,0,3,'2019-01-10 11:04:00','CB',43),(963,116,4,'2019-05-09 06:00:00','CB',36),(964,133,5,'2019-09-11 05:55:00','Espece',31),(965,94,8,'2019-10-12 09:13:00','Espece',15.5),(966,116,9,'2019-06-01 20:15:00','Espece',25),(967,23,12,'2019-01-12 00:00:00','Espece',30),(968,102,7,'2019-03-06 16:41:00','Espece',17),(969,0,3,'2019-02-03 04:47:00','CB',17.5),(970,130,5,'2019-04-09 03:22:00','Espece',38.5),(971,96,10,'2019-09-06 07:58:00','CB',47),(972,94,2,'2019-08-02 13:58:00','Espece',36.5),(973,0,5,'2019-12-07 05:16:00','CB',56),(974,127,10,'2019-04-03 22:14:00','Espece',2.5),(975,37,10,'2019-12-11 22:20:00','Espece',20.5),(976,122,6,'2019-02-07 03:07:00','Espece',26.5),(977,75,4,'2019-03-11 01:27:00','CB',9),(978,0,3,'2019-08-10 00:49:00','CB',49),(979,102,9,'2019-09-12 21:31:00','CB',27.5),(980,146,7,'2019-09-10 16:32:00','CB',37.5),(981,0,3,'2019-08-09 21:01:00','CB',46),(982,2,2,'2019-09-07 06:17:00','Espece',16),(983,62,5,'2019-02-11 21:30:00','Espece',5),(984,104,3,'2019-02-08 00:39:00','Espece',31.5),(985,140,12,'2019-10-11 23:56:00','Espece',4),(986,33,10,'2019-05-12 23:22:00','CB',5),(987,33,10,'2019-09-03 05:49:00','Espece',30),(988,113,11,'2019-12-05 01:58:00','CB',9),(989,28,6,'2019-05-09 23:19:00','CB',53.5),(990,0,3,'2019-04-07 17:48:00','CB',30),(991,8,8,'2019-06-11 10:39:00','Espece',43),(992,0,3,'2019-09-08 14:31:00','CB',9),(993,0,9,'2019-06-10 15:41:00','CB',7.5),(994,92,10,'2019-01-02 18:27:00','Espece',36),(995,128,9,'2019-11-03 04:09:00','Espece',53.5),(996,19,4,'2019-12-11 17:54:00','CB',15),(997,131,6,'2019-11-11 10:27:00','CB',28.5),(998,0,7,'2019-10-08 19:22:00','CB',34.5),(999,148,8,'2019-10-12 00:55:00','CB',27),(1000,92,1,'2019-02-02 15:28:00','CB',46);
/*!40000 ALTER TABLE `Orders` ENABLE KEYS */;
UNLOCK TABLES;

--
-- Table structure for table `Orders_items`
--

DROP TABLE IF EXISTS `Orders_items`;
/*!40101 SET @saved_cs_client     = @@character_set_client */;
/*!40101 SET character_set_client = utf8 */;
CREATE TABLE `Orders_items` (
  `order_id` int(11) NOT NULL,
  `item_id` int(11) NOT NULL,
  `quantite` int(11) NOT NULL,
  UNIQUE KEY `order_id` (`order_id`,`item_id`),
  KEY `Orders_items_fk1` (`item_id`),
  CONSTRAINT `Orders_items_fk0` FOREIGN KEY (`order_id`) REFERENCES `Orders` (`id`) ON DELETE CASCADE,
  CONSTRAINT `Orders_items_fk1` FOREIGN KEY (`item_id`) REFERENCES `Items` (`id`) ON DELETE CASCADE
) ENGINE=InnoDB DEFAULT CHARSET=latin1;
/*!40101 SET character_set_client = @saved_cs_client */;

--
-- Dumping data for table `Orders_items`
--

LOCK TABLES `Orders_items` WRITE;
/*!40000 ALTER TABLE `Orders_items` DISABLE KEYS */;
INSERT INTO `Orders_items` VALUES (1,9,3),(2,8,1),(2,11,2),(2,17,3),(3,2,2),(4,5,3),(4,11,1),(4,12,1),(4,17,3),(5,1,1),(6,9,1),(7,2,3),(7,3,3),(7,17,1),(8,3,3),(8,9,3),(8,13,1),(9,7,3),(9,8,1),(9,9,2),(9,16,1),(9,17,3),(10,5,2),(11,3,3),(11,8,3),(11,12,2),(12,3,3),(13,1,1),(13,8,1),(13,11,1),(13,13,3),(13,17,3),(14,4,2),(14,9,1),(14,11,3),(14,15,2),(15,10,1),(15,12,2),(16,12,2),(16,13,3),(17,7,1),(17,12,1),(17,13,3),(18,7,2),(19,9,1),(19,13,3),(20,2,3),(20,3,3),(20,7,2),(20,8,2),(20,9,2),(20,10,2),(21,2,1),(21,4,1),(21,9,1),(22,5,3),(23,1,2),(23,4,1),(23,5,1),(23,12,1),(23,14,3),(23,15,2),(24,2,3),(24,10,3),(24,13,2),(25,3,1),(25,7,3),(25,8,3),(25,11,1),(26,4,3),(26,7,2),(26,14,2),(27,4,3),(27,8,1),(27,10,2),(27,12,2),(27,15,1),(27,17,1),(28,2,2),(28,7,2),(28,9,1),(28,10,1),(28,14,1),(28,16,1),(29,6,3),(29,9,3),(29,10,2),(29,12,3),(30,2,2),(30,14,1),(31,11,1),(31,13,2),(32,7,1),(33,7,3),(34,1,1),(34,4,1),(34,11,3),(34,14,3),(34,15,2),(35,3,2),(35,8,2),(35,13,2),(35,15,1),(36,13,2),(36,14,1),(37,1,3),(37,4,2),(37,5,1),(37,6,3),(37,15,2),(38,2,2),(38,5,1),(38,7,2),(38,9,2),(38,11,3),(38,16,2),(39,1,1),(39,7,3),(39,8,3),(39,11,3),(39,13,2),(39,14,3),(40,1,1),(40,6,3),(40,7,3),(40,11,2),(40,12,2),(40,13,1),(41,2,3),(41,3,2),(41,5,1),(41,13,2),(41,17,1),(42,2,3),(42,3,3),(42,16,1),(42,17,3),(43,9,3),(43,10,3),(43,11,1),(43,14,2),(43,16,3),(43,17,2),(44,2,3),(44,5,3),(45,7,2),(45,16,1),(45,17,3),(46,2,2),(46,6,3),(46,13,3),(47,11,2),(47,14,2),(47,17,1),(48,16,2),(48,17,1),(49,2,1),(49,6,2),(49,8,2),(49,11,1),(49,14,1),(50,9,3),(50,10,3),(50,15,1),(51,1,3),(51,13,3),(52,3,2),(52,7,2),(52,13,2),(52,16,2),(52,17,3),(53,3,1),(53,8,1),(53,9,1),(53,11,3),(53,13,3),(53,17,1),(54,7,1),(54,8,1),(54,11,1),(54,12,3),(54,14,2),(54,16,1),(55,1,2),(55,5,3),(55,8,1),(55,13,3),(55,14,3),(56,7,2),(56,14,2),(56,17,1),(57,3,3),(57,13,2),(58,2,1),(58,4,2),(59,12,2),(59,17,3),(60,6,1),(61,6,2),(61,10,3),(61,11,3),(61,15,3),(62,1,2),(62,7,1),(62,8,3),(62,13,3),(62,17,1),(63,8,2),(64,2,2),(64,3,3),(64,13,2),(65,8,1),(65,9,3),(66,3,3),(66,4,1),(66,5,2),(66,9,3),(66,10,3),(67,7,2),(67,9,3),(67,10,3),(67,13,2),(68,1,3),(68,6,2),(68,8,1),(68,11,2),(68,13,3),(69,2,1),(69,4,1),(69,6,1),(69,8,3),(69,9,2),(69,14,1),(70,5,2),(71,2,3),(71,3,1),(71,10,3),(71,11,1),(71,12,2),(71,14,1),(72,11,1),(73,1,2),(73,6,1),(74,2,1),(75,2,1),(76,13,3),(77,5,3),(77,6,3),(77,15,3),(77,17,3),(78,7,3),(79,2,2),(79,3,2),(79,9,3),(79,11,3),(79,12,2),(79,13,2),(80,1,2),(80,2,1),(80,6,2),(80,10,3),(80,16,2),(81,4,1),(81,5,3),(81,10,3),(81,11,2),(81,15,2),(81,16,1),(82,1,1),(82,11,2),(83,2,2),(83,7,2),(83,9,3),(83,10,3),(83,11,3),(83,12,2),(84,2,1),(84,5,3),(84,6,1),(84,11,1),(84,13,1),(84,17,2),(85,4,2),(85,5,2),(85,7,2),(85,11,1),(85,12,1),(85,14,1),(86,2,2),(86,11,2),(86,12,1),(86,13,3),(87,3,3),(87,7,3),(87,9,1),(87,10,1),(87,14,1),(87,16,3),(88,12,2),(88,13,1),(88,15,3),(89,3,2),(89,5,3),(89,7,1),(89,9,3),(89,16,1),(89,17,2),(90,15,2),(91,1,1),(91,4,2),(91,7,1),(91,9,3),(91,13,2),(91,15,1),(92,12,3),(93,3,3),(93,6,2),(93,7,2),(93,8,3),(93,13,3),(94,6,3),(94,9,3),(94,10,2),(94,12,1),(94,14,1),(95,11,2),(96,1,1),(96,3,3),(96,6,1),(96,13,1),(96,15,3),(97,2,1),(97,4,2),(97,6,2),(97,7,1),(97,10,3),(97,13,1),(98,2,3),(98,7,2),(98,8,1),(98,14,1),(98,16,2),(99,4,1),(99,6,2),(99,7,2),(99,8,1),(99,12,1),(99,15,3),(100,7,2),(100,8,1),(100,10,2),(100,13,2),(100,14,1),(100,16,1),(101,3,1),(101,7,3),(101,8,1),(101,11,3),(102,14,2),(102,16,2),(103,3,1),(103,7,2),(103,10,2),(103,12,1),(103,16,2),(104,3,3),(105,1,3),(105,13,1),(105,16,2),(105,17,1),(106,7,1),(106,8,1),(106,10,1),(106,11,1),(106,13,3),(107,2,3),(107,4,3),(107,10,3),(108,6,2),(108,7,2),(108,9,3),(108,13,2),(108,15,1),(108,16,3),(109,2,3),(110,11,1),(111,9,3),(111,17,2),(112,5,3),(112,7,1),(112,13,2),(113,6,3),(113,11,1),(114,2,1),(114,5,2),(114,7,3),(114,8,3),(114,12,1),(115,3,3),(115,7,2),(115,8,3),(115,9,1),(115,13,2),(115,16,3),(116,10,2),(117,2,2),(117,10,2),(117,16,3),(118,9,1),(119,7,2),(119,9,1),(120,2,1),(120,3,2),(120,8,3),(120,10,3),(120,12,2),(120,13,1),(121,8,1),(121,9,2),(121,13,3),(121,15,3),(122,3,3),(122,5,3),(122,6,3),(122,7,2),(122,15,2),(123,4,1),(123,15,1),(124,5,2),(124,11,1),(124,12,3),(124,13,1),(125,3,2),(125,5,1),(125,6,1),(125,9,2),(125,11,1),(125,14,2),(126,4,1),(126,10,3),(126,13,1),(126,16,3),(126,17,3),(127,2,3),(127,5,2),(127,13,3),(127,17,3),(128,2,1),(128,3,2),(128,10,2),(128,13,3),(128,14,2),(128,16,1),(129,1,1),(129,2,1),(129,4,3),(129,6,2),(129,7,1),(129,16,1),(130,4,3),(130,15,3),(131,2,3),(131,3,3),(131,10,3),(131,13,2),(131,14,2),(131,17,3),(132,2,1),(132,8,1),(132,12,2),(132,14,1),(132,16,1),(132,17,3),(133,16,1),(134,1,1),(134,2,2),(134,6,2),(134,9,1),(134,11,1),(135,4,1),(135,10,2),(135,12,3),(135,13,3),(136,6,3),(136,11,2),(136,16,2),(136,17,2),(137,10,1),(138,8,2),(138,12,3),(139,5,2),(139,9,1),(139,10,1),(139,12,3),(140,7,1),(140,11,1),(141,7,2),(141,8,2),(141,12,1),(141,16,2),(142,1,2),(142,2,1),(142,3,1),(142,7,2),(142,9,3),(142,10,2),(143,1,3),(143,2,3),(143,5,1),(143,7,3),(143,9,2),(144,3,1),(145,2,3),(145,7,2),(145,9,1),(145,11,1),(145,12,1),(145,16,3),(146,3,3),(146,9,2),(146,10,1),(146,13,1),(146,16,3),(146,17,2),(147,10,3),(148,1,1),(148,9,3),(148,14,2),(148,16,3),(148,17,2),(149,17,1),(150,11,2),(151,16,2),(152,2,2),(153,3,2),(153,8,3),(153,12,1),(153,13,2),(153,16,1),(154,6,1),(155,3,3),(155,5,2),(155,7,2),(155,11,1),(155,16,3),(156,1,3),(156,4,1),(156,9,1),(156,14,1),(157,1,3),(157,2,3),(157,6,3),(157,11,2),(157,14,3),(158,4,3),(159,2,2),(159,10,3),(159,12,3),(159,14,2),(159,16,1),(159,17,3),(160,3,2),(160,9,1),(160,13,3),(161,5,1),(161,8,1),(161,9,3),(161,11,1),(161,16,3),(161,17,2),(162,3,3),(162,4,1),(162,9,3),(162,12,3),(163,2,1),(163,4,2),(163,6,3),(163,9,3),(163,10,2),(163,15,2),(164,7,3),(164,9,3),(164,14,2),(164,17,2),(165,2,1),(165,5,3),(165,7,2),(165,10,2),(165,11,2),(165,16,3),(166,6,1),(166,7,3),(166,15,2),(166,17,3),(167,3,1),(167,5,3),(167,7,1),(167,9,1),(168,5,3),(168,8,2),(168,9,2),(168,11,2),(168,14,1),(168,17,1),(169,15,3),(170,2,2),(170,12,1),(170,16,1),(170,17,1),(171,1,3),(171,2,1),(171,15,3),(171,16,1),(171,17,3),(172,2,2),(172,5,2),(172,8,1),(172,13,1),(173,2,2),(173,7,3),(173,12,3),(173,13,3),(173,14,1),(174,1,3),(174,2,3),(174,5,1),(174,9,3),(174,11,2),(174,17,1),(175,3,2),(175,4,3),(175,10,1),(175,17,1),(176,9,3),(176,15,2),(177,5,3),(178,8,2),(178,17,3),(179,1,1),(179,9,1),(179,11,3),(179,14,3),(180,5,2),(180,7,2),(180,9,1),(180,10,1),(180,16,3),(181,5,3),(181,15,3),(181,16,1),(182,9,1),(183,8,1),(183,11,2),(183,17,2),(184,9,2),(184,11,3),(184,13,2),(184,17,3),(185,2,3),(185,6,3),(185,8,2),(185,9,3),(185,12,1),(186,3,3),(187,3,3),(187,11,3),(187,12,3),(187,14,1),(187,15,2),(187,16,2),(188,5,2),(189,2,3),(190,2,1),(190,7,3),(190,8,1),(190,10,1),(190,12,2),(190,17,2),(191,6,1),(191,12,3),(192,7,3),(192,8,1),(192,9,2),(192,13,3),(192,14,3),(192,16,3),(193,1,3),(193,8,3),(193,9,1),(193,12,3),(194,4,2),(194,6,2),(194,11,3),(194,15,2),(195,4,3),(195,8,3),(195,9,3),(195,14,2),(195,16,3),(196,12,1),(197,2,3),(197,11,3),(198,8,3),(198,10,2),(199,2,1),(199,7,2),(199,11,3),(199,12,2),(199,13,2),(200,3,2),(200,9,1),(200,16,2),(201,9,2),(201,11,1),(201,13,3),(202,6,2),(202,8,2),(202,9,2),(202,17,1),(203,3,1),(203,5,2),(203,10,1),(203,11,1),(203,17,1),(204,2,3),(204,3,3),(204,10,3),(204,12,1),(204,13,1),(204,16,1),(205,1,3),(205,4,1),(205,9,3),(205,12,3),(205,15,3),(206,3,1),(207,2,3),(207,3,2),(207,9,3),(207,13,1),(207,16,3),(207,17,3),(208,1,2),(208,5,2),(208,7,3),(208,8,1),(208,16,3),(209,8,1),(209,11,3),(209,13,2),(209,14,1),(210,5,1),(210,13,3),(211,1,1),(211,7,2),(212,4,3),(212,6,2),(212,7,3),(212,9,1),(212,11,3),(212,12,2),(213,1,1),(213,2,1),(213,5,1),(213,8,2),(213,10,3),(213,14,1),(214,6,2),(214,7,2),(214,14,1),(215,3,3),(215,5,1),(215,7,3),(215,11,2),(215,12,3),(215,17,1),(216,3,1),(216,5,3),(216,9,1),(216,10,1),(216,11,3),(216,13,2),(217,2,2),(218,9,2),(218,13,2),(218,17,1),(219,4,3),(219,10,2),(219,12,2),(219,13,2),(220,3,2),(220,5,1),(220,14,3),(220,15,1),(221,1,3),(221,10,1),(221,11,2),(221,15,3),(222,1,3),(222,7,1),(222,13,2),(222,14,3),(222,16,3),(222,17,1),(223,3,2),(223,11,3),(223,12,3),(223,14,2),(224,13,3),(224,17,2),(225,4,2),(225,8,2),(225,11,3),(225,13,3),(226,1,3),(226,7,3),(226,9,3),(226,11,1),(227,4,1),(227,9,3),(227,10,1),(227,17,3),(228,4,3),(228,10,1),(229,8,3),(229,10,1),(229,12,1),(230,2,1),(230,9,3),(231,7,3),(231,13,3),(231,15,1),(231,16,2),(232,1,3),(232,2,3),(232,11,1),(232,13,2),(232,14,2),(232,17,3),(233,3,2),(233,4,3),(233,7,2),(233,8,2),(233,12,2),(233,17,3),(234,14,1),(234,15,2),(234,16,1),(235,1,1),(235,14,2),(236,1,1),(236,2,2),(236,10,1),(236,13,2),(236,17,3),(237,6,3),(238,15,1),(239,2,1),(239,8,3),(239,9,2),(239,11,3),(239,12,2),(239,13,2),(240,2,1),(240,3,1),(240,8,2),(240,11,3),(240,13,1),(240,14,1),(241,2,2),(241,7,2),(241,10,2),(241,12,1),(241,13,2),(241,17,3),(242,3,2),(242,5,2),(242,10,3),(242,14,3),(242,16,2),(243,1,3),(243,5,2),(243,13,3),(243,14,3),(243,16,3),(243,17,3),(244,1,1),(244,3,2),(244,10,3),(244,13,1),(245,2,2),(245,4,2),(245,5,1),(245,8,1),(245,11,3),(245,17,2),(246,3,3),(246,5,3),(246,10,1),(246,11,2),(246,16,1),(246,17,3),(247,1,2),(247,6,3),(247,8,2),(247,15,1),(248,11,3),(248,14,2),(248,15,2),(249,10,3),(250,1,2),(250,3,1),(250,12,2),(250,15,2),(251,14,2),(252,6,2),(252,11,3),(252,12,2),(253,1,3),(253,3,3),(253,5,3),(253,8,1),(253,10,2),(253,11,1),(254,12,2),(255,8,1),(255,9,3),(255,10,3),(255,11,2),(255,14,2),(256,17,1),(257,3,2),(257,17,3),(258,11,3),(259,1,3),(259,7,3),(259,11,2),(259,12,1),(259,14,1),(260,4,3),(260,8,1),(260,10,1),(260,12,1),(261,2,1),(261,4,1),(261,5,3),(261,9,2),(261,11,3),(261,15,2),(262,2,3),(262,7,2),(262,13,2),(263,3,3),(263,13,2),(263,14,1),(264,5,1),(264,10,3),(264,12,2),(264,14,1),(264,15,2),(265,11,2),(266,7,2),(266,11,1),(267,2,1),(267,3,2),(267,4,3),(267,10,1),(268,7,1),(268,8,3),(268,13,2),(269,2,3),(269,3,3),(269,4,1),(269,7,1),(269,9,3),(269,15,2),(270,1,3),(270,5,2),(270,6,1),(270,8,3),(270,10,3),(271,3,2),(271,4,1),(271,13,1),(271,16,1),(272,3,1),(272,5,3),(272,16,2),(272,17,1),(273,9,3),(273,16,1),(274,8,1),(274,9,2),(274,10,3),(274,11,2),(274,13,2),(274,17,1),(275,4,2),(275,14,3),(275,17,2),(276,2,1),(276,5,1),(276,8,1),(276,13,3),(276,14,3),(276,17,3),(277,5,3),(277,13,1),(278,2,3),(278,13,1),(279,7,2),(279,8,1),(279,9,1),(279,11,2),(279,15,3),(279,16,2),(280,9,3),(281,5,2),(281,6,2),(281,10,3),(282,5,1),(282,6,3),(282,8,3),(282,9,2),(282,16,3),(283,9,2),(284,2,3),(284,3,3),(284,7,3),(284,10,1),(284,11,2),(284,17,2),(285,6,2),(285,11,2),(286,7,1),(286,9,1),(286,12,3),(287,14,2),(288,8,3),(288,10,3),(288,14,3),(288,16,2),(289,8,3),(289,9,3),(289,12,2),(289,14,3),(289,15,2),(290,4,1),(291,9,2),(291,10,1),(292,5,2),(292,9,3),(292,14,2),(293,2,1),(293,5,1),(293,6,2),(293,13,2),(293,15,1),(294,2,2),(294,6,2),(295,17,3),(296,3,3),(296,12,1),(296,14,1),(297,3,1),(297,6,1),(297,9,1),(297,10,1),(297,15,1),(297,16,1),(298,3,1),(298,7,1),(298,11,2),(298,13,3),(298,14,2),(298,16,2),(299,1,3),(300,2,2),(300,12,2),(300,13,3),(300,14,2),(300,17,3),(301,3,2),(301,6,1),(301,7,3),(301,9,3),(301,13,2),(301,14,1),(302,2,1),(302,3,2),(302,4,3),(302,11,1),(303,3,2),(303,5,3),(303,10,3),(303,11,1),(303,12,2),(304,1,3),(304,8,2),(304,15,3),(304,16,3),(305,3,2),(305,4,2),(305,10,2),(305,13,3),(305,15,3),(306,2,1),(306,14,2),(306,15,1),(306,17,2),(307,13,1),(307,17,2),(308,5,3),(308,16,2),(309,11,3),(309,16,1),(310,17,1),(311,2,2),(311,6,1),(311,9,3),(312,5,2),(312,14,2),(313,5,2),(313,6,2),(313,15,1),(314,2,2),(314,3,3),(314,11,2),(315,6,3),(315,11,1),(315,13,3),(315,14,1),(315,15,2),(315,17,3),(316,3,1),(317,2,2),(317,8,1),(317,10,3),(317,13,1),(317,14,3),(317,17,2),(318,7,1),(318,9,1),(318,14,3),(318,16,1),(319,5,2),(319,7,1),(319,10,3),(319,15,2),(319,16,1),(320,3,1),(320,4,3),(320,9,2),(320,14,2),(321,8,3),(321,15,2),(322,2,3),(322,4,1),(322,6,2),(322,9,3),(322,11,2),(323,1,1),(323,4,2),(323,9,1),(323,10,2),(323,12,2),(324,1,3),(324,4,3),(324,7,2),(324,15,3),(324,16,2),(325,15,1),(326,2,1),(326,9,3),(326,10,1),(326,12,3),(327,7,1),(327,8,1),(327,10,1),(327,13,1),(327,16,1),(327,17,2),(328,5,3),(328,7,2),(328,11,3),(328,13,3),(329,1,1),(329,2,1),(329,7,3),(330,5,2),(330,10,3),(330,14,1),(331,7,1),(331,8,3),(331,9,2),(331,10,3),(331,16,1),(332,11,1),(332,14,2),(333,12,1),(333,17,3),(334,15,3),(335,7,2),(336,7,1),(336,11,1),(336,14,2),(336,17,2),(337,12,2),(338,2,2),(338,5,2),(338,11,3),(338,13,3),(339,2,3),(339,10,2),(340,2,2),(340,7,1),(340,11,1),(340,13,3),(340,14,1),(341,2,1),(341,11,2),(341,12,2),(341,13,3),(341,14,3),(342,2,3),(342,14,2),(343,1,3),(343,5,3),(343,6,3),(343,9,2),(343,16,1),(344,1,2),(344,4,3),(344,5,1),(344,6,3),(344,7,2),(344,12,3),(345,1,1),(345,2,1),(345,5,2),(345,14,2),(346,9,2),(346,10,1),(346,11,3),(346,14,1),(347,7,1),(347,13,3),(348,7,2),(348,11,2),(348,15,1),(349,5,3),(349,9,2),(349,12,3),(349,17,1),(350,2,2),(350,3,1),(350,5,1),(350,11,2),(350,12,2),(351,7,2),(351,10,2),(351,11,3),(351,12,2),(351,14,3),(351,15,3),(352,1,3),(352,2,2),(352,8,3),(352,14,3),(353,2,2),(353,10,1),(353,12,3),(354,4,2),(355,3,3),(355,5,1),(355,10,1),(355,11,3),(355,12,3),(355,16,1),(356,1,1),(356,2,1),(356,16,2),(357,11,3),(357,13,1),(358,11,2),(358,14,1),(359,4,3),(359,9,2),(360,1,1),(360,12,2),(360,13,3),(360,14,1),(361,7,1),(361,8,2),(361,9,3),(362,11,3),(362,15,2),(363,5,3),(363,6,2),(363,7,3),(363,8,1),(363,15,1),(364,1,3),(364,3,1),(364,5,3),(364,14,1),(364,15,2),(365,1,2),(365,5,1),(365,11,2),(365,13,1),(366,1,3),(366,6,1),(366,12,3),(366,14,2),(366,15,2),(367,9,3),(367,14,3),(368,3,3),(368,5,2),(368,13,1),(369,8,2),(370,3,1),(371,11,3),(371,14,1),(372,11,3),(373,16,3),(374,4,2),(374,9,1),(374,17,3),(375,5,1),(375,6,2),(375,17,3),(376,7,1),(376,8,3),(376,9,3),(376,10,3),(376,15,3),(377,2,1),(377,11,3),(377,13,1),(378,9,1),(378,17,2),(379,3,1),(379,5,2),(379,9,2),(379,11,3),(379,12,1),(379,14,3),(380,2,2),(380,7,3),(380,9,1),(380,14,2),(380,15,3),(381,2,2),(381,8,2),(381,10,2),(381,13,1),(381,14,3),(382,1,3),(382,8,1),(382,16,3),(383,4,3),(383,13,1),(383,15,2),(384,3,1),(384,12,3),(384,16,3),(385,2,2),(386,12,3),(387,2,2),(387,6,3),(387,9,2),(387,14,2),(387,15,1),(388,5,3),(388,6,2),(388,8,2),(388,12,2),(388,14,1),(388,15,2),(389,3,3),(389,5,1),(389,10,2),(389,13,2),(390,11,3),(391,16,3),(392,2,3),(392,3,2),(392,5,3),(392,9,3),(393,2,2),(393,14,3),(394,2,2),(394,8,1),(394,13,3),(395,4,2),(395,7,2),(395,8,2),(395,10,2),(395,14,1),(395,16,1),(396,2,1),(397,4,3),(397,7,2),(397,9,1),(397,10,1),(397,15,1),(398,5,2),(398,6,3),(398,8,1),(398,11,2),(398,13,1),(399,1,1),(400,2,2),(400,9,2),(400,11,1),(400,13,1),(401,3,3),(401,5,2),(401,7,2),(401,8,2),(401,10,3),(401,14,2),(402,3,1),(402,12,1),(402,17,2),(403,9,3),(403,11,3),(404,5,3),(405,2,1),(405,8,1),(405,9,1),(405,11,2),(405,13,3),(405,14,3),(406,1,3),(406,13,3),(406,14,3),(407,9,2),(407,13,3),(407,17,1),(408,2,1),(408,14,1),(409,8,2),(410,7,2),(410,17,2),(411,9,3),(411,10,3),(411,13,2),(411,14,1),(412,2,3),(412,3,1),(412,8,1),(412,13,3),(412,14,1),(412,16,1),(413,2,2),(413,3,3),(413,5,2),(413,14,3),(413,16,2),(413,17,1),(414,1,2),(414,3,3),(414,10,3),(414,14,3),(415,1,1),(415,2,2),(415,6,2),(415,13,1),(416,7,1),(416,11,3),(417,1,2),(417,6,1),(417,11,3),(417,16,1),(418,8,3),(419,5,3),(420,2,1),(420,8,3),(420,9,1),(420,10,3),(420,17,2),(421,16,3),(422,3,2),(422,4,3),(422,7,1),(422,15,2),(423,3,3),(423,17,3),(424,10,3),(424,15,3),(425,1,1),(425,6,3),(425,9,3),(425,13,2),(426,1,3),(426,6,1),(426,8,2),(426,10,3),(426,17,2),(427,1,3),(427,2,1),(427,5,1),(427,12,2),(427,13,3),(427,17,3),(428,2,1),(428,4,3),(428,8,1),(428,9,2),(428,14,1),(429,9,1),(429,11,2),(429,12,1),(430,5,2),(430,6,3),(430,10,1),(431,5,2),(431,8,2),(431,9,2),(431,10,1),(431,14,2),(431,17,2),(432,9,1),(432,11,3),(433,2,1),(433,7,2),(433,8,3),(433,14,1),(433,16,2),(434,2,2),(435,8,1),(435,16,2),(436,3,1),(436,5,2),(436,8,1),(436,16,3),(437,4,3),(438,1,2),(438,3,2),(438,17,2),(439,2,2),(439,6,1),(439,14,1),(439,16,3),(440,6,3),(440,8,2),(440,9,3),(440,12,2),(441,3,3),(441,8,3),(441,13,2),(441,14,3),(441,16,1),(441,17,2),(442,8,1),(443,9,3),(443,11,1),(443,12,3),(443,13,1),(443,15,3),(443,17,3),(444,9,2),(445,14,2),(445,17,3),(446,3,3),(446,9,3),(446,10,1),(446,14,3),(447,3,2),(447,16,1),(448,2,1),(448,4,1),(448,14,3),(448,17,2),(449,14,1),(450,7,3),(450,10,1),(450,13,3),(450,14,3),(450,16,3),(450,17,3),(451,2,3),(451,8,3),(451,10,3),(451,13,2),(451,16,3),(451,17,1),(452,5,1),(452,6,2),(453,3,3),(453,5,3),(453,8,2),(453,9,2),(453,12,1),(454,9,1),(454,11,2),(454,12,1),(454,13,2),(454,14,3),(455,1,1),(455,8,3),(455,10,3),(455,11,3),(455,14,1),(455,15,1),(456,1,1),(456,4,2),(456,7,1),(456,10,2),(456,12,3),(456,16,3),(457,3,3),(458,4,3),(458,11,3),(458,12,3),(458,15,2),(458,16,3),(459,6,2),(459,11,1),(459,13,2),(460,3,1),(460,10,1),(460,14,1),(461,5,1),(461,12,2),(461,16,1),(461,17,2),(462,2,3),(462,3,2),(462,7,3),(462,14,3),(462,17,3),(463,2,1),(463,9,2),(463,10,2),(463,11,3),(464,8,3),(464,13,2),(464,14,1),(465,2,2),(465,9,2),(465,10,1),(465,11,3),(465,14,1),(466,16,1),(467,7,3),(467,9,1),(467,14,2),(467,16,1),(468,6,2),(468,7,2),(468,10,1),(469,2,3),(469,4,1),(469,9,3),(469,10,3),(469,13,1),(469,14,1),(470,3,2),(470,5,2),(470,7,2),(470,13,3),(470,16,1),(470,17,3),(471,2,1),(471,15,1),(472,8,1),(472,10,2),(472,13,1),(472,16,1),(473,3,3),(473,11,2),(473,12,3),(474,12,2),(475,4,2),(476,4,2),(476,5,1),(476,6,3),(476,12,3),(476,13,3),(476,15,2),(477,2,1),(477,6,1),(477,7,1),(477,9,1),(477,16,1),(477,17,3),(478,1,3),(478,6,1),(478,7,3),(478,11,1),(479,9,3),(479,17,1),(480,9,1),(480,12,1),(480,13,2),(480,14,3),(481,15,1),(482,6,1),(482,8,2),(482,10,1),(482,13,2),(482,16,2),(483,12,1),(484,8,2),(484,11,1),(485,1,1),(485,4,1),(485,12,2),(486,3,3),(486,12,1),(486,14,2),(486,15,2),(487,4,3),(487,6,2),(487,10,2),(487,11,3),(487,13,2),(487,17,1),(488,2,2),(488,7,1),(488,9,1),(489,3,1),(489,9,3),(490,8,2),(490,9,3),(490,11,2),(490,17,1),(491,4,1),(491,10,1),(491,14,2),(491,15,3),(491,16,1),(491,17,2),(492,6,3),(492,12,2),(492,13,3),(492,17,3),(493,3,2),(493,8,2),(493,13,1),(493,14,1),(494,2,3),(494,7,1),(494,8,2),(494,9,3),(495,4,1),(495,5,2),(496,9,2),(496,11,1),(496,13,1),(497,8,1),(497,10,1),(497,13,3),(497,14,2),(497,16,2),(497,17,1),(498,10,2),(499,3,2),(499,5,3),(499,7,1),(499,10,2),(499,16,3),(499,17,2),(500,2,2),(500,10,2),(500,11,3),(500,14,2),(500,16,3),(501,4,1),(501,6,1),(501,7,1),(501,8,3),(501,11,2),(502,3,3),(502,5,2),(502,8,1),(502,9,1),(502,12,1),(502,13,1),(503,2,1),(503,3,1),(503,11,2),(503,17,1),(504,7,1),(504,8,3),(504,13,2),(505,14,2),(506,5,2),(506,12,1),(507,1,1),(507,15,2),(508,1,3),(508,2,3),(508,4,1),(508,5,3),(508,8,1),(508,16,3),(509,8,2),(509,10,3),(509,12,3),(509,17,3),(510,9,2),(510,14,2),(511,7,2),(511,14,1),(511,15,1),(512,5,3),(512,9,1),(512,12,3),(513,1,2),(513,8,1),(513,9,3),(513,13,3),(514,2,2),(514,3,2),(514,4,1),(514,11,1),(514,13,2),(514,14,2),(515,2,1),(515,7,2),(516,2,1),(516,11,1),(516,17,2),(517,2,1),(517,5,2),(517,11,2),(517,16,1),(518,2,2),(519,5,1),(519,11,1),(519,12,2),(519,15,2),(520,3,2),(520,8,3),(520,9,1),(520,10,3),(520,11,3),(520,16,3),(521,8,1),(521,14,3),(522,2,2),(523,10,1),(523,17,2),(524,1,1),(524,6,3),(524,10,3),(524,12,2),(525,15,2),(526,7,2),(526,11,1),(527,5,1),(527,12,3),(527,13,2),(527,15,1),(527,16,3),(527,17,1),(528,2,1),(528,10,3),(528,13,1),(529,12,2),(530,1,2),(530,3,3),(530,7,2),(530,14,3),(530,16,2),(531,3,3),(531,12,2),(531,16,1),(532,7,3),(532,9,1),(532,10,1),(532,13,3),(533,5,1),(533,7,3),(533,13,1),(533,16,3),(534,5,1),(534,15,1),(534,16,2),(534,17,2),(535,2,1),(535,7,3),(535,8,3),(535,10,3),(535,11,2),(535,14,3),(536,1,1),(536,7,2),(536,8,3),(536,11,2),(536,15,1),(536,17,1),(537,8,3),(537,12,2),(538,3,1),(538,5,1),(538,9,2),(538,16,2),(539,2,1),(539,15,1),(540,4,2),(540,5,1),(540,8,3),(540,11,1),(541,3,3),(541,7,3),(541,13,2),(542,1,3),(542,2,1),(542,4,3),(542,10,2),(542,11,3),(542,12,2),(543,4,1),(543,5,1),(543,8,1),(544,2,3),(544,8,1),(544,10,3),(544,12,3),(545,4,1),(545,6,3),(546,1,3),(546,8,1),(546,12,2),(546,13,2),(546,14,3),(546,16,3),(547,5,3),(547,14,3),(547,16,2),(548,7,2),(548,9,3),(548,16,3),(549,3,3),(549,4,2),(549,5,2),(549,17,1),(550,5,2),(550,7,2),(550,15,2),(551,1,2),(551,8,2),(551,12,1),(551,13,1),(551,15,2),(551,16,1),(552,3,2),(552,8,2),(552,13,1),(552,16,3),(553,1,1),(553,6,3),(553,8,3),(553,10,1),(553,13,3),(553,15,2),(554,4,1),(554,6,3),(554,10,3),(555,2,2),(555,4,1),(555,12,3),(555,17,3),(556,5,2),(556,8,2),(556,10,1),(556,12,1),(556,16,3),(557,2,1),(557,3,3),(557,7,3),(557,8,2),(557,11,3),(557,16,1),(558,2,1),(558,3,2),(558,5,3),(558,11,3),(558,13,2),(558,14,1),(559,4,2),(559,9,1),(559,10,3),(559,11,1),(559,15,2),(560,12,3),(561,2,1),(561,11,1),(561,13,3),(562,2,3),(562,3,3),(562,8,2),(562,10,2),(562,12,2),(562,14,2),(563,12,3),(563,17,3),(564,2,2),(564,4,1),(564,5,1),(564,14,1),(565,13,3),(565,14,1),(565,17,2),(566,1,2),(566,4,2),(566,10,2),(566,12,2),(566,15,2),(567,14,2),(568,8,1),(568,10,3),(568,11,3),(569,5,2),(569,12,3),(569,13,3),(570,3,2),(570,8,1),(571,5,2),(571,7,2),(571,9,1),(571,14,3),(572,11,3),(573,5,1),(573,7,1),(573,9,3),(574,11,3),(574,15,3),(575,4,2),(575,10,2),(575,12,2),(575,13,2),(575,14,2),(575,17,3),(576,2,2),(576,11,1),(576,13,1),(576,17,3),(577,2,1),(577,5,2),(577,7,1),(577,11,1),(577,12,2),(577,16,1),(578,7,1),(579,7,2),(580,3,1),(580,9,3),(580,12,1),(580,13,3),(580,15,3),(580,17,2),(581,6,2),(581,12,1),(582,3,2),(582,9,1),(582,17,3),(583,9,1),(583,10,1),(583,11,3),(583,13,1),(584,3,1),(584,4,2),(584,6,2),(584,11,3),(585,3,2),(585,11,1),(585,13,2),(586,1,3),(586,12,3),(586,13,2),(586,14,2),(587,7,3),(587,9,2),(587,13,2),(588,5,1),(588,7,1),(588,10,2),(588,12,2),(588,14,3),(589,5,1),(589,11,2),(589,12,3),(590,4,1),(590,6,2),(590,9,2),(591,4,1),(591,5,1),(591,8,1),(591,9,1),(591,16,2),(592,9,1),(593,4,1),(593,9,3),(593,10,1),(593,15,1),(593,16,3),(594,9,1),(594,13,1),(594,15,2),(595,17,2),(596,5,1),(596,7,1),(596,8,2),(597,15,3),(598,7,2),(598,9,2),(598,10,3),(598,13,1),(598,15,3),(598,16,1),(599,2,1),(599,8,2),(600,8,3),(600,13,3),(600,15,3),(601,5,2),(601,8,1),(601,9,3),(601,11,2),(601,16,1),(602,7,1),(602,11,2),(603,1,1),(603,8,3),(603,9,1),(603,10,2),(603,14,3),(603,15,3),(604,3,1),(604,4,3),(604,8,1),(604,10,1),(604,14,1),(605,4,1),(605,5,1),(605,8,2),(605,15,1),(606,1,1),(606,5,1),(606,6,3),(606,10,1),(606,15,3),(606,16,3),(607,2,2),(607,11,2),(608,9,3),(608,15,2),(609,7,2),(610,8,3),(610,10,3),(610,17,1),(611,1,2),(612,6,2),(612,8,3),(612,9,1),(612,12,1),(612,14,1),(613,7,2),(613,8,1),(613,9,3),(613,11,2),(613,13,2),(614,5,2),(614,7,1),(614,9,1),(614,10,3),(614,16,3),(615,9,3),(615,10,2),(615,14,1),(616,1,3),(616,2,3),(616,6,1),(616,7,1),(616,10,2),(616,17,2),(617,4,1),(617,10,3),(617,11,1),(617,12,2),(617,13,2),(617,14,2),(618,2,2),(618,4,3),(618,6,2),(618,10,3),(618,11,1),(618,13,3),(619,2,3),(619,3,3),(619,5,3),(619,7,2),(619,17,3),(620,2,3),(620,8,1),(620,11,1),(620,13,2),(620,14,3),(621,1,1),(621,2,2),(621,4,3),(621,7,2),(621,10,1),(621,12,2),(622,3,1),(622,4,2),(622,9,2),(622,11,1),(622,12,2),(622,14,3),(623,2,3),(623,9,3),(623,12,3),(623,16,3),(624,3,2),(624,5,1),(624,13,1),(624,17,3),(625,1,2),(625,2,2),(625,8,1),(625,12,1),(626,1,2),(626,3,1),(626,4,3),(626,7,3),(626,11,3),(627,7,2),(627,8,3),(627,11,1),(627,12,1),(627,13,2),(628,14,3),(629,8,1),(629,14,1),(629,16,2),(629,17,2),(630,3,3),(630,5,2),(630,11,3),(630,12,3),(630,13,3),(631,3,1),(631,8,1),(631,16,1),(632,1,2),(633,4,3),(633,10,3),(634,9,3),(634,11,2),(635,2,3),(635,3,1),(635,5,2),(635,7,1),(635,12,1),(635,16,2),(636,3,3),(636,6,3),(636,7,2),(636,10,3),(636,15,3),(637,1,3),(637,8,1),(637,9,2),(637,12,2),(638,5,2),(638,9,2),(638,10,3),(638,11,3),(638,13,2),(638,14,3),(639,2,1),(639,5,3),(639,7,1),(639,9,3),(639,12,3),(639,13,3),(640,1,2),(640,2,2),(640,8,3),(640,9,2),(641,7,2),(641,8,2),(641,10,1),(641,12,2),(641,16,2),(642,3,3),(642,9,2),(642,13,2),(642,16,2),(643,1,3),(643,7,2),(643,13,3),(643,16,3),(644,14,3),(645,1,3),(645,8,1),(645,11,3),(645,14,2),(646,3,1),(646,13,3),(646,16,3),(647,6,2),(648,11,1),(648,13,3),(648,14,3),(648,15,1),(649,1,2),(649,6,2),(649,8,3),(649,11,1),(650,14,3),(651,9,2),(651,11,1),(651,15,1),(652,16,1),(653,1,2),(653,3,3),(653,10,2),(653,14,3),(653,17,1),(654,2,2),(654,3,3),(654,5,3),(654,11,2),(654,12,2),(654,13,3),(655,2,1),(655,4,1),(655,7,1),(655,10,3),(655,11,1),(656,12,3),(656,13,2),(656,15,3),(657,6,1),(657,8,1),(658,6,1),(658,8,2),(658,10,2),(658,13,1),(658,15,2),(659,3,3),(659,15,3),(660,7,2),(660,17,1),(661,1,3),(661,4,1),(661,11,2),(661,13,3),(661,14,1),(661,17,3),(662,6,1),(662,7,2),(662,8,3),(662,10,1),(662,16,2),(662,17,2),(663,2,3),(663,3,1),(663,9,3),(663,10,3),(663,13,3),(663,16,2),(664,2,1),(664,7,1),(664,11,3),(664,12,2),(664,16,3),(665,1,1),(665,2,3),(665,5,2),(665,11,1),(665,13,2),(665,15,2),(666,3,3),(666,4,3),(666,7,3),(666,16,3),(667,7,2),(667,13,1),(668,2,2),(669,3,1),(669,10,2),(669,12,2),(669,13,3),(670,6,2),(670,8,3),(671,10,1),(671,12,3),(671,15,2),(671,16,3),(672,3,3),(672,7,1),(672,8,1),(672,10,1),(672,13,2),(672,16,2),(673,4,1),(674,8,2),(674,10,3),(674,12,2),(674,15,3),(674,16,1),(675,2,3),(675,13,1),(675,16,1),(676,10,2),(677,3,2),(677,5,1),(677,16,2),(678,9,1),(678,10,3),(678,14,1),(678,17,3),(679,1,1),(679,2,1),(679,9,3),(679,10,3),(679,15,2),(680,9,3),(680,10,3),(680,12,1),(681,13,2),(682,5,1),(682,7,1),(682,11,2),(682,12,3),(682,16,3),(682,17,1),(683,6,2),(683,8,3),(683,14,2),(684,1,1),(684,2,2),(684,7,2),(684,13,3),(684,15,1),(685,16,3),(686,4,3),(686,7,3),(686,9,1),(686,13,1),(687,1,2),(687,4,3),(687,13,2),(687,14,1),(687,16,3),(687,17,3),(688,1,1),(688,5,1),(688,6,3),(688,10,3),(689,5,3),(689,6,3),(689,14,3),(689,17,3),(690,7,3),(691,6,2),(691,10,2),(691,12,1),(691,13,3),(691,15,3),(691,16,3),(692,2,2),(692,5,2),(692,10,1),(692,13,2),(692,14,3),(692,17,1),(693,1,2),(694,5,2),(694,8,1),(694,12,1),(694,13,2),(694,14,2),(694,17,2),(695,2,2),(695,7,1),(695,8,2),(695,14,2),(696,17,1),(697,1,2),(697,4,3),(697,9,3),(697,11,2),(697,12,1),(698,7,1),(698,8,1),(698,10,1),(698,17,2),(699,3,1),(700,2,2),(700,3,3),(700,5,1),(700,6,3),(700,9,2),(700,16,2),(701,5,2),(702,17,3),(703,13,3),(703,14,2),(703,15,1),(703,16,1),(704,6,3),(704,11,3),(704,14,3),(705,7,1),(705,9,3),(705,11,3),(705,13,1),(705,15,3),(705,17,2),(706,1,1),(706,3,2),(707,1,3),(707,9,3),(707,15,3),(707,17,1),(708,1,1),(708,3,2),(708,9,1),(708,10,1),(708,11,3),(708,13,3),(709,4,1),(709,6,2),(709,7,3),(709,8,3),(709,9,2),(709,12,2),(710,2,1),(710,3,3),(710,7,1),(710,13,3),(711,5,3),(711,15,3),(712,3,3),(713,7,1),(713,10,2),(713,11,1),(713,13,1),(714,8,3),(714,10,1),(715,8,1),(715,10,1),(715,17,1),(716,10,2),(716,12,1),(716,14,3),(716,16,1),(716,17,3),(717,6,3),(717,8,3),(717,14,3),(717,17,2),(718,4,2),(718,12,2),(718,15,2),(718,16,2),(719,1,2),(719,4,1),(719,5,3),(719,16,2),(720,1,3),(720,6,3),(720,15,1),(720,16,3),(721,7,3),(722,2,1),(722,3,3),(722,7,1),(722,11,3),(722,14,2),(722,16,1),(723,8,1),(723,9,1),(723,12,3),(724,10,2),(725,5,2),(725,8,1),(725,14,3),(726,2,1),(726,12,3),(726,13,2),(726,17,1),(727,14,1),(727,15,1),(728,2,3),(728,13,2),(729,16,1),(729,17,3),(730,3,2),(730,6,2),(730,8,2),(730,11,2),(731,2,2),(731,5,3),(731,14,2),(732,1,3),(732,4,2),(732,7,3),(732,8,1),(732,9,2),(732,12,2),(733,1,2),(733,17,2),(734,2,1),(734,4,1),(734,9,1),(734,12,3),(734,13,3),(734,15,1),(735,3,3),(735,4,1),(735,7,1),(735,15,3),(736,3,2),(736,4,1),(736,6,1),(736,7,1),(736,10,3),(737,5,3),(737,7,2),(737,8,2),(737,12,1),(737,13,2),(737,17,2),(738,13,1),(739,2,3),(739,3,1),(739,5,3),(739,8,2),(739,12,1),(740,12,1),(740,14,3),(741,11,2),(741,16,1),(742,2,2),(742,9,2),(742,13,2),(742,16,2),(742,17,1),(743,14,2),(743,16,1),(744,1,1),(744,2,1),(744,7,3),(744,14,3),(745,8,1),(746,2,3),(746,3,2),(746,5,1),(746,7,3),(746,14,3),(747,4,2),(747,11,1),(748,5,1),(748,15,2),(749,7,2),(749,13,1),(750,1,3),(750,10,2),(750,14,1),(751,6,3),(751,11,3),(751,14,2),(751,17,1),(752,2,2),(752,9,1),(752,10,3),(752,13,2),(752,16,1),(752,17,3),(753,3,3),(753,5,1),(753,7,2),(753,12,1),(753,14,2),(753,16,2),(754,6,3),(754,9,2),(754,13,1),(754,14,3),(755,2,2),(755,3,2),(755,6,3),(755,9,3),(755,10,1),(755,11,3),(756,8,2),(756,9,2),(756,15,1),(757,5,1),(757,8,2),(757,14,1),(758,2,3),(758,4,3),(758,9,2),(758,15,1),(759,11,2),(759,12,3),(760,5,2),(760,7,3),(760,12,1),(761,2,1),(761,7,1),(761,16,2),(762,5,2),(762,8,2),(762,11,1),(763,1,2),(763,4,2),(763,10,3),(764,2,2),(764,14,1),(764,17,1),(765,2,1),(765,12,3),(765,14,3),(765,16,3),(766,1,3),(766,9,1),(766,10,2),(767,2,1),(767,8,3),(767,16,3),(768,9,1),(768,15,1),(769,1,1),(769,4,2),(769,5,1),(769,6,2),(769,10,1),(769,14,3),(770,6,3),(771,2,2),(771,10,1),(771,13,2),(772,11,2),(772,16,2),(773,3,3),(773,10,1),(773,11,2),(774,8,3),(774,10,1),(775,5,3),(775,6,1),(775,8,2),(775,9,3),(776,1,1),(776,3,1),(776,5,2),(776,11,3),(777,4,1),(777,7,2),(777,14,2),(777,15,2),(778,2,3),(778,4,3),(778,12,2),(778,13,1),(778,17,3),(779,2,3),(779,3,1),(779,7,1),(779,10,1),(779,16,1),(780,9,2),(781,1,1),(781,14,3),(781,15,2),(781,16,1),(781,17,3),(782,7,3),(782,12,1),(783,17,2),(784,5,3),(784,10,3),(784,14,2),(785,4,1),(785,8,3),(785,10,1),(785,11,1),(785,12,1),(785,13,1),(786,9,1),(786,15,3),(786,16,3),(787,7,3),(788,3,2),(788,6,2),(789,4,1),(789,6,3),(789,9,1),(789,14,3),(789,16,2),(790,4,1),(790,6,3),(790,13,3),(791,4,1),(791,7,3),(791,17,3),(792,5,1),(792,8,2),(792,10,3),(792,15,2),(793,6,2),(793,9,3),(793,11,3),(794,4,2),(794,12,1),(795,7,2),(795,13,1),(795,14,2),(796,3,1),(796,8,1),(796,13,2),(796,14,3),(797,1,2),(797,3,2),(797,6,1),(797,13,1),(797,14,1),(797,17,3),(798,1,1),(798,2,3),(798,8,1),(798,12,3),(798,13,1),(798,14,1),(799,6,1),(799,12,1),(800,4,2),(800,5,3),(800,6,3),(800,9,3),(800,15,2),(800,17,3),(801,1,2),(801,8,1),(801,11,2),(801,15,3),(802,1,3),(802,7,3),(802,8,3),(802,15,2),(803,1,3),(803,6,1),(803,15,1),(804,2,3),(804,4,1),(804,5,1),(804,9,2),(804,15,2),(804,17,1),(805,10,2),(805,13,3),(805,15,2),(805,16,3),(806,4,2),(806,8,1),(806,12,3),(806,14,3),(807,1,3),(807,3,2),(807,9,2),(807,10,2),(807,13,2),(807,15,3),(808,4,3),(808,6,2),(808,9,2),(808,11,3),(809,2,1),(809,12,3),(809,16,1),(809,17,3),(810,2,2),(810,10,1),(810,17,2),(811,13,1),(812,11,1),(812,15,3),(813,2,1),(813,8,1),(813,12,2),(814,1,1),(814,11,1),(815,3,2),(815,5,1),(815,6,2),(815,9,2),(815,13,3),(815,17,2),(816,14,1),(817,3,2),(817,11,3),(817,15,1),(818,6,2),(819,3,3),(819,9,3),(819,10,1),(819,12,3),(819,16,3),(820,9,2),(821,2,2),(821,3,1),(822,1,1),(822,4,1),(822,10,2),(822,11,2),(822,13,2),(822,16,2),(823,7,1),(823,8,1),(823,11,1),(823,12,2),(823,15,2),(823,17,2),(824,3,3),(824,5,3),(824,10,2),(824,11,2),(824,12,3),(824,16,3),(825,10,2),(825,11,1),(825,14,3),(826,7,3),(826,9,1),(827,1,1),(827,6,2),(827,9,1),(828,11,2),(829,4,2),(829,10,1),(829,14,1),(830,7,3),(830,15,3),(831,3,1),(831,6,3),(831,10,2),(831,12,1),(831,13,2),(832,8,1),(832,9,1),(832,12,1),(832,15,3),(833,6,2),(833,8,2),(833,10,2),(833,11,2),(833,12,3),(833,15,1),(834,14,1),(834,16,2),(835,16,3),(836,2,2),(836,7,2),(836,9,3),(836,10,3),(836,15,3),(837,1,3),(837,5,2),(837,6,3),(837,9,2),(837,16,2),(837,17,2),(838,7,1),(838,10,3),(838,12,3),(839,1,2),(839,5,1),(839,7,2),(839,9,2),(839,12,2),(839,14,3),(840,2,1),(840,14,2),(841,1,3),(841,2,2),(841,5,1),(841,8,3),(841,10,2),(841,15,3),(842,12,1),(843,8,1),(843,11,1),(844,11,3),(844,14,2),(845,1,3),(845,7,1),(846,3,2),(846,8,1),(846,12,2),(846,16,2),(847,2,3),(848,4,2),(848,9,3),(848,10,1),(848,11,1),(849,16,2),(850,4,3),(850,10,2),(850,15,2),(851,1,3),(851,3,3),(851,4,3),(851,11,1),(851,14,2),(851,15,2),(852,6,2),(852,9,1),(852,11,1),(852,12,3),(853,2,3),(853,10,1),(853,11,3),(853,13,2),(854,5,2),(854,14,2),(855,1,1),(855,4,1),(855,5,2),(855,9,3),(855,11,2),(855,14,1),(856,2,1),(856,3,2),(856,5,3),(856,6,3),(856,7,1),(857,5,1),(857,7,2),(857,10,2),(858,9,1),(858,17,3),(859,11,2),(860,2,3),(860,10,3),(861,3,3),(861,8,1),(861,12,3),(861,13,3),(861,17,2),(862,1,2),(862,13,1),(863,15,3),(864,7,1),(864,8,2),(864,12,1),(864,13,2),(864,16,2),(865,4,1),(865,5,3),(865,10,1),(865,11,3),(865,12,2),(865,16,3),(866,2,3),(866,9,2),(866,15,1),(867,15,1),(868,1,1),(868,4,3),(868,5,2),(868,10,1),(868,12,3),(868,16,2),(869,2,1),(869,10,2),(870,3,2),(870,8,1),(870,14,3),(870,16,3),(871,5,2),(872,4,2),(872,5,3),(872,7,1),(872,12,3),(872,15,3),(873,1,2),(873,5,3),(873,6,3),(873,7,2),(873,8,3),(873,11,1),(874,7,3),(874,8,3),(874,11,2),(874,13,1),(874,14,2),(875,1,1),(875,7,2),(875,13,2),(876,6,2),(876,7,1),(876,9,1),(876,11,3),(877,1,1),(877,9,1),(877,14,1),(877,15,1),(878,2,3),(878,7,1),(878,8,1),(878,10,1),(878,11,3),(878,12,1),(879,1,2),(879,3,1),(879,5,3),(879,8,1),(879,10,1),(879,17,2),(880,8,1),(880,9,3),(880,13,3),(880,14,3),(880,15,3),(880,16,1),(881,5,2),(881,6,3),(881,9,2),(881,10,1),(881,17,2),(882,3,1),(882,6,1),(882,7,3),(883,2,1),(884,4,2),(884,8,1),(884,11,1),(884,12,1),(884,15,1),(884,17,1),(885,2,2),(885,14,1),(886,1,1),(886,8,3),(886,12,3),(886,13,2),(887,3,2),(887,5,1),(887,13,2),(887,14,2),(887,17,1),(888,1,1),(888,8,2),(888,13,2),(889,1,1),(889,2,3),(889,17,1),(890,1,3),(890,3,3),(890,6,3),(890,9,3),(890,11,3),(890,13,1),(891,7,1),(891,14,2),(892,17,3),(893,10,2),(894,1,2),(894,2,3),(894,4,1),(894,7,1),(894,10,2),(895,6,2),(895,9,1),(895,10,2),(895,12,2),(895,13,2),(895,17,3),(896,2,1),(896,3,1),(896,7,2),(896,9,3),(896,15,1),(896,17,1),(897,7,2),(897,8,1),(897,9,2),(897,11,2),(897,14,3),(897,16,2),(898,8,2),(898,11,2),(898,12,1),(898,15,2),(899,1,2),(899,8,2),(899,13,2),(900,3,2),(900,5,3),(900,9,3),(900,11,2),(900,13,2),(900,14,1),(901,1,1),(901,9,2),(901,14,1),(901,17,3),(902,5,3),(902,7,2),(903,2,2),(903,11,3),(903,16,2),(903,17,2),(904,3,3),(904,15,2),(905,4,1),(905,5,2),(905,9,2),(905,15,1),(906,3,2),(906,9,1),(906,13,2),(906,16,3),(907,14,2),(908,9,3),(908,12,2),(908,13,3),(909,7,2),(910,5,2),(910,7,1),(911,1,3),(911,6,1),(911,9,2),(911,11,2),(911,12,3),(911,14,3),(912,9,2),(913,4,3),(913,15,3),(914,2,2),(914,3,3),(914,5,3),(914,7,3),(914,13,3),(915,4,3),(915,7,1),(915,8,2),(915,12,1),(915,14,2),(915,16,2),(916,2,1),(916,5,3),(916,10,3),(916,12,2),(916,16,3),(916,17,2),(917,2,2),(917,4,1),(917,6,1),(917,7,2),(917,15,3),(917,17,2),(918,7,3),(918,11,1),(919,7,1),(919,17,2),(920,11,3),(921,1,2),(921,5,2),(921,6,2),(921,10,3),(922,3,2),(922,5,1),(922,9,1),(922,14,2),(922,17,1),(923,12,3),(924,1,2),(924,2,3),(924,10,3),(924,13,2),(924,16,3),(924,17,1),(925,2,2),(925,6,3),(925,12,3),(925,13,3),(925,14,1),(926,3,1),(926,5,2),(926,9,3),(926,10,1),(926,15,3),(926,16,3),(927,1,1),(927,3,2),(927,11,3),(927,16,1),(928,1,3),(928,7,3),(928,12,3),(928,15,3),(928,16,1),(928,17,1),(929,2,3),(929,3,2),(929,7,3),(929,9,1),(929,13,1),(930,7,1),(931,3,3),(931,4,2),(931,7,2),(931,10,2),(931,11,3),(931,13,3),(932,5,3),(932,10,3),(932,12,3),(932,13,1),(933,17,2),(934,1,1),(934,3,2),(934,5,1),(934,6,1),(935,2,3),(935,7,1),(935,13,1),(935,16,2),(936,5,3),(937,10,3),(937,12,3),(937,13,3),(937,16,2),(937,17,1),(938,10,1),(938,15,2),(939,8,1),(940,9,1),(940,10,3),(940,11,1),(940,13,1),(940,14,2),(940,15,2),(941,3,2),(941,10,2),(942,1,1),(942,7,1),(942,13,1),(942,14,3),(942,16,2),(943,3,1),(943,8,2),(944,1,3),(944,2,3),(944,4,2),(944,15,3),(945,3,3),(945,5,2),(945,7,3),(945,12,3),(945,15,1),(945,16,2),(946,1,3),(946,7,1),(946,10,3),(946,13,3),(947,14,1),(948,8,3),(948,16,3),(949,7,2),(950,5,2),(951,1,3),(951,12,1),(951,14,2),(952,1,2),(952,2,2),(952,7,3),(952,8,3),(952,10,2),(952,11,1),(953,16,3),(954,5,3),(955,2,1),(956,1,1),(956,5,2),(956,7,2),(956,10,1),(956,13,1),(956,15,3),(957,1,3),(957,6,2),(957,8,3),(958,2,3),(958,4,2),(958,6,3),(958,7,3),(958,17,3),(959,2,1),(959,9,3),(959,10,2),(959,11,1),(959,15,2),(960,2,2),(960,5,2),(960,8,3),(960,10,3),(960,16,1),(961,15,3),(962,9,2),(962,15,2),(962,16,1),(962,17,2),(963,2,2),(963,7,2),(963,10,3),(963,13,2),(964,3,2),(964,13,1),(964,14,2),(965,7,2),(965,9,3),(966,3,2),(966,12,2),(966,17,1),(967,1,2),(967,8,1),(967,11,1),(967,14,2),(968,14,2),(969,1,2),(969,12,3),(970,1,3),(970,4,3),(970,10,1),(970,12,1),(970,17,1),(971,2,1),(971,3,2),(971,5,3),(971,14,1),(972,5,1),(972,7,1),(972,14,3),(973,2,1),(973,3,3),(973,10,1),(973,15,2),(973,16,3),(974,12,1),(975,7,1),(975,11,2),(975,12,3),(975,13,2),(976,4,1),(976,7,1),(976,8,2),(976,11,1),(976,12,3),(976,15,1),(977,13,3),(978,2,2),(978,6,3),(978,10,3),(978,12,2),(978,16,2),(979,3,1),(979,7,2),(979,8,3),(979,11,3),(979,16,1),(980,3,3),(980,4,1),(980,17,2),(981,1,2),(981,4,1),(981,12,3),(981,14,3),(982,4,3),(982,6,1),(982,10,1),(983,1,1),(984,1,3),(984,9,2),(984,11,1),(984,16,2),(985,6,1),(986,9,2),(987,9,2),(987,11,1),(987,12,2),(987,14,1),(987,16,2),(988,10,3),(989,1,2),(989,3,1),(989,7,3),(989,9,2),(989,13,2),(989,16,3),(990,2,1),(990,3,1),(990,4,1),(990,16,3),(991,5,1),(991,13,1),(991,16,3),(991,17,2),(992,1,1),(992,9,1),(992,11,1),(993,9,3),(994,3,3),(994,7,3),(994,8,3),(994,13,1),(995,2,2),(995,8,2),(995,10,1),(995,14,3),(995,17,1),(996,4,2),(996,11,1),(996,12,1),(996,16,1),(997,8,2),(997,9,2),(997,12,1),(997,17,2),(998,1,2),(998,9,2),(998,10,3),(998,11,1),(998,17,1),(999,17,3),(1000,1,1),(1000,2,2),(1000,3,2),(1000,14,2);
/*!40000 ALTER TABLE `Orders_items` ENABLE KEYS */;
UNLOCK TABLES;

--
-- Table structure for table `Pays`
--

DROP TABLE IF EXISTS `Pays`;
/*!40101 SET @saved_cs_client     = @@character_set_client */;
/*!40101 SET character_set_client = utf8 */;
CREATE TABLE `Pays` (
  `id` int(11) NOT NULL,
  `pays` varchar(255) NOT NULL,
  PRIMARY KEY (`id`)
) ENGINE=InnoDB DEFAULT CHARSET=latin1;
/*!40101 SET character_set_client = @saved_cs_client */;

--
-- Dumping data for table `Pays`
--

LOCK TABLES `Pays` WRITE;
/*!40000 ALTER TABLE `Pays` DISABLE KEYS */;
INSERT INTO `Pays` VALUES (1,'France'),(2,'Espagne'),(3,'Allemagne');
/*!40000 ALTER TABLE `Pays` ENABLE KEYS */;
UNLOCK TABLES;

--
-- Table structure for table `Personnel`
--

DROP TABLE IF EXISTS `Personnel`;
/*!40101 SET @saved_cs_client     = @@character_set_client */;
/*!40101 SET character_set_client = utf8 */;
CREATE TABLE `Personnel` (
  `id` int(11) NOT NULL AUTO_INCREMENT,
  `prenom` varchar(255) NOT NULL,
  `nom` varchar(255) NOT NULL,
  `adresse` varchar(255) NOT NULL,
  `experience` float NOT NULL,
  `rib` varchar(255) NOT NULL,
  PRIMARY KEY (`id`)
) ENGINE=InnoDB AUTO_INCREMENT=151 DEFAULT CHARSET=latin1;
/*!40101 SET character_set_client = @saved_cs_client */;

--
-- Dumping data for table `Personnel`
--

LOCK TABLES `Personnel` WRITE;
/*!40000 ALTER TABLE `Personnel` DISABLE KEYS */;
INSERT INTO `Personnel` VALUES (1,'Luce','Bazin','7, rue Didier 94738 Martinez',2,'FR9167802453548445429208949'),(2,'Guy','Guibert','69, rue Morvan 11055 Roche',3,'FR8974811545045085124614711'),(3,'Matthieu','Munoz','94, rue Rene Fontaine 00865 Saint Julien',4,'FR2260250589648070310733902'),(4,'Gilles','Courtois','38, boulevard de Robin 06222 Leduc',3,'FR2435505454505901909213607'),(5,'Laurent','Lefort','81, boulevard Voisin 18753 Sainte Aimeboeuf',4,'FR0758637469497432729883257'),(6,'Roger','Robin','432, boulevard Guillet 18501 FouquetBourg',3,'FR6054956431752300688942179'),(7,'Nicole','Perez','575, rue Arnaude Teixeira 04058 Parentboeuf',2,'FR5744237491009503965998673'),(8,'Thierry','Duval','557, avenue Patrick Dumas 89323 Colin',3,'FR5578838357708530447818800'),(9,'Anne','Chevalier','81, rue Hernandez 04843 Lacroixboeuf',4,'FR4402977823096635504609481'),(10,'Luce','Monnier','2, rue Sanchez 31666 Perrier-sur-Mathieu',3,'FR9364708875674097528195287'),(11,'Marc','Wagner','95, chemin de Da Costa 97034 Guyot',4,'FR7627974244852852775466221'),(12,'Pauline','Guillaume','30, avenue Rousseau 89444 Roy',4,'FR4106065668232124968030876'),(13,'Joseph','Gautier','30, rue Diallo 16366 Ledoux',3,'FR3831956681732166189010142'),(14,'Olivier','Perrot','2, boulevard Fabre 20045 ColinBourg',4,'FR6333216284646723747327839'),(15,'Agathe','Toussaint','834, rue Sabine Labb 78279 Bouvetdan',2,'FR2553614993186799781748378'),(16,'Grgoire','Lacombe','726, rue Lamy 26490 Sainte Christiane-les-Bains',4,'FR3218572994155063401668150'),(17,'lise','Laine','815, rue de Rolland 03581 Nol-sur-Mer',3,'FR3857070826245369770536672'),(18,'Gabrielle','Faure','8, rue Roger Moulin 99768 Pires',3,'FR3035391342946018591858477'),(19,'Xavier','Grenier','chemin mile Olivier 01244 Collin',4,'FR6146092521291437763373443'),(20,'Jeanne','Maillard','61, chemin Bertrand 27419 Sainte Aurlie-les-Bains',2,'FR9686346365047145386655311'),(21,'Michelle','Picard','14, avenue Jules Peltier 76801 Lebretondan',3,'FR3314473956090020491037447'),(22,'Anne','Costa','3, chemin Pires 07560 MercierVille',3,'FR5393071387380480285767487'),(23,'douard','Hernandez','12, rue Lefort 16604 Marchanddan',3,'FR8099728769667869290438669'),(24,'Marie','Auger','48, rue Dupuy 59519 Couturier-sur-Leroux',4,'FR3627750790213884401717928'),(25,'Maurice','Jacob','9, boulevard Margaux Prvost 84246 Neveu-les-Bains',3,'FR5260985607200665170262195'),(26,'Denis','Costa','63, boulevard de Maurice 47623 Verdier',3,'FR8211346986051871792106523'),(27,'Virginie','Delattre','28, rue Barbe 48130 Poulain',2,'FR2426863661211275688915859'),(28,'Martin','Royer','921, chemin Le Goff 57405 Rey-sur-Leblanc',3,'FR3459085914706447273050360'),(29,'Lucas','Louis','84, boulevard Rmy 48131 Sainte Roger',4,'FR0990888823799333478659301'),(30,'Louis','Simon','71, chemin Leroy 92591 Gros',4,'FR2806569021047620632242837'),(31,'Agns','Jacques','56, avenue Benjamin Techer 03984 Deschamps',4,'FR6278662870757788310922555'),(32,'Lucy','Vidal','202, rue lise Laroche 29610 Maillard',4,'FR3718535395086904781222039'),(33,'Ccile','Pottier','366, boulevard Vallet 17620 Sainte Adlade-la-Fort',3,'FR1212174736588710141745762'),(34,'Josette','Monnier','576, rue de Faure 99103 Lecomte-les-Bains',4,'FR6457836336171350322829047'),(35,'Victoire','Teixeira','8, rue Simon 22518 Nol-sur-Mer',4,'FR7509752745769551927850816'),(36,'Arthur','Royer','8, avenue de Grard 58976 Pierre',3,'FR2039983463926067488233142'),(37,'Claire','Godard','64, boulevard Gomez 19062 Saint Patricia',3,'FR6391819823458086882609895'),(38,'Grgoire','Germain','53, boulevard Renard 33353 Meunier',4,'FR1273138496957133074190339'),(39,'Susan','Pierre','63, rue Boyer 20669 Thomasnec',4,'FR7212678289448546912517797'),(40,'Gilles','Legrand','2, boulevard de Guillou 54048 Fabre-sur-Renault',4,'FR3607174643755111883075653'),(41,'Vronique','Baudry','25, chemin Victor Munoz 87647 Sainte Margaud',2,'FR1445412861938874065915044'),(42,'Dorothe','Morel','39, rue Nguyen 13834 Simon-sur-Arnaud',4,'FR9702995002414482268779709'),(43,'Martine','Michaud','41, chemin Pinto 34284 Grenier-les-Bains',4,'FR7341418137253850683177845'),(44,'Juliette','Gurin','rue Leroy 45227 Royer-sur-Mer',2,'FR1870989463848009875213876'),(45,'Aurore','Mace','9, boulevard de Leconte 36369 Vasseur',3,'FR5227719998038304761273404'),(46,'Thierry','Dupuy','6, rue Mathieu 95625 Benard',3,'FR1777167067582838955792742'),(47,'Stphanie','Dumas','75, chemin Jeanne Jacob 98699 Lvque',2,'FR2603327030069154158667770'),(48,'dith','Lematre','37, avenue Philippe Samson 44414 Hoareau',3,'FR8759265571545146546126082'),(49,'Margot','Menard','46, boulevard de Faure 23846 Saint Patriciadan',4,'FR8650114506905877648866525'),(50,'Patrick','Riou','41, rue Gimenez 07364 Godard',2,'FR2392086212662879406090002'),(51,'Eugne','Lefvre','22, boulevard lonore Martineau 87198 Roche-sur-Bonneau',4,'FR8153312364397404075655133'),(52,'Gabriel','Leblanc','91, avenue de Grgoire 54296 Jacquet',3,'FR3404273517535957696431787'),(53,'Denise','Poirier','46, rue Maillard 17380 Cordierboeuf',3,'FR2622498539614985747029881'),(54,'Franck','Faivre','boulevard Lelivre 33844 Blanchard',4,'FR6050742621349752665443600'),(55,'Guillaume','Dubois','1, boulevard Clmence tienne 64807 Saint Laetitianec',2,'FR7903557176212311773129854'),(56,'Gilbert','Bourgeois','chemin de David 84359 Laine',2,'FR9854802540098429041486053'),(57,'Alfred','Muller','81, rue de Maillot 79815 RousseauVille',4,'FR3209011370433443042082404'),(58,'Manon','Aubry','73, avenue Collin 58133 Hoarau',1,'FR1595566633802879735829961'),(59,'Odette','Becker','478, rue de Rocher 90085 Ferreira',4,'FR6659401024199173919258578'),(60,'Franoise','Blanchard','5, avenue Lebon 74624 Sainte Caroline-sur-Mer',2,'FR2469127211718639147274409'),(61,'Gilles','Delahaye','rue Simone Moulin 21793 Sainte Jeannine',4,'FR4630482327705648023779192'),(62,'Marcel','Jacob','7, boulevard Brigitte Renard 10749 Nicolas',4,'FR7875673934417559652069746'),(63,'Alexandrie','Lvque','69, rue Blanchet 69793 Giraud-la-Fort',4,'FR3753656789732548511073604'),(64,'Michle','Thibault','43, avenue Philippine Carlier 64747 Bernier-la-Fort',3,'FR0911650975979924477503493'),(65,'Olivier','Charpentier','55, boulevard Christelle Bgue 08418 Gillet-sur-Weber',2,'FR1218132529188423263654411'),(66,'milie','Lecoq','990, rue Klein 71415 Olivier',3,'FR5007131652492829771122868'),(67,'lise','Lvy','boulevard de Durand 47124 Sainte Charles',1,'FR7711258746394515221881837'),(68,'Grgoire','Rodriguez','avenue Susan Rolland 91047 Aubry-les-Bains',3,'FR9524265041081668286660588'),(69,'Gilbert','Morel','52, chemin Barbier 73294 Riouboeuf',4,'FR4535605635784609468041885'),(70,'Andre','Pinto','84, boulevard Mace 46441 Saint MaryseVille',4,'FR9785558149831776532969115'),(71,'William','Lebrun','1, chemin Chevallier 81623 Sainte Nathalie',4,'FR2136549454489048025074408'),(72,'Patrick','Blot','147, avenue de Carre 67725 Lamyboeuf',3,'FR6054946486179366275990858'),(73,'Marthe','Alexandre','32, rue de Benard 35105 De Sousa',3,'FR8951663783681562438043773'),(74,'dith','Masse','83, rue de Nicolas 67038 Robinboeuf',3,'FR4314071237947516476086443'),(75,'Susan','Duval','7, chemin Aime Poirier 58308 Tessier',4,'FR7559647062900306940419810'),(76,'Nathalie','Dufour','71, rue de Dos Santos 89395 Leleu',4,'FR6034507485064247742034416'),(77,'Claudine','Marques','439, rue Ccile Royer 05834 Ferrand-les-Bains',1,'FR4229462029340481897435644'),(78,'Alexandrie','Barbe','50, chemin Perez 00719 Le Roux-sur-Schmitt',4,'FR1190089124532826928029148'),(79,'Isaac','Legendre','884, chemin Chevallier 51021 Sainte Thibaut',4,'FR9307254589395779319207523'),(80,'Maryse','Baron','rue de Mahe 86593 Guilbert-sur-Baron',3,'FR3487678185598211402971362'),(81,'Audrey','Auger','782, avenue de Boucher 96200 HuetVille',2,'FR3438087631223335079646204'),(82,'Georges','Muller','22, avenue de Letellier 04739 Cordier-les-Bains',3,'FR8197480893656849703601785'),(83,'Frdrique','Dumont','73, boulevard Neveu 61226 Renard',3,'FR8547723902727191343485061'),(84,'Marcelle','Simon','57, avenue Lebreton 92170 Prvost',3,'FR2776886508070798470242686'),(85,'Hugues','Barbier','boulevard de Lucas 52573 Guillot-sur-Lucas',2,'FR1375720233574864267876735'),(86,'Nicole','Evrard','63, chemin Anas Fournier 46527 Mahe',4,'FR8409303077613156977493094'),(87,'Michelle','Gilles','322, rue Rmy Bigot 95490 Meyer',4,'FR2204784317996642202535814'),(88,'Daniel','Leclercq','87, avenue de Roux 10420 Duval-sur-Laporte',4,'FR0329593231526244606722912'),(89,'Thibaut','Maillet','34, rue de Masson 98350 Faure-la-Fort',3,'FR1780585918595118050163278'),(90,'Gilbert','Thierry','114, rue de Chevallier 42262 Maillet-sur-Lebreton',3,'FR7490025240141236830065023'),(91,'Philippe','Peron','48, avenue de Aubry 58429 Baron-les-Bains',2,'FR4810137912579879364863423'),(92,'Gilbert','Payet','19, rue de Legrand 94969 Berger',3,'FR1569953844527578923790737'),(93,'Marie','Fournier','32, rue de Vallet 05949 Perez-sur-Mer',4,'FR1936707360797577643966498'),(94,'Philippine','Salmon','boulevard Diane Da Costa 47328 Chauvin',4,'FR7446818252336352323930158'),(95,'Martin','Lefort','3, rue Gros 51716 Guyonnec',3,'FR0221094664202179552560164'),(96,'Nathalie','Dupr','3, rue Marchal 59356 Delahaye',4,'FR1645880430652221540266140'),(97,'Robert','Herv','chemin de Meunier 12587 Vaillantdan',4,'FR3773705044693290773900990'),(98,'Vincent','Benard','7, avenue Madeleine Godard 75623 Lelivre-sur-Sauvage',4,'FR3979444063092585666127348'),(99,'Maurice','Lambert','35, rue Cline Chauveau 93919 Rousseau',3,'FR7118371618307351237688129'),(100,'Timothe','Benard','519, rue Franois Carre 24133 Barre',2,'FR4331872183390518960642531'),(101,'Patricia','Verdier','boulevard Pnlope Bousquet 27980 NeveuVille',3,'FR1759539997362740718166066'),(102,'Benjamin','Lemonnier','avenue de Lemoine 35210 Saint Chantal',3,'FR2006661368417781108042027'),(103,'Matthieu','Samson','185, chemin Arnaude Besnard 85840 Lombard',4,'FR4469162770628296352285021'),(104,'Louis','Duval','28, chemin de Morvan 03482 Marques-sur-Bodin',3,'FR9250759444741552707677460'),(105,'Simone','Gomes','boulevard Andre 52130 Sainte Guillaume',3,'FR4470777592537398613509700'),(106,'Thomas','Daniel','99, boulevard Chrtien 78413 Millet',4,'FR6654643419780171514304972'),(107,'Adrien','Poulain','62, boulevard de Moreau 06058 Sainte Emmanuel-sur-Mer',3,'FR8533596624712716109179191'),(108,'Simone','Buisson','60, chemin Ins Arnaud 71864 Mends-sur-Mer',4,'FR5322434848451291936605870'),(109,'Augustin','Lejeune','92, boulevard de Lucas 57001 Dufour',3,'FR7707027183760585550472736'),(110,'Clmence','Potier','8, boulevard de Perrin 59537 Teixeira-les-Bains',3,'FR3678124312472835439874913'),(111,'Martin','Baron','avenue Leconte 24924 Roche',3,'FR5715456625226304148147057'),(112,'David','Albert','59, avenue Blondel 32491 Salmon-sur-Mathieu',1,'FR8674018702541990377280062'),(113,'Margaux','Masse','78, boulevard Hugues Labb 72347 Mallet-sur-Mer',3,'FR1755844712011789309886880'),(114,'Danielle','Maillard','5, avenue de tienne 70029 Carre',3,'FR0817184248425793038453009'),(115,'Constance','Blanchet','5, avenue Vronique Jacob 50583 De SousaVille',4,'FR6224641560088775412513941'),(116,'William','Delannoy','88, rue Alix Marty 13099 Rodriguez-la-Fort',4,'FR5846031160521891924119351'),(117,'ric','Rmy','675, chemin de Martin 18742 Valletdan',2,'FR5803509282847767369603802'),(118,'Bernadette','Marques','16, rue de Ollivier 37224 Hoareaunec',4,'FR7854752246209115002383784'),(119,'Tristan','Valentin','4, rue de Leconte 18723 Valentinboeuf',4,'FR4154750025198049490988695'),(120,'Maggie','Bruneau','53, rue Ferreira 81781 Saint Suzannedan',4,'FR3162065759137814941001662'),(121,'Valrie','Delmas','373, boulevard de Ribeiro 56189 Guyon',4,'FR5615475289289787943209968'),(122,'Raymond','Aubert','67, rue Schneider 26352 Sainte ChristopheBourg',4,'FR2586142446905244067476501'),(123,'Claudine','Royer','65, boulevard Mercier 06676 Marques',4,'FR0201618433039142100599808'),(124,'Suzanne','Chauvin','80, rue de Grondin 16174 Saint Alphonsenec',2,'FR5591770067365765168898455'),(125,'Andr','Arnaud','892, boulevard Brunet 89733 Georges',2,'FR4278860751992591704149125'),(126,'Dominique','Gaudin','68, chemin Franois Mary 18991 Prvost-sur-Roussel',3,'FR1283744128976215179733508'),(127,'Georges','Foucher','92, boulevard de Pruvost 08387 Bgue',3,'FR4780195473994340864540380'),(128,'ric','Nguyen','1, boulevard Adle Nicolas 69326 Poirier',3,'FR6923268150129988793929278'),(129,'Sylvie','Deschamps','chemin Claire Pons 03093 Sainte lisabethdan',4,'FR4397941037854621576870901'),(130,'Julien','Gautier','rue Carre 49006 Dupuis',4,'FR7307430966273690780408225'),(131,'Benot','Leblanc','573, chemin Berthelot 19001 Saint dithboeuf',3,'FR5521147521531870633022157'),(132,'Amlie','Gilles','321, avenue Jrme Moreno 17500 Aubert',3,'FR2306178246459000513645908'),(133,'Henriette','Lvy','40, boulevard Teixeira 57921 Ollivier',4,'FR2871872317773245212000591'),(134,'Ccile','Dupr','45, boulevard de Le Roux 01146 Julien',3,'FR0816123866105652932434901'),(135,'lodie','Guillot','724, boulevard Fernandez 88908 Blanchard',3,'FR5828509003766657273733231'),(136,'Michelle','Diaz','41, rue Bernier 12515 Saint Stphanie',3,'FR9798124874063315971958862'),(137,'Charlotte','Faure','9, chemin de Martineau 00075 Tessier',3,'FR6686641957416657661862701'),(138,'Marcelle','Michel','6, avenue de Ledoux 78403 Lemaire-sur-Imbert',4,'FR7730681955788789751113915'),(139,'Martin','Bailly','84, chemin Schneider 87535 Lefebvre-sur-Langlois',3,'FR1948020545335565358454715'),(140,'Franois','Albert','45, chemin Joseph 86945 Clercdan',4,'FR2988728796933779324125135'),(141,'Benot','Fouquet','88, rue de Bonnin 96044 Sainte Dorotheboeuf',3,'FR5637719113871289234115307'),(142,'Arnaude','Sanchez','71, rue Huet 01627 Sainte Nol',2,'FR2173239931177439421803095'),(143,'Philippine','Lesage','336, rue Gallet 50757 Antoine',2,'FR0630593353070875527676564'),(144,'Lucas','Berthelot','24, rue Maurice 90797 Dupont',2,'FR9123333085625360556364142'),(145,'Laurence','Legendre','20, rue Agathe Baudry 47739 Saint Sbastien',4,'FR7836014194232259358346856'),(146,'Roland','Cordier','1, rue Claire Fournier 81964 Sainte Christellenec',4,'FR8145789614817528440864945'),(147,'mile','Labb','9, rue de Pasquier 67861 Saint Camille-la-Fort',4,'FR3055980549697382388902350'),(148,'Charlotte','Jacquet','avenue Vronique Carre 86097 Cohen',2,'FR0741211095067794252465657'),(149,'Olivier','De Oliveira','42, rue Sanchez 48319 Benard-les-Bains',4,'FR5589224937835506672043656'),(150,'Denise','Sauvage','72, chemin Philippe Nguyen 48571 Le Gall',3,'FR4087010158809840724124693');
/*!40000 ALTER TABLE `Personnel` ENABLE KEYS */;
UNLOCK TABLES;

--
-- Table structure for table `Recettes`
--

DROP TABLE IF EXISTS `Recettes`;
/*!40101 SET @saved_cs_client     = @@character_set_client */;
/*!40101 SET character_set_client = utf8 */;
CREATE TABLE `Recettes` (
  `item_id` int(11) NOT NULL,
  `ing_id` int(11) NOT NULL,
  `unites` double NOT NULL,
  UNIQUE KEY `item_id` (`item_id`,`ing_id`),
  KEY `Recettes_fk1` (`ing_id`),
  CONSTRAINT `Recettes_fk0` FOREIGN KEY (`item_id`) REFERENCES `Items` (`id`) ON DELETE CASCADE,
  CONSTRAINT `Recettes_fk1` FOREIGN KEY (`ing_id`) REFERENCES `Ingredients` (`id`) ON DELETE CASCADE
) ENGINE=InnoDB DEFAULT CHARSET=latin1;
/*!40101 SET character_set_client = @saved_cs_client */;

--
-- Dumping data for table `Recettes`
--

LOCK TABLES `Recettes` WRITE;
/*!40000 ALTER TABLE `Recettes` DISABLE KEYS */;
INSERT INTO `Recettes` VALUES (1,1,1),(1,2,1),(1,3,0.1),(1,4,0.2),(1,5,1),(1,6,1),(1,9,1),(2,1,1),(2,2,2),(2,3,0.1),(2,4,0.2),(2,5,1),(2,6,2),(2,9,1),(3,7,1),(3,8,1),(3,9,1),(4,10,2),(4,11,0.2),(5,3,0.5),(5,6,1),(5,7,1),(5,12,0.3),(5,13,1),(6,14,1),(6,15,1),(7,14,1),(7,16,1),(8,17,0.3),(9,17,0.5),(10,17,0.8),(11,18,0.3),(12,18,0.5),(13,18,0.8);
/*!40000 ALTER TABLE `Recettes` ENABLE KEYS */;
UNLOCK TABLES;

--
-- Table structure for table `Restaurants`
--

DROP TABLE IF EXISTS `Restaurants`;
/*!40101 SET @saved_cs_client     = @@character_set_client */;
/*!40101 SET character_set_client = utf8 */;
CREATE TABLE `Restaurants` (
  `id` int(11) NOT NULL AUTO_INCREMENT,
  `code_postal` char(5) NOT NULL,
  `ville` varchar(12) NOT NULL,
  `pays_id` int(11) NOT NULL,
  `capacite` int(11) NOT NULL,
  `espace_enfant` tinyint(4) NOT NULL,
  `borneCB` tinyint(4) NOT NULL,
  `handicap` tinyint(4) NOT NULL,
  `parking` tinyint(4) NOT NULL,
  PRIMARY KEY (`id`),
  UNIQUE KEY `code_postal` (`code_postal`),
  UNIQUE KEY `ville` (`ville`),
  KEY `Restaurants_fk0` (`pays_id`),
  CONSTRAINT `Restaurants_fk0` FOREIGN KEY (`pays_id`) REFERENCES `Pays` (`id`) ON DELETE CASCADE
) ENGINE=InnoDB AUTO_INCREMENT=13 DEFAULT CHARSET=latin1;
/*!40101 SET character_set_client = @saved_cs_client */;

--
-- Dumping data for table `Restaurants`
--

LOCK TABLES `Restaurants` WRITE;
/*!40000 ALTER TABLE `Restaurants` DISABLE KEYS */;
INSERT INTO `Restaurants` VALUES (1,'64000','Pau',1,67,1,1,1,0),(2,'64100','Bayonne',1,94,1,0,0,0),(3,'64200','Anglet',1,85,1,1,0,1),(4,'64600','Biarritz',1,50,0,0,0,0),(5,'75000','Paris',1,59,0,1,0,0),(6,'69000','Lyon',1,63,0,0,0,1),(7,'13000','Marseille',1,91,1,1,1,1),(8,'08000','Barcelone',2,73,1,0,1,1),(9,'20000','Donostia',2,78,1,1,0,1),(10,'28000','Madrid',2,93,0,0,0,1),(11,'10115','Berlin',3,85,0,0,1,0),(12,'80331','Munich',3,43,1,0,0,0);
/*!40000 ALTER TABLE `Restaurants` ENABLE KEYS */;
UNLOCK TABLES;

--
-- Table structure for table `Stocks`
--

DROP TABLE IF EXISTS `Stocks`;
/*!40101 SET @saved_cs_client     = @@character_set_client */;
/*!40101 SET character_set_client = utf8 */;
CREATE TABLE `Stocks` (
  `ing_id` int(11) NOT NULL,
  `resto_id` int(11) NOT NULL,
  `unites` int(11) DEFAULT NULL,
  `statut` varchar(30) DEFAULT NULL,
  UNIQUE KEY `ing_id` (`ing_id`,`resto_id`),
  KEY `Stocks_fk1` (`resto_id`),
  CONSTRAINT `Stocks_fk0` FOREIGN KEY (`ing_id`) REFERENCES `Ingredients` (`id`) ON DELETE CASCADE,
  CONSTRAINT `Stocks_fk1` FOREIGN KEY (`resto_id`) REFERENCES `Restaurants` (`id`) ON DELETE CASCADE
) ENGINE=InnoDB DEFAULT CHARSET=latin1;
/*!40101 SET character_set_client = @saved_cs_client */;

--
-- Dumping data for table `Stocks`
--

LOCK TABLES `Stocks` WRITE;
/*!40000 ALTER TABLE `Stocks` DISABLE KEYS */;
INSERT INTO `Stocks` VALUES (1,1,1913,'OK'),(1,2,187,' commander : prioritaire'),(1,3,36,' commander : prioritaire'),(1,4,1880,'OK'),(1,5,104,' commander : prioritaire'),(1,6,784,'En stock'),(1,7,1189,'OK'),(1,8,1828,'OK'),(1,9,1356,'OK'),(1,10,361,' commander : urgence'),(1,11,1025,'OK'),(1,12,182,' commander : prioritaire'),(2,1,787,'En stock'),(2,2,585,' commander : pas d urgence'),(2,3,1883,'OK'),(2,4,1752,'OK'),(2,5,988,'En stock'),(2,6,1793,'OK'),(2,7,1010,'OK'),(2,8,120,' commander : prioritaire'),(2,9,140,' commander : prioritaire'),(2,10,1927,'OK'),(2,11,1650,'OK'),(2,12,961,'En stock'),(3,1,1979,'OK'),(3,2,1786,'OK'),(3,3,1107,'OK'),(3,4,1175,'OK'),(3,5,633,' commander : pas d urgence'),(3,6,103,' commander : prioritaire'),(3,7,401,' commander : urgence'),(3,8,1892,'OK'),(3,9,334,' commander : urgence'),(3,10,1097,'OK'),(3,11,1970,'OK'),(3,12,647,' commander : pas d urgence'),(4,1,230,' commander : prioritaire'),(4,2,997,'En stock'),(4,3,1736,'OK'),(4,4,1334,'OK'),(4,5,1032,'OK'),(4,6,725,' commander : pas d urgence'),(4,7,659,' commander : pas d urgence'),(4,8,1855,'OK'),(4,9,1090,'OK'),(4,10,610,' commander : pas d urgence'),(4,11,321,' commander : urgence'),(4,12,1194,'OK'),(5,1,1168,'OK'),(5,2,406,' commander : urgence'),(5,3,660,' commander : pas d urgence'),(5,4,1166,'OK'),(5,5,1270,'OK'),(5,6,405,' commander : urgence'),(5,7,1211,'OK'),(5,8,493,' commander : urgence'),(5,9,162,' commander : prioritaire'),(5,10,803,'En stock'),(5,11,1219,'OK'),(5,12,1094,'OK'),(6,1,704,' commander : pas d urgence'),(6,2,726,' commander : pas d urgence'),(6,3,1638,'OK'),(6,4,329,' commander : urgence'),(6,5,43,' commander : prioritaire'),(6,6,446,' commander : urgence'),(6,7,1012,'OK'),(6,8,1877,'OK'),(6,9,74,' commander : prioritaire'),(6,10,995,'En stock'),(6,11,1177,'OK'),(6,12,866,'En stock'),(7,1,1795,'OK'),(7,2,1931,'OK'),(7,3,881,'En stock'),(7,4,561,' commander : pas d urgence'),(7,5,1010,'OK'),(7,6,1034,'OK'),(7,7,1488,'OK'),(7,8,745,' commander : pas d urgence'),(7,9,1103,'OK'),(7,10,899,'En stock'),(7,11,0,' commander : rupture de stock'),(7,12,0,' commander : rupture de stock'),(8,1,445,' commander : urgence'),(8,2,88,' commander : prioritaire'),(8,3,1269,'OK'),(8,4,1404,'OK'),(8,5,1308,'OK'),(8,6,460,' commander : urgence'),(8,7,1525,'OK'),(8,8,857,'En stock'),(8,9,1069,'OK'),(8,10,1206,'OK'),(8,11,0,' commander : rupture de stock'),(8,12,0,' commander : rupture de stock'),(9,1,280,' commander : urgence'),(9,2,1381,'OK'),(9,3,170,' commander : prioritaire'),(9,4,228,' commander : prioritaire'),(9,5,838,'En stock'),(9,6,1335,'OK'),(9,7,287,' commander : urgence'),(9,8,1706,'OK'),(9,9,1464,'OK'),(9,10,1286,'OK'),(9,11,1517,'OK'),(9,12,1141,'OK'),(10,1,1988,'OK'),(10,2,514,' commander : pas d urgence'),(10,3,256,' commander : urgence'),(10,4,1599,'OK'),(10,5,1048,'OK'),(10,6,1888,'OK'),(10,7,665,' commander : pas d urgence'),(10,8,0,' commander : rupture de stock'),(10,9,0,' commander : rupture de stock'),(10,10,0,' commander : rupture de stock'),(10,11,1007,'OK'),(10,12,1338,'OK'),(11,1,993,'En stock'),(11,2,1111,'OK'),(11,3,1946,'OK'),(11,4,512,' commander : pas d urgence'),(11,5,128,' commander : prioritaire'),(11,6,17,' commander : prioritaire'),(11,7,1526,'OK'),(11,8,0,' commander : rupture de stock'),(11,9,0,' commander : rupture de stock'),(11,10,0,' commander : rupture de stock'),(11,11,1754,'OK'),(11,12,1301,'OK'),(12,1,1452,'OK'),(12,2,1527,'OK'),(12,3,76,' commander : prioritaire'),(12,4,1946,'OK'),(12,5,1225,'OK'),(12,6,683,' commander : pas d urgence'),(12,7,1730,'OK'),(12,8,1193,'OK'),(12,9,559,' commander : pas d urgence'),(12,10,1408,'OK'),(12,11,0,' commander : rupture de stock'),(12,12,0,' commander : rupture de stock'),(13,1,1801,'OK'),(13,2,1121,'OK'),(13,3,19,' commander : prioritaire'),(13,4,611,' commander : pas d urgence'),(13,5,1935,'OK'),(13,6,492,' commander : urgence'),(13,7,1356,'OK'),(13,8,1914,'OK'),(13,9,1025,'OK'),(13,10,592,' commander : pas d urgence'),(13,11,0,' commander : rupture de stock'),(13,12,0,' commander : rupture de stock'),(14,1,1100,'OK'),(14,2,1245,'OK'),(14,3,191,' commander : prioritaire'),(14,4,1821,'OK'),(14,5,401,' commander : urgence'),(14,6,827,'En stock'),(14,7,530,' commander : pas d urgence'),(14,8,458,' commander : urgence'),(14,9,1426,'OK'),(14,10,1178,'OK'),(14,11,1826,'OK'),(14,12,558,' commander : pas d urgence'),(15,1,1719,'OK'),(15,2,1901,'OK'),(15,3,862,'En stock'),(15,4,987,'En stock'),(15,5,425,' commander : urgence'),(15,6,367,' commander : urgence'),(15,7,189,' commander : prioritaire'),(15,8,0,' commander : rupture de stock'),(15,9,0,' commander : rupture de stock'),(15,10,0,' commander : rupture de stock'),(15,11,1033,'OK'),(15,12,798,'En stock'),(16,1,554,' commander : pas d urgence'),(16,2,1256,'OK'),(16,3,1040,'OK'),(16,4,272,' commander : urgence'),(16,5,485,' commander : urgence'),(16,6,1004,'OK'),(16,7,186,' commander : prioritaire'),(16,8,1199,'OK'),(16,9,233,' commander : prioritaire'),(16,10,194,' commander : prioritaire'),(16,11,1979,'OK'),(16,12,518,' commander : pas d urgence');
/*!40000 ALTER TABLE `Stocks` ENABLE KEYS */;
UNLOCK TABLES;

--
-- Dumping routines for database 'JunkFood_2021'
--
/*!40103 SET TIME_ZONE=@OLD_TIME_ZONE */;

/*!40101 SET SQL_MODE=@OLD_SQL_MODE */;
/*!40014 SET FOREIGN_KEY_CHECKS=@OLD_FOREIGN_KEY_CHECKS */;
/*!40014 SET UNIQUE_CHECKS=@OLD_UNIQUE_CHECKS */;
/*!40101 SET CHARACTER_SET_CLIENT=@OLD_CHARACTER_SET_CLIENT */;
/*!40101 SET CHARACTER_SET_RESULTS=@OLD_CHARACTER_SET_RESULTS */;
/*!40101 SET COLLATION_CONNECTION=@OLD_COLLATION_CONNECTION */;
/*!40111 SET SQL_NOTES=@OLD_SQL_NOTES */;

-- Dump completed on 2021-12-10 12:41:04
